Date,strategy_excess_return
1927-05-02,0.0035751270
1927-05-03,0.0098261270
1927-05-04,0.0103581270
1927-05-05,0.0038411270
1927-05-06,0.0037081270
1927-05-07,0.0038411270
1927-05-09,0.0026441270
1927-05-10,-0.0009468730
1927-05-11,-0.0018778730
1927-05-12,-0.0014788730
1927-05-13,0.0065011270
1927-05-14,0.0003831270
1927-05-16,-0.0097248730
1927-05-17,0.0062351270
1927-05-18,0.0067671270
1927-05-19,0.0026441270
1927-05-20,0.0058361270
1927-05-21,0.0030431270
1927-05-23,0.0019791270
1927-05-24,-0.0020108730
1927-05-25,0.0021121270
1927-05-26,0.0014471270
1927-05-27,0.0059691270
1927-05-28,0.0021121270
1927-05-31,0.0035751270
1927-06-01,0.0042401270
1927-06-02,0.0010481270
1927-06-03,-0.0117198730
1927-06-04,0.0057031270
1927-06-06,0.0067671270
1927-06-07,-0.0038728730
1927-06-08,0.0035751270
1927-06-09,0.0002501270
1927-06-10,-0.0050698730
1927-06-11,-0.0014788730
1927-06-14,-0.0199658730
1927-06-15,0.0116881270
1927-06-16,0.0082301270
1927-06-17,0.0021121270
1927-06-18,-0.0017448730
1927-06-20,-0.0024098730
1927-06-21,-0.0045378730
1927-06-22,-0.0002818730
1927-06-23,-0.0114538730
1927-06-24,0.0017131270
1927-06-25,-0.0013458730
1927-06-27,-0.0161088730
1927-06-28,0.0035751270
1927-06-29,0.0003831270
1927-06-30,-0.0012128730
1927-07-01,0.0086291270
1927-07-02,0.0074321270
1927-07-05,0.0111561270
1927-07-06,0.0080971270
1927-07-07,-0.0033408730
1927-07-08,-0.0025428730
1927-07-09,0.0022451270
1927-07-11,0.0051711270
1927-07-12,0.0043731270
1927-07-13,0.0035751270
1927-07-14,0.0055701270
1927-07-15,0.0034421270
1927-07-16,0.0021121270
1927-07-18,0.0023781270
1927-07-19,0.0034421270
1927-07-20,0.0058361270
1927-07-21,-0.0005478730
1927-07-22,-0.0006808730
1927-07-23,0.0022451270
1927-07-25,0.0054371270
1927-07-26,0.0033091270
1927-07-27,0.0009151270
1927-07-28,0.0018461270
1927-07-29,0.0066341270
1927-07-30,0.0062351270
1927-08-01,0.0071661270
1927-08-02,0.0082301270
1927-08-03,-0.0086608730
1927-08-04,0.0123531270
1927-08-05,-0.0079958730
1927-08-06,-0.0014788730
1927-08-08,-0.0143798730
1927-08-09,0.0123531270
1927-08-10,0.0030431270
1927-08-11,-0.0135818730
1927-08-12,-0.0207638730
1927-08-13,0.0118211270
1927-08-15,0.0166091270
1927-08-16,0.0082301270
1927-08-17,0.0042401270
1927-08-18,0.0003831270
1927-08-19,0.0019791270
1927-08-20,0.0046391270
1927-08-22,0.0046391270
1927-08-23,0.0006491270
1927-08-24,0.0026441270
1927-08-25,0.0002501270
1927-08-26,0.0030431270
1927-08-27,-0.0014788730
1927-08-29,-0.0004148730
1927-08-30,-0.0004148730
1927-08-31,-0.0065328730
1927-09-01,0.0106241270
1927-09-02,0.0076981270
1927-09-03,0.0066341270
1927-09-06,0.0120871270
1927-09-07,0.0059691270
1927-09-08,0.0001171270
1927-09-09,-0.0083948730
1927-09-10,0.0058361270
1927-09-12,-0.0048038730
1927-09-13,0.0168751270
1927-09-14,0.0041071270
1927-09-15,0.0033091270
1927-09-16,0.0010481270
1927-09-17,-0.0037398730
1927-09-19,-0.0042718730
1927-09-20,0.0067671270
1927-09-21,-0.0016118730
1927-09-22,-0.0149118730
1927-09-23,0.0065011270
1927-09-24,0.0086291270
1927-09-26,-0.0126508730
1927-09-27,0.0030431270
1927-09-28,-0.0050698730
1927-09-29,0.0021121270
1927-09-30,0.0164761270
1927-10-01,0.0065011270
1927-10-03,0.0033091270
1927-10-04,-0.0052028730
1927-10-05,-0.0038728730
1927-10-06,0.0031761270
1927-10-07,-0.0098578730
1927-10-08,-0.0044048730
1927-10-10,-0.0067988730
1927-10-11,0.0005161270
1927-10-13,0.0091611270
1927-10-14,-0.0001488730
1927-10-15,0.0002501270
1927-10-17,-0.0167738730
1927-10-18,0.0045061270
1927-10-19,-0.0107888730
1927-10-20,-0.0134488730
1927-10-21,-0.0101238730
1927-10-22,-0.0093258730
1927-10-24,0.0049051270
1927-10-25,0.0211311270
1927-10-26,0.0006491270
1927-10-27,-0.0054688730
1927-10-28,-0.0193008730
1927-10-29,-0.0065328730
1927-10-31,0.0100921270
1927-11-01,-0.0001488730
1927-11-02,0.0132841270
1927-11-03,0.0148801270
1927-11-04,-0.0004148730
1927-11-05,0.0074321270
1927-11-07,0.0090281270
1927-11-09,-0.0103898730
1927-11-10,0.0030431270
1927-11-11,0.0115551270
1927-11-12,0.0045061270
1927-11-14,0.0066341270
1927-11-15,0.0014471270
1927-11-16,-0.0005478730
1927-11-17,0.0021121270
1927-11-18,0.0079641270
1927-11-19,0.0034421270
1927-11-21,-0.0069318730
1927-11-22,0.0049051270
1927-11-23,0.0038411270
1927-11-25,0.0031761270
1927-11-26,-0.0001488730
1927-11-28,-0.0099908730
1927-11-29,0.0087621270
1927-11-30,0.0065011270
1927-12-01,-0.0063998730
1927-12-02,0.0033091270
1927-12-03,0.0047721270
1927-12-05,-0.0053358730
1927-12-06,-0.0004148730
1927-12-07,-0.0066658730
1927-12-08,-0.0119858730
1927-12-09,0.0148801270
1927-12-10,0.0007821270
1927-12-12,0.0076981270
1927-12-13,0.0050381270
1927-12-14,-0.0049368730
1927-12-15,0.0069001270
1927-12-16,0.0087621270
1927-12-17,0.0006491270
1927-12-19,0.0038411270
1927-12-20,0.0002501270
1927-12-21,-0.0009468730
1927-12-22,-0.0008138730
1927-12-23,0.0026441270
1927-12-24,0.0018461270
1927-12-27,0.0001171270
1927-12-28,-0.0085278730
1927-12-29,0.0021121270
1927-12-30,0.0055701270
1927-12-31,0.0043731270
1928-01-03,0.0059691270
1928-01-04,-0.0020108730
1928-01-05,-0.0097248730
1928-01-06,0.0082301270
1928-01-07,0.0014471270
1928-01-09,-0.0118528730
1928-01-10,-0.0110548730
1928-01-11,0.0015801270
1928-01-12,0.0065011270
1928-01-13,0.0079641270
1928-01-14,-0.0089268730
1928-01-16,-0.0118528730
1928-01-17,0.0021121270
1928-01-18,-0.0040058730
1928-01-19,0.0075651270
1928-01-20,0.0074321270
1928-01-21,0.0027771270
1928-01-23,0.0080971270
1928-01-24,0.0035751270
1928-01-25,-0.0138478730
1928-01-26,0.0069001270
1928-01-27,0.0037081270
1928-01-28,-0.0065328730
1928-01-30,-0.0056018730
1928-01-31,0.0042401270
1928-02-01,-0.0033408730
1928-02-02,0.0058361270
1928-02-03,-0.0151778730
1928-02-04,0.0006491270
1928-02-06,0.0025111270
1928-02-07,-0.0036068730
1928-02-08,0.0010481270
1928-02-09,0.0061021270
1928-02-10,-0.0012128730
1928-02-11,-0.0002818730
1928-02-14,-0.0049368730
1928-02-15,-0.0038728730
1928-02-16,-0.0042718730
1928-02-17,-0.0220938730
1928-02-18,-0.0062668730
1928-02-20,-0.0021438730
1928-02-21,0.0138161270
1928-02-23,0.0030431270
1928-02-24,0.0045061270
1928-02-25,0.0014471270
1928-02-27,-0.0063998730
1928-02-28,0.0047721270
1928-02-29,0.0074321270
1928-03-01,0.0033091270
1928-03-02,0.0009151270
1928-03-03,0.0065011270
1928-03-05,0.0087621270
1928-03-06,0.0051711270
1928-03-07,-0.0057348730
1928-03-08,0.0054371270
1928-03-09,0.0164761270
1928-03-10,-0.0036068730
1928-03-12,0.0054371270
1928-03-13,-0.0040058730
1928-03-14,0.0015801270
1928-03-15,0.0095601270
1928-03-16,0.0128851270
1928-03-17,0.0022451270
1928-03-19,0.0017131270
1928-03-20,0.0059691270
1928-03-21,0.0112891270
1928-03-22,-0.0049368730
1928-03-23,0.0094271270
1928-03-24,0.0010481270
1928-03-26,0.0127521270
1928-03-27,-0.0045378730
1928-03-28,0.0002501270
1928-03-29,0.0019791270
1928-03-30,0.0199341270
1928-03-31,-0.0074638730
1928-04-02,-0.0115868730
1928-04-03,0.0079641270
1928-04-04,-0.0009468730
1928-04-05,0.0150131270
1928-04-09,0.0045061270
1928-04-10,-0.0097248730
1928-04-11,0.0187371270
1928-04-12,-0.0032078730
1928-04-13,0.0186041270
1928-04-14,-0.0058678730
1928-04-16,0.0067671270
1928-04-17,-0.0090598730
1928-04-18,0.0003831270
1928-04-19,0.0076981270
1928-04-20,-0.0177048730
1928-04-23,-0.0097248730
1928-04-24,0.0047721270
1928-04-25,0.0096931270
1928-04-26,0.0082301270
1928-04-27,0.0138161270
1928-04-28,0.0066341270
1928-04-30,0.0007821270
1928-05-01,0.0034421270
1928-05-02,0.0010481270
1928-05-03,0.0051711270
1928-05-04,0.0156781270
1928-05-07,0.0091611270
1928-05-08,-0.0074638730
1928-05-09,0.0005161270
1928-05-10,-0.0022768730
1928-05-11,0.0102251270
1928-05-14,0.0063681270
1928-05-15,-0.0006808730
1928-05-16,-0.0202318730
1928-05-17,0.0065011270
1928-05-18,-0.0095918730
1928-05-21,-0.0155768730
1928-05-22,-0.0187688730
1928-05-23,0.0229931270
1928-05-24,0.0061956035
1928-05-25,0.0024510125
1928-05-28,-0.0189560623
1928-05-29,0.0105766553
1928-05-31,0.0114496808
1928-06-01,0.0037400915
1928-06-02,0.0082029688
1928-06-04,-0.0239863008
1928-06-05,0.0023632584
1928-06-06,-0.0099489187
1928-06-07,-0.0062494206
1928-06-08,-0.0172879772
1928-06-09,-0.0156690983
1928-06-11,-0.0275252521
1928-06-12,-0.0249529049
1928-06-13,0.0313232572
1928-06-14,0.0072475846
1928-06-15,-0.0094419165
1928-06-16,-0.0002498491
1928-06-18,-0.0164817758
1928-06-19,-0.0049825883
1928-06-20,0.0115489221
1928-06-21,0.0012067230
1928-06-22,-0.0002707851
1928-06-23,-0.0057917016
1928-06-25,0.0008174746
1928-06-26,0.0096429444
1928-06-27,0.0097397718
1928-06-28,0.0078629638
1928-06-29,0.0048678803
1928-06-30,0.0012285022
1928-07-02,-0.0130441193
1928-07-03,0.0172669579
1928-07-05,0.0095357286
1928-07-06,-0.0033443749
1928-07-07,0.0027876432
1928-07-09,0.0000969781
1928-07-10,-0.0032027932
1928-07-11,-0.0285696474
1928-07-12,-0.0062803705
1928-07-13,0.0071141059
1928-07-14,-0.0003369166
1928-07-16,-0.0137973773
1928-07-17,0.0050953728
1928-07-18,0.0101635764
1928-07-19,-0.0018494549
1928-07-20,0.0013030814
1928-07-21,-0.0029002068
1928-07-23,0.0082381424
1928-07-24,0.0003831270
1928-07-25,0.0058361270
1928-07-26,0.0029101270
1928-07-27,0.0104911270
1928-07-28,0.0033091270
1928-07-30,-0.0017448730
1928-07-31,-0.0014788730
1928-08-01,0.0034421270
1928-08-02,-0.0060008730
1928-08-03,0.0029101270
1928-08-04,0.0029101270
1928-08-06,0.0096931270
1928-08-07,-0.0046708730
1928-08-08,-0.0149118730
1928-08-09,0.0015801270
1928-08-10,-0.0026758730
1928-08-11,0.0015801270
1928-08-13,-0.0006808730
1928-08-14,-0.0087938730
1928-08-15,0.0183381270
1928-08-16,0.0104911270
1928-08-17,0.0037081270
1928-08-18,0.0037081270
1928-08-20,0.0030431270
1928-08-21,0.0130181270
1928-08-22,0.0017131270
1928-08-23,0.0001171270
1928-08-24,0.0182051270
1928-08-25,0.0035751270
1928-08-27,-0.0038728730
1928-08-28,0.0076981270
1928-08-29,0.0033091270
1928-08-30,0.0034421270
1928-08-31,0.0152791270
1928-09-01,0.0033091270
1928-09-04,0.0054371270
1928-09-05,0.0054371270
1928-09-06,-0.0053358730
1928-09-07,0.0086291270
1928-09-08,-0.0040058730
1928-09-10,-0.0049368730
1928-09-11,0.0083631270
1928-09-12,0.0046391270
1928-09-13,-0.0013458730
1928-09-14,0.0017131270
1928-09-15,0.0076981270
1928-09-17,0.0071661270
1928-09-18,-0.0090598730
1928-09-19,-0.0008138730
1928-09-20,0.0019791270
1928-09-21,0.0090281270
1928-09-22,-0.0032078730
1928-09-24,0.0082301270
1928-09-25,-0.0009468730
1928-09-26,-0.0020108730
1928-09-27,-0.0162418730
1928-09-28,0.0001171270
1928-09-29,0.0136831270
1928-10-01,-0.0014788730
1928-10-02,-0.0058678730
1928-10-03,-0.0037398730
1928-10-04,0.0033091270
1928-10-05,-0.0037398730
1928-10-06,-0.0006808730
1928-10-08,-0.0042718730
1928-10-09,0.0015801270
1928-10-10,0.0122201270
1928-10-11,0.0041071270
1928-10-13,0.0072991270
1928-10-15,0.0050381270
1928-10-16,0.0039741270
1928-10-17,0.0039741270
1928-10-18,0.0038411270
1928-10-19,0.0059691270
1928-10-20,-0.0058678730
1928-10-22,-0.0016118730
1928-10-23,0.0088951270
1928-10-24,0.0029101270
1928-10-25,-0.0034738730
1928-10-26,-0.0150448730
1928-10-27,0.0115551270
1928-10-29,0.0091611270
1928-10-30,-0.0141138730
1928-10-31,-0.0067988730
1928-11-01,0.0170081270
1928-11-02,-0.0008138730
1928-11-03,0.0003831270
1928-11-05,0.0150131270
1928-11-07,0.0158111270
1928-11-08,-0.0033408730
1928-11-09,0.0095601270
1928-11-10,0.0102251270
1928-11-12,0.0045061270
1928-11-13,0.0009151270
1928-11-14,0.0018461270
1928-11-15,0.0047721270
1928-11-16,0.0233921270
1928-11-17,0.0013141270
1928-11-19,0.0022451270
1928-11-20,0.0147471270
1928-11-21,-0.0200988730
1928-11-22,0.0184711270
1928-11-23,0.0034339152
1928-11-26,0.0061021270
1928-11-27,0.0035751270
1928-11-28,0.0144811270
1928-11-30,0.0053041270
1928-12-01,-0.0079958730
1928-12-03,-0.0095918730
1928-12-04,0.0030431270
1928-12-05,-0.0091928730
1928-12-06,-0.0470978730
1928-12-07,-0.0210033300
1928-12-08,-0.0157883559
1928-12-10,0.0134283342
1928-12-11,0.0179045852
1928-12-12,-0.0056362941
1928-12-13,-0.0025929662
1928-12-14,0.0015705896
1928-12-15,-0.0029153901
1928-12-17,-0.0032223495
1928-12-18,0.0095924526
1928-12-19,0.0109207093
1928-12-20,0.0033668563
1928-12-21,0.0102005220
1928-12-22,0.0011492280
1928-12-24,0.0087278087
1928-12-26,-0.0032620250
1928-12-27,0.0070339566
1928-12-28,0.0150710193
1928-12-29,0.0022235240
1928-12-31,0.0155682844
1929-01-02,0.0173156352
1929-01-03,0.0011474099
1929-01-04,-0.0003786688
1929-01-05,-0.0110264292
1929-01-07,-0.0156784811
1929-01-08,-0.0026041520
1929-01-09,0.0141532399
1929-01-10,0.0031218079
1929-01-11,-0.0005026078
1929-01-12,-0.0030634090
1929-01-14,0.0032731453
1929-01-15,-0.0131828730
1929-01-16,0.0120767693
1929-01-17,0.0094271270
1929-01-18,0.0005161270
1929-01-19,0.0025111270
1929-01-21,0.0021121270
1929-01-22,0.0078311270
1929-01-23,0.0070331270
1929-01-24,-0.0109218730
1929-01-25,0.0155451270
1929-01-26,0.0045061270
1929-01-28,-0.0034738730
1929-01-29,-0.0033408730
1929-01-30,0.0042401270
1929-01-31,0.0182051270
1929-02-01,0.0074321270
1929-02-02,-0.0001488730
1929-02-04,-0.0058678730
1929-02-05,0.0029101270
1929-02-06,-0.0105228730
1929-02-07,-0.0396498730
1929-02-08,-0.0100030395
1929-02-11,0.0229788745
1929-02-13,0.0007252498
1929-02-14,-0.0059326925
1929-02-15,-0.0159823152
1929-02-16,-0.0137721278
1929-02-18,0.0106240719
1929-02-19,0.0020043313
1929-02-20,0.0081048549
1929-02-21,0.0072116135
1929-02-25,0.0029074478
1929-02-26,0.0039095902
1929-02-27,0.0119223085
1929-02-28,0.0119723720
1929-03-01,0.0116423715
1929-03-02,-0.0031943946
1929-03-04,-0.0108122583
1929-03-05,-0.0081213742
1929-03-06,-0.0189691399
1929-03-07,0.0083768611
1929-03-08,0.0065906837
1929-03-09,-0.0002509682
1929-03-11,-0.0162614617
1929-03-12,0.0030452013
1929-03-13,0.0118801808
1929-03-14,0.0188954103
1929-03-15,0.0122894569
1929-03-16,0.0030081957
1929-03-18,-0.0051320854
1929-03-19,0.0002332886
1929-03-20,0.0003748407
1929-03-21,-0.0057348730
1929-03-22,-0.0153108730
1929-03-23,-0.0132347273
1929-03-25,-0.0412940823
1929-03-26,-0.0105407699
1929-03-27,0.0315313293
1929-03-28,0.0118013358
1929-04-01,-0.0165477760
1929-04-02,0.0082127616
1929-04-03,-0.0077446988
1929-04-04,0.0087381959
1929-04-05,-0.0056160882
1929-04-06,0.0008356614
1929-04-08,-0.0077146534
1929-04-09,-0.0071887615
1929-04-10,0.0042993199
1929-04-11,0.0089996895
1929-04-12,0.0053987673
1929-04-13,-0.0002962667
1929-04-15,-0.0056941551
1929-04-16,0.0004909099
1929-04-17,0.0103861423
1929-04-18,0.0040485586
1929-04-19,-0.0003506305
1929-04-20,0.0019698932
1929-04-22,0.0100131987
1929-04-23,0.0055926047
1929-04-24,-0.0030041229
1929-04-25,-0.0082618730
1929-04-26,-0.0013458730
1929-04-27,0.0070331270
1929-04-29,-0.0073308730
1929-04-30,0.0216631270
1929-05-01,0.0014357901
1929-05-02,0.0018461270
1929-05-03,0.0102251270
1929-05-04,0.0041071270
1929-05-06,-0.0069318730
1929-05-07,-0.0090598730
1929-05-08,0.0011811270
1929-05-09,-0.0073308730
1929-05-10,0.0148801270
1929-05-11,-0.0045378730
1929-05-13,-0.0280788730
1929-05-14,0.0110410113
1929-05-15,-0.0033994527
1929-05-16,0.0007409774
1929-05-17,0.0064542179
1929-05-18,-0.0022768730
1929-05-20,-0.0258178730
1929-05-21,0.0008252900
1929-05-22,-0.0394128664
1929-05-23,0.0140842236
1929-05-24,-0.0041638827
1929-05-25,-0.0033399802
1929-05-27,-0.0306716733
1929-05-28,0.0089513178
1929-05-29,0.0007893684
1929-05-31,0.0047664829
1929-06-01,0.0052381417
1929-06-03,0.0112230612
1929-06-04,0.0122710444
1929-06-05,-0.0027168055
1929-06-06,0.0025296957
1929-06-07,-0.0042948592
1929-06-08,-0.0034734417
1929-06-10,-0.0053724494
1929-06-11,0.0042601246
1929-06-12,0.0003172392
1929-06-13,0.0144058011
1929-06-14,0.0033919708
1929-06-15,0.0034286514
1929-06-17,0.0148925173
1929-06-18,0.0019478400
1929-06-19,-0.0082417414
1929-06-20,0.0055357691
1929-06-21,0.0088951270
1929-06-22,0.0041071270
1929-06-24,-0.0028088730
1929-06-25,0.0102251270
1929-06-26,0.0074321270
1929-06-27,0.0010481270
1929-06-28,0.0126191270
1929-06-29,0.0110231270
1929-07-01,0.0049051270
1929-07-02,0.0152791270
1929-07-03,0.0043731270
1929-07-05,0.0063681270
1929-07-06,0.0021121270
1929-07-08,0.0003831270
1929-07-09,0.0011811270
1929-07-10,-0.0040058730
1929-07-11,0.0033091270
1929-07-12,0.0123531270
1929-07-13,0.0053041270
1929-07-15,-0.0060008730
1929-07-16,0.0063681270
1929-07-17,0.0035751270
1929-07-18,-0.0017448730
1929-07-19,0.0042401270
1929-07-20,0.0019791270
1929-07-22,-0.0147788730
1929-07-23,0.0139491270
1929-07-24,-0.0065328730
1929-07-25,0.0067671270
1929-07-26,-0.0053358730
1929-07-27,-0.0060008730
1929-07-29,-0.0154438730
1929-07-30,0.0116881270
1929-07-31,0.0142151270
1929-08-01,0.0107571270
1929-08-02,0.0126191270
1929-08-03,0.0066341270
1929-08-05,-0.0079958730
1929-08-06,-0.0062668730
1929-08-07,-0.0135818730
1929-08-08,0.0120871270
1929-08-09,-0.0478958730
1929-08-10,0.0139525888
1929-08-12,0.0123703249
1929-08-13,0.0059584029
1929-08-14,0.0012063206
1929-08-15,0.0027277826
1929-08-16,0.0175032584
1929-08-17,0.0023839575
1929-08-19,0.0050118896
1929-08-20,0.0032202137
1929-08-21,-0.0040414614
1929-08-22,0.0093480462
1929-08-23,0.0107710271
1929-08-24,0.0026420043
1929-08-26,-0.0009833700
1929-08-27,-0.0011448538
1929-08-28,-0.0002762633
1929-08-29,0.0102251270
1929-08-30,0.0143481270
1929-09-03,0.0047721270
1929-09-04,-0.0070648730
1929-09-05,-0.0255518730
1929-09-06,0.0236528416
1929-09-07,0.0033045074
1929-09-09,-0.0063196687
1929-09-10,-0.0189153095
1929-09-11,0.0119058912
1929-09-12,-0.0101276162
1929-09-13,0.0025184834
1929-09-14,0.0023162888
1929-09-16,0.0112977922
1929-09-17,-0.0070616461
1929-09-18,0.0050055819
1929-09-19,0.0001029670
1929-09-20,-0.0108405440
1929-09-21,-0.0010082455
1929-09-23,-0.0037822729
1929-09-24,-0.0202318730
1929-09-25,-0.0018863979
1929-09-26,0.0121322611
1929-09-27,-0.0313712245
1929-09-28,0.0031038819
1929-09-30,-0.0087307195
1929-10-01,-0.0075743310
1929-10-02,0.0086585141
1929-10-03,-0.0422446294
1929-10-04,-0.0099088776
1929-10-05,0.0336077954
1929-10-07,0.0110344361
1929-10-08,-0.0000788376
1929-10-09,-0.0013353583
1929-10-10,0.0097257550
1929-10-11,-0.0011361511
1929-10-14,-0.0036796606
1929-10-15,-0.0050515214
1929-10-16,-0.0240091063
1929-10-17,0.0073664877
1929-10-18,-0.0163723222
1929-10-19,-0.0193507222
1929-10-21,-0.0088150044
1929-10-22,0.0138411954
1929-10-23,-0.0367568237
1929-10-24,-0.0192471844
1929-10-25,0.0069925570
1929-10-26,-0.0017929358
1929-10-28,-0.0580606398
1929-10-29,-0.0360337742
1929-10-30,0.0284717922
1929-10-31,0.0114123818
1929-11-04,-0.0000158730
1929-11-06,-0.0000158730
1929-11-07,-0.0000158730
1929-11-08,-0.0000158730
1929-11-11,-0.0000158730
1929-11-12,-0.0000158730
1929-11-13,-0.0000158730
1929-11-14,-0.0000158730
1929-11-15,-0.0000158730
1929-11-18,-0.0000158730
1929-11-19,-0.0000158730
1929-11-20,-0.0000158730
1929-11-21,-0.0000158730
1929-11-22,-0.0000158730
1929-11-25,-0.0000158730
1929-11-26,-0.0000158730
1929-11-27,-0.0000158730
1929-12-02,-0.0000158730
1929-12-03,-0.0000158730
1929-12-04,-0.0000158730
1929-12-05,-0.0000158730
1929-12-06,-0.0000158730
1929-12-07,-0.0000158730
1929-12-09,-0.0000158730
1929-12-10,-0.0000158730
1929-12-11,-0.0000158730
1929-12-12,-0.0000158730
1929-12-13,-0.0000158730
1929-12-14,-0.0000158730
1929-12-16,-0.0000158730
1929-12-17,-0.0000158730
1929-12-18,-0.0000158730
1929-12-19,-0.0000158730
1929-12-20,-0.0000158730
1929-12-21,-0.0000158730
1929-12-23,-0.0000158730
1929-12-24,-0.0000158730
1929-12-26,-0.0000158730
1929-12-27,-0.0000158730
1929-12-28,-0.0000158730
1929-12-30,-0.0000158730
1929-12-31,-0.0000158730
1930-01-02,-0.0000158730
1930-01-03,-0.0000158730
1930-01-04,-0.0000158730
1930-01-06,-0.0000158730
1930-01-07,-0.0000158730
1930-01-08,-0.0000158730
1930-01-09,-0.0000158730
1930-01-10,-0.0000158730
1930-01-11,-0.0000158730
1930-01-13,-0.0000158730
1930-01-14,-0.0000158730
1930-01-15,-0.0000158730
1930-01-16,-0.0000158730
1930-01-17,-0.0000158730
1930-01-18,-0.0000158730
1930-01-20,-0.0000158730
1930-01-21,-0.0000158730
1930-01-22,-0.0000158730
1930-01-23,-0.0000158730
1930-01-24,-0.0000158730
1930-01-25,-0.0000158730
1930-01-27,-0.0000158730
1930-01-28,-0.0000158730
1930-01-29,-0.0000158730
1930-01-30,-0.0000158730
1930-01-31,-0.0000158730
1930-02-01,-0.0000158730
1930-02-03,-0.0000158730
1930-02-04,-0.0000158730
1930-02-05,-0.0000158730
1930-02-06,-0.0000158730
1930-02-07,-0.0000158730
1930-02-08,-0.0000158730
1930-02-10,-0.0000158730
1930-02-11,-0.0000158730
1930-02-13,-0.0000158730
1930-02-14,-0.0000158730
1930-02-15,-0.0000158730
1930-02-17,-0.0000158730
1930-02-18,-0.0000158730
1930-02-19,-0.0000158730
1930-02-20,-0.0000158730
1930-02-21,-0.0000158730
1930-02-24,-0.0000158730
1930-02-25,-0.0000158730
1930-02-26,-0.0000158730
1930-02-27,-0.0000158730
1930-02-28,-0.0000158730
1930-03-01,-0.0000158730
1930-03-03,-0.0000158730
1930-03-04,-0.0000158730
1930-03-05,-0.0000158730
1930-03-06,-0.0000158730
1930-03-07,-0.0000158730
1930-03-08,-0.0000158730
1930-03-10,-0.0000158730
1930-03-11,-0.0000158730
1930-03-12,-0.0000158730
1930-03-13,-0.0000158730
1930-03-14,-0.0000158730
1930-03-15,-0.0000158730
1930-03-17,-0.0000158730
1930-03-18,-0.0000158730
1930-03-19,-0.0000158730
1930-03-20,-0.0000158730
1930-03-21,-0.0000158730
1930-03-22,-0.0000158730
1930-03-24,-0.0000158730
1930-03-25,-0.0000158730
1930-03-26,-0.0000158730
1930-03-27,-0.0000158730
1930-03-28,-0.0000158730
1930-03-29,-0.0000158730
1930-03-31,-0.0000158730
1930-04-01,0.0100921270
1930-04-02,-0.0129168730
1930-04-03,0.0035751270
1930-04-04,0.0140821270
1930-04-05,0.0066341270
1930-04-07,-0.0002818730
1930-04-08,-0.0085278730
1930-04-09,0.0171411270
1930-04-10,0.0006491270
1930-04-11,-0.0049368730
1930-04-12,-0.0000158730
1930-04-14,-0.0030748730
1930-04-15,-0.0004148730
1930-04-16,-0.0097248730
1930-04-17,0.0067671270
1930-04-21,-0.0199658730
1930-04-22,0.0063681270
1930-04-23,0.0049051270
1930-04-24,-0.0110548730
1930-04-25,-0.0026758730
1930-04-26,0.0001171270
1930-04-28,-0.0278128730
1930-04-29,-0.0058739891
1930-04-30,0.0102251270
1930-05-01,-0.0000158730
1930-05-02,-0.0000158730
1930-05-03,-0.0000158730
1930-05-05,-0.0000158730
1930-05-06,-0.0000158730
1930-05-07,-0.0000158730
1930-05-08,-0.0000158730
1930-05-09,-0.0000158730
1930-05-10,-0.0000158730
1930-05-12,-0.0000158730
1930-05-13,-0.0000158730
1930-05-14,-0.0000158730
1930-05-15,-0.0000158730
1930-05-16,-0.0000158730
1930-05-17,-0.0000158730
1930-05-19,-0.0000158730
1930-05-20,-0.0000158730
1930-05-21,-0.0000158730
1930-05-22,-0.0000158730
1930-05-23,-0.0000158730
1930-05-24,-0.0000158730
1930-05-26,-0.0000158730
1930-05-27,-0.0000158730
1930-05-28,-0.0000158730
1930-05-29,-0.0000158730
1930-06-02,-0.0000158730
1930-06-03,-0.0000158730
1930-06-04,-0.0000158730
1930-06-05,-0.0000158730
1930-06-06,-0.0000158730
1930-06-07,-0.0000158730
1930-06-09,-0.0000158730
1930-06-10,-0.0000158730
1930-06-11,-0.0000158730
1930-06-12,-0.0000158730
1930-06-13,-0.0000158730
1930-06-14,-0.0000158730
1930-06-16,-0.0000158730
1930-06-17,-0.0000158730
1930-06-18,-0.0000158730
1930-06-19,-0.0000158730
1930-06-20,-0.0000158730
1930-06-21,-0.0000158730
1930-06-23,-0.0000158730
1930-06-24,-0.0000158730
1930-06-25,-0.0000158730
1930-06-26,-0.0000158730
1930-06-27,-0.0000158730
1930-06-28,-0.0000158730
1930-06-30,-0.0000158730
1930-07-01,-0.0000158730
1930-07-02,-0.0000158730
1930-07-03,-0.0000158730
1930-07-07,-0.0000158730
1930-07-08,-0.0000158730
1930-07-09,-0.0000158730
1930-07-10,-0.0000158730
1930-07-11,-0.0000158730
1930-07-12,-0.0000158730
1930-07-14,-0.0000158730
1930-07-15,-0.0000158730
1930-07-16,-0.0000158730
1930-07-17,-0.0000158730
1930-07-18,-0.0000158730
1930-07-19,-0.0000158730
1930-07-21,-0.0000158730
1930-07-22,-0.0000158730
1930-07-23,-0.0000158730
1930-07-24,-0.0000158730
1930-07-25,-0.0000158730
1930-07-26,-0.0000158730
1930-07-28,-0.0000158730
1930-07-29,-0.0000158730
1930-07-30,-0.0000158730
1930-07-31,-0.0000158730
1930-08-01,-0.0000158730
1930-08-02,-0.0000158730
1930-08-04,-0.0000158730
1930-08-05,-0.0000158730
1930-08-06,-0.0000158730
1930-08-07,-0.0000158730
1930-08-08,-0.0000158730
1930-08-09,-0.0000158730
1930-08-11,-0.0000158730
1930-08-12,-0.0000158730
1930-08-13,-0.0000158730
1930-08-14,-0.0000158730
1930-08-15,-0.0000158730
1930-08-16,-0.0000158730
1930-08-18,-0.0000158730
1930-08-19,-0.0000158730
1930-08-20,-0.0000158730
1930-08-21,-0.0000158730
1930-08-22,-0.0000158730
1930-08-23,-0.0000158730
1930-08-25,-0.0000158730
1930-08-26,-0.0000158730
1930-08-27,-0.0000158730
1930-08-28,-0.0000158730
1930-08-29,-0.0000158730
1930-09-02,-0.0000158730
1930-09-03,-0.0000158730
1930-09-04,-0.0000158730
1930-09-05,-0.0000158730
1930-09-06,-0.0000158730
1930-09-08,-0.0000158730
1930-09-09,-0.0000158730
1930-09-10,-0.0000158730
1930-09-11,-0.0000158730
1930-09-12,-0.0000158730
1930-09-13,-0.0000158730
1930-09-15,-0.0000158730
1930-09-16,-0.0000158730
1930-09-17,-0.0000158730
1930-09-18,-0.0000158730
1930-09-19,-0.0000158730
1930-09-20,-0.0000158730
1930-09-22,-0.0000158730
1930-09-23,-0.0000158730
1930-09-24,-0.0000158730
1930-09-25,-0.0000158730
1930-09-26,-0.0000158730
1930-09-27,-0.0000158730
1930-09-29,-0.0000158730
1930-09-30,-0.0000158730
1930-10-01,-0.0000158730
1930-10-02,-0.0000158730
1930-10-03,-0.0000158730
1930-10-04,-0.0000158730
1930-10-06,-0.0000158730
1930-10-07,-0.0000158730
1930-10-08,-0.0000158730
1930-10-09,-0.0000158730
1930-10-10,-0.0000158730
1930-10-11,-0.0000158730
1930-10-14,-0.0000158730
1930-10-15,-0.0000158730
1930-10-16,-0.0000158730
1930-10-17,-0.0000158730
1930-10-18,-0.0000158730
1930-10-20,-0.0000158730
1930-10-21,-0.0000158730
1930-10-22,-0.0000158730
1930-10-23,-0.0000158730
1930-10-24,-0.0000158730
1930-10-25,-0.0000158730
1930-10-27,-0.0000158730
1930-10-28,-0.0000158730
1930-10-29,-0.0000158730
1930-10-30,-0.0000158730
1930-10-31,-0.0000158730
1930-11-01,-0.0000158730
1930-11-03,-0.0000158730
1930-11-05,-0.0000158730
1930-11-06,-0.0000158730
1930-11-07,-0.0000158730
1930-11-08,-0.0000158730
1930-11-10,-0.0000158730
1930-11-11,-0.0000158730
1930-11-12,-0.0000158730
1930-11-13,-0.0000158730
1930-11-14,-0.0000158730
1930-11-15,-0.0000158730
1930-11-17,-0.0000158730
1930-11-18,-0.0000158730
1930-11-19,-0.0000158730
1930-11-20,-0.0000158730
1930-11-21,-0.0000158730
1930-11-22,-0.0000158730
1930-11-24,-0.0000158730
1930-11-25,-0.0000158730
1930-11-26,-0.0000158730
1930-11-28,-0.0000158730
1930-11-29,-0.0000158730
1930-12-01,-0.0000158730
1930-12-02,-0.0000158730
1930-12-03,-0.0000158730
1930-12-04,-0.0000158730
1930-12-05,-0.0000158730
1930-12-06,-0.0000158730
1930-12-08,-0.0000158730
1930-12-09,-0.0000158730
1930-12-10,-0.0000158730
1930-12-11,-0.0000158730
1930-12-12,-0.0000158730
1930-12-13,-0.0000158730
1930-12-15,-0.0000158730
1930-12-16,-0.0000158730
1930-12-17,-0.0000158730
1930-12-18,-0.0000158730
1930-12-19,-0.0000158730
1930-12-20,-0.0000158730
1930-12-22,-0.0000158730
1930-12-23,-0.0000158730
1930-12-24,-0.0000158730
1930-12-26,-0.0000158730
1930-12-27,-0.0000158730
1930-12-29,-0.0000158730
1930-12-30,-0.0000158730
1930-12-31,-0.0000158730
1931-01-02,-0.0000158730
1931-01-03,-0.0000158730
1931-01-05,-0.0000158730
1931-01-06,-0.0000158730
1931-01-07,-0.0000158730
1931-01-08,-0.0000158730
1931-01-09,-0.0000158730
1931-01-10,-0.0000158730
1931-01-12,-0.0000158730
1931-01-13,-0.0000158730
1931-01-14,-0.0000158730
1931-01-15,-0.0000158730
1931-01-16,-0.0000158730
1931-01-17,-0.0000158730
1931-01-19,-0.0000158730
1931-01-20,-0.0000158730
1931-01-21,-0.0000158730
1931-01-22,-0.0000158730
1931-01-23,-0.0000158730
1931-01-24,-0.0000158730
1931-01-26,-0.0000158730
1931-01-27,-0.0000158730
1931-01-28,-0.0000158730
1931-01-29,-0.0000158730
1931-01-30,-0.0000158730
1931-01-31,-0.0000158730
1931-02-02,-0.0000158730
1931-02-03,-0.0000158730
1931-02-04,-0.0000158730
1931-02-05,-0.0000158730
1931-02-06,-0.0000158730
1931-02-07,-0.0000158730
1931-02-09,-0.0000158730
1931-02-10,-0.0000158730
1931-02-11,-0.0000158730
1931-02-13,-0.0000158730
1931-02-14,-0.0000158730
1931-02-16,-0.0000158730
1931-02-17,-0.0000158730
1931-02-18,-0.0000158730
1931-02-19,-0.0000158730
1931-02-20,-0.0000158730
1931-02-21,-0.0000158730
1931-02-24,-0.0000158730
1931-02-25,-0.0000158730
1931-02-26,-0.0000158730
1931-02-27,-0.0000158730
1931-02-28,-0.0000158730
1931-03-02,-0.0000158730
1931-03-03,-0.0000158730
1931-03-04,-0.0000158730
1931-03-05,-0.0000158730
1931-03-06,-0.0000158730
1931-03-07,-0.0000158730
1931-03-09,-0.0000158730
1931-03-10,-0.0000158730
1931-03-11,-0.0000158730
1931-03-12,-0.0000158730
1931-03-13,-0.0000158730
1931-03-14,-0.0000158730
1931-03-16,-0.0000158730
1931-03-17,-0.0000158730
1931-03-18,-0.0000158730
1931-03-19,-0.0000158730
1931-03-20,-0.0000158730
1931-03-21,-0.0000158730
1931-03-23,-0.0000158730
1931-03-24,-0.0000158730
1931-03-25,-0.0000158730
1931-03-26,-0.0000158730
1931-03-27,-0.0000158730
1931-03-28,-0.0000158730
1931-03-30,-0.0000158730
1931-03-31,-0.0000158730
1931-04-01,-0.0000158730
1931-04-02,-0.0000158730
1931-04-04,-0.0000158730
1931-04-06,-0.0000158730
1931-04-07,-0.0000158730
1931-04-08,-0.0000158730
1931-04-09,-0.0000158730
1931-04-10,-0.0000158730
1931-04-11,-0.0000158730
1931-04-13,-0.0000158730
1931-04-14,-0.0000158730
1931-04-15,-0.0000158730
1931-04-16,-0.0000158730
1931-04-17,-0.0000158730
1931-04-18,-0.0000158730
1931-04-20,-0.0000158730
1931-04-21,-0.0000158730
1931-04-22,-0.0000158730
1931-04-23,-0.0000158730
1931-04-24,-0.0000158730
1931-04-25,-0.0000158730
1931-04-27,-0.0000158730
1931-04-28,-0.0000158730
1931-04-29,-0.0000158730
1931-04-30,-0.0000158730
1931-05-01,-0.0000158730
1931-05-02,-0.0000158730
1931-05-04,-0.0000158730
1931-05-05,-0.0000158730
1931-05-06,-0.0000158730
1931-05-07,-0.0000158730
1931-05-08,-0.0000158730
1931-05-09,-0.0000158730
1931-05-11,-0.0000158730
1931-05-12,-0.0000158730
1931-05-13,-0.0000158730
1931-05-14,-0.0000158730
1931-05-15,-0.0000158730
1931-05-16,-0.0000158730
1931-05-18,-0.0000158730
1931-05-19,-0.0000158730
1931-05-20,-0.0000158730
1931-05-21,-0.0000158730
1931-05-22,-0.0000158730
1931-05-23,-0.0000158730
1931-05-25,-0.0000158730
1931-05-26,-0.0000158730
1931-05-27,-0.0000158730
1931-05-28,-0.0000158730
1931-05-29,-0.0000158730
1931-06-01,-0.0000158730
1931-06-02,-0.0000158730
1931-06-03,-0.0000158730
1931-06-04,-0.0000158730
1931-06-05,-0.0000158730
1931-06-06,-0.0000158730
1931-06-08,-0.0000158730
1931-06-09,-0.0000158730
1931-06-10,-0.0000158730
1931-06-11,-0.0000158730
1931-06-12,-0.0000158730
1931-06-13,-0.0000158730
1931-06-15,-0.0000158730
1931-06-16,-0.0000158730
1931-06-17,-0.0000158730
1931-06-18,-0.0000158730
1931-06-19,-0.0000158730
1931-06-20,-0.0000158730
1931-06-22,-0.0000158730
1931-06-23,-0.0000158730
1931-06-24,-0.0000158730
1931-06-25,-0.0000158730
1931-06-26,-0.0000158730
1931-06-27,-0.0000158730
1931-06-29,-0.0000158730
1931-06-30,-0.0000158730
1931-07-01,-0.0000158730
1931-07-02,-0.0000158730
1931-07-03,-0.0000158730
1931-07-06,-0.0000158730
1931-07-07,-0.0000158730
1931-07-08,-0.0000158730
1931-07-09,-0.0000158730
1931-07-10,-0.0000158730
1931-07-11,-0.0000158730
1931-07-13,-0.0000158730
1931-07-14,-0.0000158730
1931-07-15,-0.0000158730
1931-07-16,-0.0000158730
1931-07-17,-0.0000158730
1931-07-18,-0.0000158730
1931-07-20,-0.0000158730
1931-07-21,-0.0000158730
1931-07-22,-0.0000158730
1931-07-23,-0.0000158730
1931-07-24,-0.0000158730
1931-07-25,-0.0000158730
1931-07-27,-0.0000158730
1931-07-28,-0.0000158730
1931-07-29,-0.0000158730
1931-07-30,-0.0000158730
1931-07-31,-0.0000158730
1931-08-01,-0.0000158730
1931-08-03,-0.0000158730
1931-08-04,-0.0000158730
1931-08-05,-0.0000158730
1931-08-06,-0.0000158730
1931-08-07,-0.0000158730
1931-08-08,-0.0000158730
1931-08-10,-0.0000158730
1931-08-11,-0.0000158730
1931-08-12,-0.0000158730
1931-08-13,-0.0000158730
1931-08-14,-0.0000158730
1931-08-15,-0.0000158730
1931-08-17,-0.0000158730
1931-08-18,-0.0000158730
1931-08-19,-0.0000158730
1931-08-20,-0.0000158730
1931-08-21,-0.0000158730
1931-08-22,-0.0000158730
1931-08-24,-0.0000158730
1931-08-25,-0.0000158730
1931-08-26,-0.0000158730
1931-08-27,-0.0000158730
1931-08-28,-0.0000158730
1931-08-29,-0.0000158730
1931-08-31,-0.0000158730
1931-09-01,-0.0000158730
1931-09-02,-0.0000158730
1931-09-03,-0.0000158730
1931-09-04,-0.0000158730
1931-09-08,-0.0000158730
1931-09-09,-0.0000158730
1931-09-10,-0.0000158730
1931-09-11,-0.0000158730
1931-09-12,-0.0000158730
1931-09-14,-0.0000158730
1931-09-15,-0.0000158730
1931-09-16,-0.0000158730
1931-09-17,-0.0000158730
1931-09-18,-0.0000158730
1931-09-19,-0.0000158730
1931-09-21,-0.0000158730
1931-09-22,-0.0000158730
1931-09-23,-0.0000158730
1931-09-24,-0.0000158730
1931-09-25,-0.0000158730
1931-09-26,-0.0000158730
1931-09-28,-0.0000158730
1931-09-29,-0.0000158730
1931-09-30,-0.0000158730
1931-10-01,-0.0000158730
1931-10-02,-0.0000158730
1931-10-03,-0.0000158730
1931-10-05,-0.0000158730
1931-10-06,-0.0000158730
1931-10-07,-0.0000158730
1931-10-08,-0.0000158730
1931-10-09,-0.0000158730
1931-10-10,-0.0000158730
1931-10-13,-0.0000158730
1931-10-14,-0.0000158730
1931-10-15,-0.0000158730
1931-10-16,-0.0000158730
1931-10-17,-0.0000158730
1931-10-19,-0.0000158730
1931-10-20,-0.0000158730
1931-10-21,-0.0000158730
1931-10-22,-0.0000158730
1931-10-23,-0.0000158730
1931-10-24,-0.0000158730
1931-10-26,-0.0000158730
1931-10-27,-0.0000158730
1931-10-28,-0.0000158730
1931-10-29,-0.0000158730
1931-10-30,-0.0000158730
1931-10-31,-0.0000158730
1931-11-02,-0.0000158730
1931-11-04,-0.0000158730
1931-11-05,-0.0000158730
1931-11-06,-0.0000158730
1931-11-07,-0.0000158730
1931-11-09,-0.0000158730
1931-11-10,-0.0000158730
1931-11-11,-0.0000158730
1931-11-12,-0.0000158730
1931-11-13,-0.0000158730
1931-11-14,-0.0000158730
1931-11-16,-0.0000158730
1931-11-17,-0.0000158730
1931-11-18,-0.0000158730
1931-11-19,-0.0000158730
1931-11-20,-0.0000158730
1931-11-21,-0.0000158730
1931-11-23,-0.0000158730
1931-11-24,-0.0000158730
1931-11-25,-0.0000158730
1931-11-27,-0.0000158730
1931-11-28,-0.0000158730
1931-11-30,-0.0000158730
1931-12-01,-0.0000158730
1931-12-02,-0.0000158730
1931-12-03,-0.0000158730
1931-12-04,-0.0000158730
1931-12-05,-0.0000158730
1931-12-07,-0.0000158730
1931-12-08,-0.0000158730
1931-12-09,-0.0000158730
1931-12-10,-0.0000158730
1931-12-11,-0.0000158730
1931-12-12,-0.0000158730
1931-12-14,-0.0000158730
1931-12-15,-0.0000158730
1931-12-16,-0.0000158730
1931-12-17,-0.0000158730
1931-12-18,-0.0000158730
1931-12-19,-0.0000158730
1931-12-21,-0.0000158730
1931-12-22,-0.0000158730
1931-12-23,-0.0000158730
1931-12-24,-0.0000158730
1931-12-28,-0.0000158730
1931-12-29,-0.0000158730
1931-12-30,-0.0000158730
1931-12-31,-0.0000158730
1932-01-02,-0.0000158730
1932-01-04,-0.0000158730
1932-01-05,-0.0000158730
1932-01-06,-0.0000158730
1932-01-07,-0.0000158730
1932-01-08,-0.0000158730
1932-01-09,-0.0000158730
1932-01-11,-0.0000158730
1932-01-12,-0.0000158730
1932-01-13,-0.0000158730
1932-01-14,-0.0000158730
1932-01-15,-0.0000158730
1932-01-16,-0.0000158730
1932-01-18,-0.0000158730
1932-01-19,-0.0000158730
1932-01-20,-0.0000158730
1932-01-21,-0.0000158730
1932-01-22,-0.0000158730
1932-01-23,-0.0000158730
1932-01-25,-0.0000158730
1932-01-26,-0.0000158730
1932-01-27,-0.0000158730
1932-01-28,-0.0000158730
1932-01-29,-0.0000158730
1932-01-30,-0.0000158730
1932-02-01,-0.0000158730
1932-02-02,-0.0000158730
1932-02-03,-0.0000158730
1932-02-04,-0.0000158730
1932-02-05,-0.0000158730
1932-02-06,-0.0000158730
1932-02-08,-0.0000158730
1932-02-09,-0.0000158730
1932-02-10,-0.0000158730
1932-02-11,-0.0000158730
1932-02-13,-0.0000158730
1932-02-15,-0.0000158730
1932-02-16,-0.0000158730
1932-02-17,-0.0000158730
1932-02-18,-0.0000158730
1932-02-19,-0.0000158730
1932-02-20,-0.0000158730
1932-02-23,-0.0000158730
1932-02-24,-0.0000158730
1932-02-25,-0.0000158730
1932-02-26,-0.0000158730
1932-02-27,-0.0000158730
1932-02-29,-0.0000158730
1932-03-01,-0.0000158730
1932-03-02,-0.0000158730
1932-03-03,-0.0000158730
1932-03-04,-0.0000158730
1932-03-05,-0.0000158730
1932-03-07,-0.0000158730
1932-03-08,-0.0000158730
1932-03-09,-0.0000158730
1932-03-10,-0.0000158730
1932-03-11,-0.0000158730
1932-03-12,-0.0000158730
1932-03-14,-0.0000158730
1932-03-15,-0.0000158730
1932-03-16,-0.0000158730
1932-03-17,-0.0000158730
1932-03-18,-0.0000158730
1932-03-19,-0.0000158730
1932-03-21,-0.0000158730
1932-03-22,-0.0000158730
1932-03-23,-0.0000158730
1932-03-24,-0.0000158730
1932-03-26,-0.0000158730
1932-03-28,-0.0000158730
1932-03-29,-0.0000158730
1932-03-30,-0.0000158730
1932-03-31,-0.0000158730
1932-04-01,-0.0000158730
1932-04-02,-0.0000158730
1932-04-04,-0.0000158730
1932-04-05,-0.0000158730
1932-04-06,-0.0000158730
1932-04-07,-0.0000158730
1932-04-08,-0.0000158730
1932-04-09,-0.0000158730
1932-04-11,-0.0000158730
1932-04-12,-0.0000158730
1932-04-13,-0.0000158730
1932-04-14,-0.0000158730
1932-04-15,-0.0000158730
1932-04-16,-0.0000158730
1932-04-18,-0.0000158730
1932-04-19,-0.0000158730
1932-04-20,-0.0000158730
1932-04-21,-0.0000158730
1932-04-22,-0.0000158730
1932-04-23,-0.0000158730
1932-04-25,-0.0000158730
1932-04-26,-0.0000158730
1932-04-27,-0.0000158730
1932-04-28,-0.0000158730
1932-04-29,-0.0000158730
1932-04-30,-0.0000158730
1932-05-02,-0.0000158730
1932-05-03,-0.0000158730
1932-05-04,-0.0000158730
1932-05-05,-0.0000158730
1932-05-06,-0.0000158730
1932-05-07,-0.0000158730
1932-05-09,-0.0000158730
1932-05-10,-0.0000158730
1932-05-11,-0.0000158730
1932-05-12,-0.0000158730
1932-05-13,-0.0000158730
1932-05-14,-0.0000158730
1932-05-16,-0.0000158730
1932-05-17,-0.0000158730
1932-05-18,-0.0000158730
1932-05-19,-0.0000158730
1932-05-20,-0.0000158730
1932-05-21,-0.0000158730
1932-05-23,-0.0000158730
1932-05-24,-0.0000158730
1932-05-25,-0.0000158730
1932-05-26,-0.0000158730
1932-05-27,-0.0000158730
1932-05-28,-0.0000158730
1932-05-31,-0.0000158730
1932-06-01,-0.0000158730
1932-06-02,-0.0000158730
1932-06-03,-0.0000158730
1932-06-04,-0.0000158730
1932-06-06,-0.0000158730
1932-06-07,-0.0000158730
1932-06-08,-0.0000158730
1932-06-09,-0.0000158730
1932-06-10,-0.0000158730
1932-06-11,-0.0000158730
1932-06-13,-0.0000158730
1932-06-14,-0.0000158730
1932-06-15,-0.0000158730
1932-06-16,-0.0000158730
1932-06-17,-0.0000158730
1932-06-18,-0.0000158730
1932-06-20,-0.0000158730
1932-06-21,-0.0000158730
1932-06-22,-0.0000158730
1932-06-23,-0.0000158730
1932-06-24,-0.0000158730
1932-06-25,-0.0000158730
1932-06-27,-0.0000158730
1932-06-28,-0.0000158730
1932-06-29,-0.0000158730
1932-06-30,-0.0000158730
1932-07-01,-0.0000158730
1932-07-05,-0.0000158730
1932-07-06,-0.0000158730
1932-07-07,-0.0000158730
1932-07-08,-0.0000158730
1932-07-09,-0.0000158730
1932-07-11,-0.0000158730
1932-07-12,-0.0000158730
1932-07-13,-0.0000158730
1932-07-14,-0.0000158730
1932-07-15,-0.0000158730
1932-07-16,-0.0000158730
1932-07-18,-0.0000158730
1932-07-19,-0.0000158730
1932-07-20,-0.0000158730
1932-07-21,-0.0000158730
1932-07-22,-0.0000158730
1932-07-23,-0.0000158730
1932-07-25,-0.0000158730
1932-07-26,-0.0000158730
1932-07-27,-0.0000158730
1932-07-28,-0.0000158730
1932-07-29,-0.0000158730
1932-07-30,-0.0000158730
1932-08-01,-0.0000158730
1932-08-02,-0.0000158730
1932-08-03,-0.0000158730
1932-08-04,-0.0000158730
1932-08-05,-0.0000158730
1932-08-06,-0.0000158730
1932-08-08,-0.0000158730
1932-08-09,-0.0000158730
1932-08-10,-0.0000158730
1932-08-11,-0.0000158730
1932-08-12,-0.0000158730
1932-08-13,-0.0000158730
1932-08-15,-0.0000158730
1932-08-16,-0.0000158730
1932-08-17,-0.0000158730
1932-08-18,-0.0000158730
1932-08-19,-0.0000158730
1932-08-20,-0.0000158730
1932-08-22,-0.0000158730
1932-08-23,-0.0000158730
1932-08-24,-0.0000158730
1932-08-25,-0.0000158730
1932-08-26,-0.0000158730
1932-08-27,-0.0000158730
1932-08-29,-0.0000158730
1932-08-30,-0.0000158730
1932-08-31,-0.0000158730
1932-09-01,0.0017657769
1932-09-02,0.0216909914
1932-09-03,0.0104736839
1932-09-06,-0.0097795069
1932-09-07,0.0178808903
1932-09-08,-0.0128241664
1932-09-09,-0.0090347994
1932-09-10,0.0003171711
1932-09-12,-0.0278178106
1932-09-13,-0.0145862558
1932-09-14,-0.0177805195
1932-09-15,0.0133218388
1932-09-16,-0.0022256142
1932-09-17,-0.0030036317
1932-09-19,-0.0055377666
1932-09-20,0.0105866971
1932-09-21,0.0397724773
1932-09-22,-0.0064598123
1932-09-23,0.0035035094
1932-09-24,0.0036120439
1932-09-26,-0.0141988713
1932-09-27,0.0019805520
1932-09-28,0.0068091041
1932-09-29,-0.0079991521
1932-09-30,-0.0006273618
1932-10-01,0.0022275714
1932-10-03,-0.0045117969
1932-10-04,0.0003329193
1932-10-05,-0.0267107159
1932-10-06,0.0001086853
1932-10-07,-0.0164097836
1932-10-08,-0.0094130851
1932-10-10,-0.0181032505
1932-10-11,0.0220881186
1932-10-13,-0.0068129464
1932-10-14,0.0183064617
1932-10-15,0.0019532735
1932-10-17,-0.0068438634
1932-10-18,0.0043816566
1932-10-19,0.0103253568
1932-10-20,-0.0051265361
1932-10-21,-0.0165571664
1932-10-22,-0.0003936577
1932-10-24,0.0012936787
1932-10-25,-0.0027221606
1932-10-26,0.0045878917
1932-10-27,0.0033660950
1932-10-28,0.0057693037
1932-10-29,-0.0042108028
1932-10-31,-0.0027623505
1932-11-01,-0.0145483689
1932-11-02,-0.0126597315
1932-11-03,-0.0025386355
1932-11-04,0.0226968631
1932-11-05,0.0042156391
1932-11-07,0.0132588678
1932-11-09,-0.0138819200
1932-11-10,0.0232084823
1932-11-11,0.0117366419
1932-11-12,0.0001133511
1932-11-14,-0.0095472893
1932-11-15,-0.0005553601
1932-11-16,-0.0101135141
1932-11-17,-0.0026352206
1932-11-18,-0.0003859179
1932-11-19,0.0055321490
1932-11-21,-0.0021877351
1932-11-22,-0.0014039749
1932-11-23,-0.0177282956
1932-11-25,-0.0050128011
1932-11-26,0.0020267802
1932-11-28,-0.0016926481
1932-11-29,-0.0017739077
1932-11-30,-0.0133169726
1932-12-01,0.0116998941
1932-12-02,-0.0153952797
1932-12-03,-0.0013529690
1932-12-05,0.0046374869
1932-12-06,0.0225269932
1932-12-07,0.0022318153
1932-12-08,-0.0002982229
1932-12-09,0.0110343255
1932-12-10,-0.0027482632
1932-12-12,0.0027284232
1932-12-13,-0.0069568913
1932-12-14,0.0095902017
1932-12-15,-0.0032939190
1932-12-16,-0.0038380643
1932-12-17,-0.0002604582
1932-12-19,-0.0020668863
1932-12-20,-0.0134241841
1932-12-21,-0.0026527806
1932-12-22,-0.0232840054
1932-12-23,-0.0011342058
1932-12-24,0.0083126735
1932-12-27,-0.0042607991
1932-12-28,0.0003940644
1932-12-29,0.0108463839
1932-12-30,0.0192308300
1932-12-31,-0.0002766553
1933-01-03,-0.0049347591
1933-01-04,0.0306965481
1933-01-05,-0.0016211382
1933-01-06,0.0084669515
1933-01-09,-0.0065002213
1933-01-10,0.0161130788
1933-01-11,-0.0013689726
1933-01-12,-0.0065420107
1933-01-13,-0.0010553343
1933-01-14,-0.0015766724
1933-01-16,-0.0158817515
1933-01-17,0.0010572375
1933-01-18,-0.0117547837
1933-01-19,0.0037010518
1933-01-20,0.0088853719
1933-01-21,0.0033201212
1933-01-23,-0.0068335049
1933-01-24,-0.0034388759
1933-01-25,0.0119513302
1933-01-26,-0.0043138371
1933-01-27,-0.0015611217
1933-01-28,-0.0072968104
1933-01-30,-0.0005701281
1933-01-31,-0.0020496909
1933-02-01,-0.0293366449
1933-02-02,-0.0144718341
1933-02-03,-0.0005198153
1933-02-04,-0.0085232331
1933-02-06,0.0004399742
1933-02-07,0.0088960373
1933-02-08,0.0100221516
1933-02-09,0.0177262032
1933-02-10,-0.0088118380
1933-02-11,0.0029716464
1933-02-14,-0.0428252434
1933-02-15,-0.0006467215
1933-02-16,-0.0132188525
1933-02-17,0.0105790694
1933-02-18,-0.0020989231
1933-02-20,-0.0184419045
1933-02-21,-0.0040906043
1933-02-23,-0.0275768851
1933-02-24,0.0180831250
1933-02-25,-0.0251839646
1933-02-27,-0.0063612190
1933-02-28,0.0109393034
1933-03-01,0.0076629707
1933-03-02,-0.0088172360
1933-03-03,0.0155212632
1933-03-15,0.0745893010
1933-03-16,0.0032115416
1933-03-17,-0.0080031928
1933-03-18,-0.0006185144
1933-03-20,-0.0033141127
1933-03-21,-0.0110296348
1933-03-22,-0.0030264062
1933-03-23,0.0043873975
1933-03-24,-0.0010524854
1933-03-25,-0.0016166110
1933-03-27,-0.0060332010
1933-03-28,0.0045385002
1933-03-29,-0.0059373716
1933-03-30,-0.0016158740
1933-03-31,-0.0094840839
1933-04-01,0.0017672780
1933-04-03,-0.0003882599
1933-04-04,0.0013111711
1933-04-05,0.0039844374
1933-04-06,0.0077848847
1933-04-07,0.0035372003
1933-04-08,0.0060001484
1933-04-10,0.0233374229
1933-04-11,-0.0031299843
1933-04-12,-0.0066414645
1933-04-13,0.0158066928
1933-04-15,-0.0011456155
1933-04-17,-0.0091240817
1933-04-18,0.0086458503
1933-04-19,0.0326003395
1933-04-20,0.0308904470
1933-04-21,-0.0112671154
1933-04-22,0.0111101057
1933-04-24,0.0075176474
1933-04-25,-0.0074281724
1933-04-26,0.0016214245
1933-04-27,-0.0027575684
1933-04-28,0.0043002881
1933-04-29,0.0221958405
1933-05-01,0.0048841930
1933-05-02,0.0002027506
1933-05-03,-0.0008488653
1933-05-04,0.0120659594
1933-05-05,0.0042971478
1933-05-06,-0.0118020309
1933-05-08,-0.0059532125
1933-05-09,0.0024660412
1933-05-10,0.0206296474
1933-05-11,0.0127483242
1933-05-12,0.0008516156
1933-05-13,-0.0077144828
1933-05-15,-0.0043218236
1933-05-16,0.0084082450
1933-05-17,0.0063736410
1933-05-18,-0.0018169811
1933-05-19,-0.0026643448
1933-05-20,-0.0086272021
1933-05-22,-0.0010772311
1933-05-23,0.0188263260
1933-05-24,0.0105137280
1933-05-25,-0.0028685694
1933-05-26,0.0153712640
1933-05-27,0.0194167153
1933-05-29,0.0087722558
1933-05-31,-0.0053967671
1933-06-01,0.0072588133
1933-06-02,0.0219248343
1933-06-03,-0.0136134260
1933-06-05,0.0104939385
1933-06-06,-0.0015707671
1933-06-07,0.0086364585
1933-06-08,0.0023239798
1933-06-09,0.0060371276
1933-06-10,0.0045600269
1933-06-12,0.0222976673
1933-06-13,-0.0152089049
1933-06-14,-0.0081584240
1933-06-15,-0.0343906608
1933-06-16,0.0007854978
1933-06-17,0.0069140625
1933-06-19,0.0314560990
1933-06-20,-0.0047638013
1933-06-21,0.0030329035
1933-06-22,-0.0132122590
1933-06-23,0.0106340642
1933-06-24,0.0016797269
1933-06-26,0.0100711789
1933-06-27,0.0039409087
1933-06-28,-0.0046596547
1933-06-29,-0.0040188230
1933-06-30,0.0070697527
1933-07-01,0.0110391641
1933-07-03,0.0164919470
1933-07-05,-0.0022710059
1933-07-06,0.0120956563
1933-07-07,0.0024149051
1933-07-08,-0.0008298073
1933-07-10,-0.0040769699
1933-07-11,-0.0055139894
1933-07-12,0.0065099383
1933-07-13,0.0078239614
1933-07-14,-0.0072236423
1933-07-15,0.0035115425
1933-07-17,0.0122057533
1933-07-18,0.0025367373
1933-07-19,-0.0319708506
1933-07-20,-0.0426235410
1933-07-21,-0.0313532083
1933-07-22,0.0004081044
1933-07-24,0.0231698909
1933-07-25,-0.0033601648
1933-07-26,0.0059400513
1933-07-27,0.0021604278
1933-07-28,-0.0057731785
1933-07-31,-0.0137486121
1933-08-01,0.0083134486
1933-08-02,0.0068124717
1933-08-03,-0.0025874239
1933-08-04,-0.0057130816
1933-08-07,-0.0025206698
1933-08-08,0.0099034053
1933-08-09,0.0135206649
1933-08-10,-0.0040093300
1933-08-11,-0.0008531374
1933-08-14,-0.0044390868
1933-08-15,0.0001361818
1933-08-16,-0.0101790859
1933-08-17,0.0215137223
1933-08-18,-0.0052897139
1933-08-21,0.0068568982
1933-08-22,0.0054234781
1933-08-23,-0.0041123191
1933-08-24,0.0026074601
1933-08-25,0.0149882626
1933-08-28,-0.0007014950
1933-08-29,-0.0034632879
1933-08-30,-0.0039134093
1933-08-31,-0.0001120457
1933-09-01,0.0064328136
1933-09-05,-0.0162824837
1933-09-06,-0.0007552379
1933-09-07,-0.0056473866
1933-09-08,-0.0001764953
1933-09-09,-0.0003526684
1933-09-11,0.0234070144
1933-09-12,-0.0020366310
1933-09-13,0.0022015017
1933-09-14,0.0023080775
1933-09-15,-0.0159371828
1933-09-16,0.0136712383
1933-09-18,-0.0049423997
1933-09-19,0.0009003145
1933-09-20,-0.0166452897
1933-09-21,-0.0348943184
1933-09-22,0.0085586669
1933-09-23,0.0065390476
1933-09-25,-0.0088704105
1933-09-26,-0.0040314083
1933-09-27,-0.0200198002
1933-09-28,0.0057856689
1933-09-29,-0.0023360234
1933-09-30,0.0036326341
1933-10-02,-0.0090045040
1933-10-03,0.0018502050
1933-10-04,0.0306858324
1933-10-05,-0.0037862885
1933-10-06,-0.0044703100
1933-10-07,0.0030313301
1933-10-09,0.0078149719
1933-10-10,-0.0040995965
1933-10-11,-0.0004205468
1933-10-13,-0.0179931625
1933-10-14,-0.0003157661
1933-10-16,-0.0314416843
1933-10-17,0.0111233697
1933-10-18,-0.0179252452
1933-10-19,-0.0184391192
1933-10-20,0.0097294217
1933-10-21,-0.0115658364
1933-10-23,0.0195186899
1933-10-24,0.0127784746
1933-10-25,0.0092119236
1933-10-26,-0.0068870160
1933-10-27,0.0044132684
1933-10-28,-0.0047342580
1933-10-30,-0.0136987138
1933-10-31,-0.0036107811
1933-11-01,0.0045697994
1933-11-02,0.0063050991
1933-11-03,0.0130192332
1933-11-04,-0.0007131972
1933-11-06,-0.0034538747
1933-11-08,0.0157940456
1933-11-09,0.0032317429
1933-11-10,-0.0060937393
1933-11-11,0.0048662574
1933-11-13,-0.0007434716
1933-11-14,-0.0040258236
1933-11-15,-0.0045439491
1933-11-16,0.0241186170
1933-11-17,-0.0045497833
1933-11-18,0.0001332932
1933-11-20,0.0137338100
1933-11-21,-0.0054668763
1933-11-22,-0.0030974622
1933-11-23,-0.0091190899
1933-11-24,0.0064261341
1933-11-25,0.0015950627
1933-11-27,-0.0194382507
1933-11-28,-0.0004568838
1933-11-29,0.0103876012
1933-12-01,0.0023088056
1933-12-02,0.0000449842
1933-12-04,-0.0013555928
1933-12-05,0.0190189201
1933-12-06,-0.0034579461
1933-12-07,0.0047868670
1933-12-08,-0.0063883124
1933-12-09,0.0132248265
1933-12-11,0.0020578482
1933-12-12,-0.0029871586
1933-12-13,-0.0074588852
1933-12-14,0.0021221994
1933-12-15,-0.0110600146
1933-12-16,-0.0137000467
1933-12-18,-0.0101653042
1933-12-19,-0.0022411051
1933-12-20,-0.0147632743
1933-12-21,-0.0004287881
1933-12-22,0.0235555766
1933-12-23,-0.0025848516
1933-12-26,-0.0176116528
1933-12-27,0.0055535369
1933-12-28,0.0260754511
1933-12-29,-0.0019099187
1933-12-30,0.0076415960
1934-01-02,0.0008679287
1934-01-03,-0.0086399311
1934-01-04,-0.0024690701
1934-01-05,-0.0085382540
1934-01-06,-0.0023248627
1934-01-08,-0.0003383177
1934-01-09,0.0095334461
1934-01-10,0.0223299462
1934-01-11,0.0042729961
1934-01-12,-0.0058654953
1934-01-13,-0.0006723580
1934-01-15,0.0471335272
1934-01-16,0.0029248075
1934-01-17,-0.0002529914
1934-01-18,-0.0007573359
1934-01-19,0.0172295085
1934-01-20,0.0013094636
1934-01-22,-0.0019937475
1934-01-23,0.0093168312
1934-01-24,0.0046480782
1934-01-25,-0.0017198975
1934-01-26,-0.0033050835
1934-01-27,-0.0014294056
1934-01-29,0.0144158611
1934-01-30,0.0112867774
1934-01-31,-0.0105679217
1934-02-01,0.0190260697
1934-02-02,-0.0008031556
1934-02-03,0.0100188402
1934-02-05,0.0153801056
1934-02-06,-0.0007852363
1934-02-07,-0.0257304308
1934-02-08,0.0039887599
1934-02-09,-0.0189995321
1934-02-10,-0.0037467130
1934-02-13,0.0049103926
1934-02-14,0.0060444493
1934-02-15,0.0145764490
1934-02-16,0.0023432314
1934-02-17,0.0023801810
1934-02-19,-0.0127383343
1934-02-20,0.0032016623
1934-02-21,0.0028592713
1934-02-23,-0.0219600339
1934-02-24,-0.0113459745
1934-02-26,-0.0153885031
1934-02-27,0.0058367231
1934-02-28,-0.0003224421
1934-03-01,-0.0020227283
1934-03-02,0.0254007125
1934-03-03,-0.0006533515
1934-03-05,-0.0030593128
1934-03-06,-0.0073782550
1934-03-07,-0.0198521497
1934-03-08,0.0116178691
1934-03-09,-0.0021249118
1934-03-10,0.0007462236
1934-03-12,0.0134699206
1934-03-13,0.0013081525
1934-03-14,0.0000657523
1934-03-15,-0.0124240735
1934-03-16,0.0024412818
1934-03-17,-0.0082464453
1934-03-19,-0.0208978707
1934-03-20,0.0124947975
1934-03-21,-0.0132718737
1934-03-22,0.0132078940
1934-03-23,-0.0047926857
1934-03-24,0.0119885917
1934-03-26,0.0000646211
1934-03-27,-0.0233919675
1934-03-28,0.0019301303
1934-03-29,0.0120004682
1934-03-31,0.0097221365
1934-04-02,0.0020764051
1934-04-03,0.0072891705
1934-04-04,0.0035853246
1934-04-05,0.0014739091
1934-04-06,0.0027404427
1934-04-07,-0.0011712651
1934-04-09,-0.0036379356
1934-04-10,0.0136637377
1934-04-11,0.0006062249
1934-04-12,-0.0025133960
1934-04-13,-0.0029513408
1934-04-14,-0.0011894367
1934-04-16,-0.0194039072
1934-04-17,0.0110791944
1934-04-18,0.0164572742
1934-04-19,0.0009545622
1934-04-20,0.0145622953
1934-04-21,-0.0034890832
1934-04-23,-0.0049891654
1934-04-24,-0.0085698119
1934-04-25,-0.0056466122
1934-04-26,-0.0167060556
1934-04-27,0.0016300573
1934-04-28,-0.0103405043
1934-04-30,-0.0293510937
1934-05-01,-0.0020061619
1934-05-02,-0.0216304494
1934-05-03,0.0019475423
1934-05-04,0.0029655089
1934-05-05,-0.0173044711
1934-05-07,-0.0374178039
1934-05-08,0.0182321078
1934-05-09,-0.0096489385
1934-05-10,-0.0166483765
1934-05-11,-0.0074802976
1934-05-12,-0.0115754301
1934-05-14,0.0019658226
1934-05-15,0.0170233182
1934-05-16,-0.0027201592
1934-05-17,0.0321900754
1934-05-18,-0.0057153530
1934-05-19,-0.0008161612
1934-05-21,0.0015976636
1934-05-22,-0.0119685252
1934-05-23,-0.0075926889
1934-05-24,0.0027846380
1934-05-25,0.0075485529
1934-05-26,0.0050094505
1934-05-28,0.0053371101
1934-05-29,-0.0033421705
1934-05-31,-0.0115912347
1934-06-01,-0.0174164881
1934-06-02,-0.0027221578
1934-06-04,0.0119175016
1934-06-05,0.0173753535
1934-06-06,0.0023377000
1934-06-07,-0.0016053432
1934-06-08,0.0350893020
1934-06-09,0.0035388731
1934-06-11,-0.0078000947
1934-06-12,0.0083613624
1934-06-13,0.0005378258
1934-06-14,-0.0116808774
1934-06-15,0.0121094507
1934-06-16,0.0101066383
1934-06-18,-0.0001620222
1934-06-19,-0.0120005941
1934-06-20,-0.0073682254
1934-06-21,-0.0060749342
1934-06-22,-0.0157961634
1934-06-23,0.0051022184
1934-06-25,-0.0067782788
1934-06-26,0.0147849619
1934-06-27,-0.0004793137
1934-06-28,0.0041945768
1934-06-29,-0.0130065511
1934-06-30,0.0005657704
1934-07-02,-0.0000158730
1934-07-03,-0.0000158730
1934-07-05,-0.0000158730
1934-07-06,-0.0000158730
1934-07-07,-0.0000158730
1934-07-09,-0.0000158730
1934-07-10,-0.0000158730
1934-07-11,-0.0000158730
1934-07-12,-0.0000158730
1934-07-13,-0.0000158730
1934-07-14,-0.0000158730
1934-07-16,-0.0000158730
1934-07-17,-0.0000158730
1934-07-18,-0.0000158730
1934-07-19,-0.0000158730
1934-07-20,-0.0000158730
1934-07-21,-0.0000158730
1934-07-23,-0.0000158730
1934-07-24,-0.0000158730
1934-07-25,-0.0000158730
1934-07-26,-0.0000158730
1934-07-27,-0.0000158730
1934-07-28,-0.0000158730
1934-07-30,-0.0000158730
1934-07-31,-0.0000158730
1934-08-01,-0.0000158730
1934-08-02,-0.0000158730
1934-08-03,-0.0000158730
1934-08-04,-0.0000158730
1934-08-06,-0.0000158730
1934-08-07,-0.0000158730
1934-08-08,-0.0000158730
1934-08-09,-0.0000158730
1934-08-10,-0.0000158730
1934-08-11,-0.0000158730
1934-08-13,-0.0000158730
1934-08-14,-0.0000158730
1934-08-15,-0.0000158730
1934-08-16,-0.0000158730
1934-08-17,-0.0000158730
1934-08-18,-0.0000158730
1934-08-20,-0.0000158730
1934-08-21,-0.0000158730
1934-08-22,-0.0000158730
1934-08-23,-0.0000158730
1934-08-24,-0.0000158730
1934-08-25,-0.0000158730
1934-08-27,-0.0000158730
1934-08-28,-0.0000158730
1934-08-29,-0.0000158730
1934-08-30,-0.0000158730
1934-08-31,-0.0000158730
1934-09-01,0.0001530512
1934-09-04,-0.0057712981
1934-09-05,0.0129276649
1934-09-06,-0.0125562793
1934-09-07,-0.0100923748
1934-09-08,-0.0016465350
1934-09-10,-0.0205309483
1934-09-11,-0.0005476301
1934-09-12,0.0038768954
1934-09-13,-0.0024988409
1934-09-14,-0.0261475266
1934-09-15,0.0034338403
1934-09-17,-0.0055551679
1934-09-18,0.0065439202
1934-09-19,0.0244270806
1934-09-20,0.0000647260
1934-09-21,0.0160376393
1934-09-22,0.0019255523
1934-09-24,-0.0065441850
1934-09-25,0.0214741041
1934-09-26,-0.0025524133
1934-09-27,0.0077325209
1934-09-28,-0.0083779439
1934-09-29,0.0003274898
1934-10-01,-0.0229539027
1934-10-02,0.0038388499
1934-10-03,-0.0015712033
1934-10-04,-0.0020743578
1934-10-05,0.0166928982
1934-10-06,-0.0018062998
1934-10-08,-0.0052752497
1934-10-09,-0.0077649575
1934-10-10,0.0217308109
1934-10-11,0.0132141784
1934-10-13,-0.0086459427
1934-10-15,-0.0061346586
1934-10-16,0.0064441964
1934-10-17,0.0020642430
1934-10-18,-0.0019117954
1934-10-19,-0.0052617670
1934-10-20,0.0022329945
1934-10-22,-0.0023712890
1934-10-23,-0.0043774143
1934-10-24,0.0183467641
1934-10-25,-0.0194415657
1934-10-26,-0.0144124949
1934-10-27,0.0005670864
1934-10-29,-0.0047958131
1934-10-30,0.0044431675
1934-10-31,0.0043743114
1934-11-01,-0.0000158730
1934-11-02,-0.0000158730
1934-11-03,-0.0000158730
1934-11-05,-0.0000158730
1934-11-07,-0.0000158730
1934-11-08,-0.0000158730
1934-11-09,-0.0000158730
1934-11-10,-0.0000158730
1934-11-13,-0.0000158730
1934-11-14,-0.0000158730
1934-11-15,-0.0000158730
1934-11-16,-0.0000158730
1934-11-17,-0.0000158730
1934-11-19,-0.0000158730
1934-11-20,-0.0000158730
1934-11-21,-0.0000158730
1934-11-22,-0.0000158730
1934-11-23,-0.0000158730
1934-11-24,-0.0000158730
1934-11-26,-0.0000158730
1934-11-27,-0.0000158730
1934-11-28,-0.0000158730
1934-11-30,-0.0000158730
1934-12-01,-0.0000158730
1934-12-03,-0.0000158730
1934-12-04,-0.0000158730
1934-12-05,-0.0000158730
1934-12-06,-0.0000158730
1934-12-07,-0.0000158730
1934-12-08,-0.0000158730
1934-12-10,-0.0000158730
1934-12-11,-0.0000158730
1934-12-12,-0.0000158730
1934-12-13,-0.0000158730
1934-12-14,-0.0000158730
1934-12-15,-0.0000158730
1934-12-17,-0.0000158730
1934-12-18,-0.0000158730
1934-12-19,-0.0000158730
1934-12-20,-0.0000158730
1934-12-21,-0.0000158730
1934-12-22,-0.0000158730
1934-12-24,-0.0000158730
1934-12-26,-0.0000158730
1934-12-27,-0.0000158730
1934-12-28,-0.0000158730
1934-12-29,-0.0000158730
1934-12-31,-0.0000158730
1935-01-02,-0.0000158730
1935-01-03,-0.0000158730
1935-01-04,-0.0000158730
1935-01-05,-0.0000158730
1935-01-07,-0.0000158730
1935-01-08,-0.0000158730
1935-01-09,-0.0000158730
1935-01-10,-0.0000158730
1935-01-11,-0.0000158730
1935-01-12,-0.0000158730
1935-01-14,-0.0000158730
1935-01-15,-0.0000158730
1935-01-16,-0.0000158730
1935-01-17,-0.0000158730
1935-01-18,-0.0000158730
1935-01-19,-0.0000158730
1935-01-21,-0.0000158730
1935-01-22,-0.0000158730
1935-01-23,-0.0000158730
1935-01-24,-0.0000158730
1935-01-25,-0.0000158730
1935-01-26,-0.0000158730
1935-01-28,-0.0000158730
1935-01-29,-0.0000158730
1935-01-30,-0.0000158730
1935-01-31,-0.0000158730
1935-02-01,-0.0000158730
1935-02-02,-0.0000158730
1935-02-04,-0.0000158730
1935-02-05,-0.0000158730
1935-02-06,-0.0000158730
1935-02-07,-0.0000158730
1935-02-08,-0.0000158730
1935-02-09,-0.0000158730
1935-02-11,-0.0000158730
1935-02-13,-0.0000158730
1935-02-14,-0.0000158730
1935-02-15,-0.0000158730
1935-02-16,-0.0000158730
1935-02-18,-0.0000158730
1935-02-19,-0.0000158730
1935-02-20,-0.0000158730
1935-02-21,-0.0000158730
1935-02-23,-0.0000158730
1935-02-25,-0.0000158730
1935-02-26,-0.0000158730
1935-02-27,-0.0000158730
1935-02-28,-0.0000158730
1935-03-01,-0.0000158730
1935-03-02,-0.0000158730
1935-03-04,-0.0000158730
1935-03-05,-0.0000158730
1935-03-06,-0.0000158730
1935-03-07,-0.0000158730
1935-03-08,-0.0000158730
1935-03-09,-0.0000158730
1935-03-11,-0.0000158730
1935-03-12,-0.0000158730
1935-03-13,-0.0000158730
1935-03-14,-0.0000158730
1935-03-15,-0.0000158730
1935-03-16,-0.0000158730
1935-03-18,-0.0000158730
1935-03-19,-0.0000158730
1935-03-20,-0.0000158730
1935-03-21,-0.0000158730
1935-03-22,-0.0000158730
1935-03-23,-0.0000158730
1935-03-25,-0.0000158730
1935-03-26,-0.0000158730
1935-03-27,-0.0000158730
1935-03-28,-0.0000158730
1935-03-29,-0.0000158730
1935-03-30,-0.0000158730
1935-04-01,-0.0000158730
1935-04-02,-0.0000158730
1935-04-03,-0.0000158730
1935-04-04,-0.0000158730
1935-04-05,-0.0000158730
1935-04-06,-0.0000158730
1935-04-08,-0.0000158730
1935-04-09,-0.0000158730
1935-04-10,-0.0000158730
1935-04-11,-0.0000158730
1935-04-12,-0.0000158730
1935-04-13,-0.0000158730
1935-04-15,-0.0000158730
1935-04-16,-0.0000158730
1935-04-17,-0.0000158730
1935-04-18,-0.0000158730
1935-04-20,-0.0000158730
1935-04-22,-0.0000158730
1935-04-23,-0.0000158730
1935-04-24,-0.0000158730
1935-04-25,-0.0000158730
1935-04-26,-0.0000158730
1935-04-27,-0.0000158730
1935-04-29,-0.0000158730
1935-04-30,-0.0000158730
1935-05-01,-0.0044839961
1935-05-02,0.0043485372
1935-05-03,0.0171864492
1935-05-04,0.0091814811
1935-05-06,-0.0083548275
1935-05-07,-0.0062437366
1935-05-08,0.0329070584
1935-05-09,0.0093059392
1935-05-10,0.0054746830
1935-05-11,0.0045871787
1935-05-13,0.0001047705
1935-05-14,-0.0000158730
1935-05-15,0.0063741365
1935-05-16,0.0241901270
1935-05-17,-0.0032839861
1935-05-18,-0.0132941267
1935-05-20,0.0008198937
1935-05-21,0.0098483566
1935-05-22,0.0072018013
1935-05-23,0.0042401270
1935-05-24,-0.0037398730
1935-05-25,-0.0056018730
1935-05-27,0.0080971270
1935-05-28,-0.0280788730
1935-05-29,-0.0151158680
1935-05-31,-0.0094476719
1935-06-01,-0.0085313637
1935-06-03,0.0160439946
1935-06-04,0.0243304732
1935-06-05,0.0032664956
1935-06-06,-0.0056123725
1935-06-07,0.0048333654
1935-06-08,0.0078839345
1935-06-10,0.0049859023
1935-06-11,0.0133920628
1935-06-12,-0.0076628047
1935-06-13,0.0053693684
1935-06-14,0.0117183333
1935-06-15,0.0051079125
1935-06-17,-0.0032109075
1935-06-18,0.0037971361
1935-06-19,-0.0078628730
1935-06-20,-0.0099908730
1935-06-21,0.0257861270
1935-06-22,0.0121349640
1935-06-24,-0.0056629241
1935-06-25,-0.0159700837
1935-06-26,-0.0122430423
1935-06-27,-0.0032443640
1935-06-28,0.0091661390
1935-06-29,-0.0019053125
1935-07-01,0.0055416754
1935-07-02,0.0007536592
1935-07-03,0.0063681270
1935-07-05,0.0135501270
1935-07-06,0.0023781270
1935-07-08,0.0135501270
1935-07-09,-0.0025428730
1935-07-10,0.0078311270
1935-07-11,-0.0133158730
1935-07-12,0.0091611270
1935-07-13,-0.0006808730
1935-07-15,-0.0021438730
1935-07-16,0.0013141270
1935-07-17,0.0094271270
1935-07-18,0.0009151270
1935-07-19,-0.0107888730
1935-07-20,0.0031761270
1935-07-22,0.0182051270
1935-07-23,0.0001171270
1935-07-24,0.0062351270
1935-07-25,-0.0109218730
1935-07-26,0.0072991270
1935-07-27,0.0122201270
1935-07-29,0.0144811270
1935-07-30,-0.0075968730
1935-07-31,0.0124861270
1935-08-01,-0.0038728730
1935-08-02,-0.0081288730
1935-08-03,0.0170081270
1935-08-05,0.0082301270
1935-08-06,-0.0022768730
1935-08-07,-0.0036068730
1935-08-08,0.0043731270
1935-08-09,0.0239241270
1935-08-10,0.0108901270
1935-08-12,0.0027771270
1935-08-13,0.0079641270
1935-08-14,0.0027771270
1935-08-15,-0.0086608730
1935-08-16,0.0106241270
1935-08-17,0.0054371270
1935-08-19,-0.0254188730
1935-08-20,-0.0000158730
1935-08-21,0.0098406716
1935-08-22,0.0063543210
1935-08-23,-0.0001488730
1935-08-24,-0.0236898730
1935-08-26,0.0125557906
1935-08-27,-0.0285595019
1935-08-28,-0.0020505655
1935-08-29,0.0057724360
1935-08-30,0.0031203265
1935-08-31,0.0087051791
1935-09-03,-0.0083384936
1935-09-04,0.0126559933
1935-09-05,0.0117281596
1935-09-06,0.0121271797
1935-09-07,0.0080438886
1935-09-09,0.0021048390
1935-09-10,0.0068968322
1935-09-11,0.0056532828
1935-09-12,-0.0109218730
1935-09-13,0.0010283527
1935-09-14,-0.0021438730
1935-09-16,-0.0056018730
1935-09-17,0.0035751270
1935-09-18,0.0095601270
1935-09-19,-0.0218278730
1935-09-20,-0.0308892809
1935-09-21,0.0021472302
1935-09-23,0.0080298798
1935-09-24,0.0112859372
1935-09-25,0.0042021265
1935-09-26,0.0005477410
1935-09-27,-0.0009612811
1935-09-28,0.0015932585
1935-09-30,0.0021892004
1935-10-01,-0.0122518730
1935-10-02,-0.0405808730
1935-10-03,0.0111323600
1935-10-04,0.0070203395
1935-10-05,0.0066953281
1935-10-07,0.0060045017
1935-10-08,-0.0049363035
1935-10-09,0.0030050584
1935-10-10,0.0201186817
1935-10-11,0.0026950989
1935-10-14,0.0111393540
1935-10-15,0.0074823462
1935-10-16,-0.0028021563
1935-10-17,-0.0040469982
1935-10-18,-0.0029804994
1935-10-19,0.0172032711
1935-10-21,0.0141671862
1935-10-22,0.0017814992
1935-10-23,0.0093836356
1935-10-24,0.0024566653
1935-10-25,0.0119541270
1935-10-26,0.0092941270
1935-10-28,-0.0060008730
1935-10-29,-0.0018778730
1935-10-30,-0.0091928730
1935-10-31,0.0103581270
1935-11-01,0.0135501270
1935-11-02,0.0002501270
1935-11-04,0.0037081270
1935-11-06,0.0215301270
1935-11-07,-0.0040058730
1935-11-08,0.0079641270
1935-11-09,0.0001171270
1935-11-12,-0.0131828730
1935-11-13,0.0159441270
1935-11-14,0.0208651270
1935-11-15,0.0059691270
1935-11-16,0.0083631270
1935-11-18,-0.0050698730
1935-11-19,0.0167421270
1935-11-20,-0.0121188730
1935-11-21,0.0142151270
1935-11-22,-0.0226258730
1935-11-23,0.0183675400
1935-11-25,-0.0088479556
1935-11-26,-0.0149897397
1935-11-27,0.0092047720
1935-11-29,-0.0095456701
1935-11-30,0.0000880447
1935-12-02,-0.0134146742
1935-12-03,0.0227190293
1935-12-04,0.0091483939
1935-12-05,0.0004684786
1935-12-06,-0.0005231824
1935-12-07,0.0088982326
1935-12-09,0.0031530405
1935-12-10,-0.0136466571
1935-12-11,0.0037136348
1935-12-12,-0.0106859129
1935-12-13,-0.0108632397
1935-12-14,0.0030748817
1935-12-16,-0.0102846904
1935-12-17,0.0091661654
1935-12-18,-0.0008690718
1935-12-19,-0.0070429947
1935-12-20,0.0063097338
1935-12-21,0.0075651270
1935-12-23,0.0031761270
1935-12-24,0.0083631270
1935-12-26,0.0050381270
1935-12-27,-0.0012128730
1935-12-28,-0.0071978730
1935-12-30,0.0248551270
1935-12-31,0.0159039389
1936-01-02,0.0041772603
1936-01-03,0.0118211270
1936-01-04,-0.0038728730
1936-01-06,-0.0078628730
1936-01-07,0.0182051270
1936-01-08,0.0103581270
1936-01-09,-0.0048038730
1936-01-10,0.0116881270
1936-01-11,-0.0028088730
1936-01-13,0.0037081270
1936-01-14,0.0067671270
1936-01-15,-0.0071978730
1936-01-16,0.0047721270
1936-01-17,-0.0016118730
1936-01-18,-0.0103898730
1936-01-20,-0.0078628730
1936-01-21,-0.0062668730
1936-01-22,0.0264511270
1936-01-23,0.0126029724
1936-01-24,-0.0021198818
1936-01-25,0.0049051270
1936-01-27,0.0067671270
1936-01-28,0.0010481270
1936-01-29,0.0098261270
1936-01-30,-0.0065328730
1936-01-31,0.0171411270
1936-02-01,-0.0024098730
1936-02-03,0.0126191270
1936-02-04,0.0050381270
1936-02-05,-0.0026758730
1936-02-06,0.0050381270
1936-02-07,-0.0017448730
1936-02-08,0.0014471270
1936-02-10,0.0080971270
1936-02-11,0.0120871270
1936-02-13,0.0062351270
1936-02-14,-0.0029418730
1936-02-15,0.0050381270
1936-02-17,-0.0153108730
1936-02-18,0.0124861270
1936-02-19,-0.0046708730
1936-02-20,0.0155451270
1936-02-21,-0.0012128730
1936-02-24,-0.0101238730
1936-02-25,-0.0243548730
1936-02-26,-0.0049606930
1936-02-27,0.0287380448
1936-02-28,-0.0028187945
1936-02-29,-0.0042810146
1936-03-02,0.0106926024
1936-03-03,0.0152939017
1936-03-04,0.0016045759
1936-03-05,0.0041075936
1936-03-06,0.0043045196
1936-03-07,-0.0086608730
1936-03-09,-0.0349040436
1936-03-10,0.0096726241
1936-03-11,0.0109365997
1936-03-12,-0.0241366966
1936-03-13,-0.0161574374
1936-03-14,0.0207206586
1936-03-16,-0.0021638259
1936-03-17,0.0134763083
1936-03-18,-0.0025270791
1936-03-19,0.0065782910
1936-03-20,-0.0019888155
1936-03-21,-0.0041377564
1936-03-23,0.0059603754
1936-03-24,-0.0045478558
1936-03-25,0.0068878092
1936-03-26,-0.0028883492
1936-03-27,-0.0138487197
1936-03-28,0.0008892546
1936-03-30,-0.0008587265
1936-03-31,0.0065003453
1936-04-01,0.0161384385
1936-04-02,0.0096122356
1936-04-03,-0.0029291815
1936-04-04,0.0085890620
1936-04-06,0.0051424696
1936-04-07,-0.0052855908
1936-04-08,-0.0004008775
1936-04-09,-0.0050698730
1936-04-11,0.0038411270
1936-04-13,-0.0025428730
1936-04-14,-0.0234238730
1936-04-15,0.0103912345
1936-04-16,-0.0050423056
1936-04-17,-0.0073214431
1936-04-18,-0.0113208730
1936-04-20,-0.0288768730
1936-04-21,-0.0027490158
1936-04-22,0.0164535461
1936-04-23,-0.0299245364
1936-04-24,0.0006235826
1936-04-25,0.0056917834
1936-04-27,-0.0358395730
1936-04-28,-0.0015249206
1936-04-29,-0.0191005727
1936-04-30,0.0106544358
1936-05-01,0.0054394398
1936-05-02,-0.0031630812
1936-05-04,0.0020266261
1936-05-05,0.0099307085
1936-05-06,0.0093516164
1936-05-07,-0.0142098675
1936-05-08,-0.0006546559
1936-05-09,0.0053385451
1936-05-11,-0.0069027038
1936-05-12,-0.0003726937
1936-05-13,0.0079271592
1936-05-14,0.0227231452
1936-05-15,0.0007369671
1936-05-16,-0.0001912534
1936-05-18,-0.0036907987
1936-05-19,-0.0208414842
1936-05-20,0.0058687894
1936-05-21,-0.0018871621
1936-05-22,0.0075461495
1936-05-23,0.0073380569
1936-05-25,0.0011627281
1936-05-26,0.0128540454
1936-05-27,-0.0000158730
1936-05-28,-0.0058157305
1936-05-29,0.0070412565
1936-06-01,-0.0004724350
1936-06-02,-0.0022853647
1936-06-03,-0.0025064827
1936-06-04,-0.0157287746
1936-06-05,-0.0013790053
1936-06-06,0.0058286190
1936-06-08,0.0119541270
1936-06-09,0.0120871270
1936-06-10,0.0059691270
1936-06-11,0.0151461270
1936-06-12,-0.0119858730
1936-06-13,0.0076524144
1936-06-15,0.0009151270
1936-06-16,0.0130181270
1936-06-17,-0.0022768730
1936-06-18,0.0034421270
1936-06-19,-0.0079958730
1936-06-20,0.0046391270
1936-06-22,0.0124861270
1936-06-23,-0.0046708730
1936-06-24,0.0103581270
1936-06-25,-0.0114538730
1936-06-26,-0.0054688730
1936-06-27,0.0014471270
1936-06-29,-0.0045378730
1936-06-30,-0.0014788730
1936-07-01,0.0034421270
1936-07-02,-0.0020108730
1936-07-03,0.0091611270
1936-07-06,-0.0063998730
1936-07-07,-0.0106558730
1936-07-08,0.0079641270
1936-07-09,0.0155451270
1936-07-10,0.0229931270
1936-07-11,0.0070331270
1936-07-13,0.0035751270
1936-07-14,0.0138161270
1936-07-15,-0.0005478730
1936-07-16,0.0010481270
1936-07-17,0.0041071270
1936-07-18,0.0071661270
1936-07-20,0.0047721270
1936-07-21,0.0066341270
1936-07-22,-0.0056018730
1936-07-23,0.0043731270
1936-07-24,-0.0028088730
1936-07-25,0.0082301270
1936-07-27,0.0102251270
1936-07-28,-0.0018778730
1936-07-29,-0.0093258730
1936-07-30,0.0054371270
1936-07-31,-0.0101238730
1936-08-01,0.0003831270
1936-08-03,0.0030431270
1936-08-04,-0.0001488730
1936-08-05,-0.0061338730
1936-08-06,0.0047721270
1936-08-07,0.0154121270
1936-08-08,0.0092941270
1936-08-10,-0.0028088730
1936-08-11,-0.0074638730
1936-08-12,0.0059691270
1936-08-13,-0.0041388730
1936-08-14,-0.0149118730
1936-08-15,0.0019791270
1936-08-17,-0.0077298730
1936-08-18,0.0027771270
1936-08-19,0.0063681270
1936-08-20,-0.0066658730
1936-08-21,-0.0353938730
1936-08-22,0.0102406375
1936-08-24,0.0087972681
1936-08-25,0.0040064389
1936-08-26,-0.0078831141
1936-08-27,0.0210841518
1936-08-28,0.0040630391
1936-08-29,0.0018769543
1936-08-31,0.0022160348
1936-09-01,-0.0022249225
1936-09-02,0.0046391270
1936-09-03,-0.0029418730
1936-09-04,0.0080971270
1936-09-05,0.0075651270
1936-09-08,0.0118211270
1936-09-09,-0.0067988730
1936-09-10,0.0010481270
1936-09-11,-0.0016118730
1936-09-12,-0.0036068730
1936-09-14,-0.0073308730
1936-09-15,-0.0026758730
1936-09-16,-0.0130498730
1936-09-17,0.0092941270
1936-09-18,0.0119541270
1936-09-19,0.0084961270
1936-09-21,0.0021121270
1936-09-22,0.0029101270
1936-09-23,-0.0041388730
1936-09-24,0.0007821270
1936-09-25,-0.0191678730
1936-09-26,0.0123531270
1936-09-28,0.0042401270
1936-09-29,-0.0026758730
1936-09-30,-0.0058678730
1936-10-01,0.0017131270
1936-10-02,0.0231261270
1936-10-03,0.0123531270
1936-10-05,0.0015801270
1936-10-06,0.0088951270
1936-10-07,0.0037081270
1936-10-08,0.0065011270
1936-10-09,0.0050381270
1936-10-10,0.0071661270
1936-10-13,-0.0021438730
1936-10-14,-0.0034738730
1936-10-15,-0.0016118730
1936-10-16,0.0132841270
1936-10-17,0.0059691270
1936-10-19,0.0017131270
1936-10-20,-0.0017448730
1936-10-21,0.0047721270
1936-10-22,-0.0090598730
1936-10-23,0.0047721270
1936-10-24,0.0011811270
1936-10-26,-0.0300738730
1936-10-27,0.0187893575
1936-10-28,0.0015575103
1936-10-29,0.0149547118
1936-10-30,0.0016025980
1936-10-31,0.0002451123
1936-11-02,-0.0040058730
1936-11-04,0.0220621270
1936-11-05,0.0140030209
1936-11-06,-0.0069468334
1936-11-07,0.0161889405
1936-11-09,0.0049484772
1936-11-10,-0.0032078730
1936-11-12,-0.0110548730
1936-11-13,-0.0107176066
1936-11-14,-0.0058758605
1936-11-16,0.0182051270
1936-11-17,0.0172102224
1936-11-18,-0.0048112453
1936-11-19,-0.0088189977
1936-11-20,-0.0113324594
1936-11-21,0.0093012809
1936-11-23,-0.0261129315
1936-11-24,0.0163770938
1936-11-25,-0.0022373178
1936-11-27,0.0162387410
1936-11-28,0.0020161480
1936-11-30,-0.0039567703
1936-12-01,-0.0066343700
1936-12-02,-0.0099612612
1936-12-03,0.0057907202
1936-12-04,0.0006906075
1936-12-05,0.0015887386
1936-12-07,-0.0085510539
1936-12-08,0.0020913515
1936-12-09,0.0054371270
1936-12-10,0.0102251270
1936-12-11,-0.0033408730
1936-12-12,0.0015801270
1936-12-14,0.0102251270
1936-12-15,-0.0013458730
1936-12-16,-0.0025428730
1936-12-17,-0.0060008730
1936-12-18,-0.0127838730
1936-12-19,-0.0122518730
1936-12-21,-0.0155768730
1936-12-22,0.0150131270
1936-12-23,0.0134171270
1936-12-24,0.0038411270
1936-12-28,-0.0089268730
1936-12-29,0.0029101270
1936-12-30,0.0240571270
1936-12-31,-0.0036533502
1937-01-02,-0.0108092579
1937-01-04,-0.0063550443
1937-01-05,0.0102251270
1937-01-06,0.0019791270
1937-01-07,0.0241901270
1937-01-08,0.0046362970
1937-01-09,-0.0005285215
1937-01-11,0.0065011270
1937-01-12,0.0002501270
1937-01-13,0.0021121270
1937-01-14,0.0013141270
1937-01-15,0.0039741270
1937-01-16,0.0084961270
1937-01-18,-0.0049368730
1937-01-19,-0.0097248730
1937-01-20,0.0139491270
1937-01-21,0.0078311270
1937-01-22,-0.0062668730
1937-01-23,0.0030431270
1937-01-25,-0.0085278730
1937-01-26,-0.0183698730
1937-01-27,0.0080971270
1937-01-28,0.0003831270
1937-01-29,0.0075651270
1937-01-30,0.0054371270
1937-02-01,0.0035751270
1937-02-02,0.0090281270
1937-02-03,0.0078311270
1937-02-04,0.0011811270
1937-02-05,-0.0182368730
1937-02-06,0.0115551270
1937-02-08,0.0062351270
1937-02-09,-0.0041388730
1937-02-10,0.0094271270
1937-02-11,0.0066341270
1937-02-13,-0.0022768730
1937-02-15,-0.0102568730
1937-02-16,0.0013141270
1937-02-17,-0.0017448730
1937-02-18,0.0037081270
1937-02-19,0.0066341270
1937-02-20,-0.0018778730
1937-02-23,-0.0236898730
1937-02-24,0.0041071270
1937-02-25,-0.0020108730
1937-02-26,0.0035751270
1937-02-27,0.0041071270
1937-03-01,0.0021121270
1937-03-02,0.0123531270
1937-03-03,0.0147471270
1937-03-04,-0.0078628730
1937-03-05,0.0120871270
1937-03-06,0.0043731270
1937-03-08,-0.0056018730
1937-03-09,0.0015801270
1937-03-10,0.0071661270
1937-03-11,-0.0133158730
1937-03-12,-0.0045378730
1937-03-13,-0.0018778730
1937-03-15,-0.0079958730
1937-03-16,0.0065011270
1937-03-17,-0.0048038730
1937-03-18,-0.0254188730
1937-03-19,-0.0008138730
1937-03-20,-0.0026758730
1937-03-22,-0.0353938730
1937-03-23,0.0145915637
1937-03-24,0.0092833321
1937-03-25,-0.0007453641
1937-03-27,0.0036977943
1937-03-29,-0.0048903463
1937-03-30,0.0158259342
1937-03-31,0.0023385893
1937-04-01,-0.0103393625
1937-04-02,-0.0141967651
1937-04-03,0.0045204518
1937-04-05,0.0046691804
1937-04-06,-0.0079700798
1937-04-07,-0.0385169649
1937-04-08,0.0021606087
1937-04-09,0.0040024679
1937-04-10,-0.0014276128
1937-04-12,0.0052670616
1937-04-13,0.0122226506
1937-04-14,0.0019973757
1937-04-15,-0.0038937378
1937-04-16,-0.0048729551
1937-04-17,-0.0032692395
1937-04-19,0.0051551553
1937-04-20,0.0036279686
1937-04-21,0.0140821270
1937-04-22,-0.0154204934
1937-04-23,-0.0187010008
1937-04-24,-0.0102316533
1937-04-26,-0.0386908340
1937-04-27,0.0112400122
1937-04-28,-0.0255678413
1937-04-29,0.0023513801
1937-04-30,0.0212025893
1937-05-01,0.0012502485
1937-05-03,0.0018959283
1937-05-04,0.0096596821
1937-05-05,-0.0056581442
1937-05-06,0.0038306439
1937-05-07,-0.0011834518
1937-05-08,-0.0022883553
1937-05-10,-0.0166695120
1937-05-11,-0.0008070863
1937-05-12,-0.0026873439
1937-05-13,-0.0283058843
1937-05-14,0.0075763418
1937-05-15,0.0021334258
1937-05-17,-0.0097227005
1937-05-18,0.0088191372
1937-05-19,-0.0004562733
1937-05-20,0.0200020262
1937-05-21,0.0022262731
1937-05-22,0.0087606062
1937-05-24,0.0003390672
1937-05-25,-0.0100610541
1937-05-26,-0.0019776774
1937-05-27,0.0004731251
1937-05-28,0.0012142482
1937-06-01,-0.0144063484
1937-06-02,0.0066971120
1937-06-03,0.0014884744
1937-06-04,0.0114559069
1937-06-05,0.0021161459
1937-06-07,-0.0058930733
1937-06-08,0.0041057908
1937-06-09,-0.0069669986
1937-06-10,-0.0050772317
1937-06-11,-0.0171728730
1937-06-12,-0.0102961161
1937-06-14,-0.0315551650
1937-06-15,0.0108433575
1937-06-16,-0.0097909364
1937-06-17,0.0096283954
1937-06-18,0.0079944774
1937-06-19,-0.0019545710
1937-06-21,-0.0081450608
1937-06-22,-0.0022305937
1937-06-23,0.0076827040
1937-06-24,0.0051728746
1937-06-25,-0.0060049842
1937-06-26,-0.0119261986
1937-06-28,-0.0202318730
1937-06-29,0.0027518200
1937-06-30,0.0227051793
1937-07-01,0.0070970737
1937-07-02,0.0134256916
1937-07-06,0.0330526963
1937-07-07,0.0077120654
1937-07-08,0.0021099284
1937-07-09,-0.0019518841
1937-07-10,-0.0026232893
1937-07-12,0.0135789393
1937-07-13,-0.0051366385
1937-07-14,0.0014737280
1937-07-15,0.0046641769
1937-07-16,-0.0029337738
1937-07-17,0.0010692721
1937-07-19,0.0160162515
1937-07-20,0.0113283754
1937-07-21,-0.0073233644
1937-07-22,0.0039398434
1937-07-23,0.0030431270
1937-07-24,0.0086291270
1937-07-26,-0.0024098730
1937-07-27,-0.0026758730
1937-07-28,-0.0158428730
1937-07-29,-0.0036068730
1937-07-30,0.0035751270
1937-07-31,0.0104911270
1937-08-02,0.0023781270
1937-08-03,-0.0073308730
1937-08-04,0.0054371270
1937-08-05,-0.0054688730
1937-08-06,-0.0044048730
1937-08-07,0.0090281270
1937-08-09,0.0041071270
1937-08-10,-0.0024098730
1937-08-11,-0.0006808730
1937-08-12,0.0065011270
1937-08-13,0.0106241270
1937-08-14,0.0035751270
1937-08-16,-0.0085278730
1937-08-17,-0.0045378730
1937-08-18,-0.0107888730
1937-08-19,-0.0161088730
1937-08-20,-0.0145128730
1937-08-21,0.0063681270
1937-08-23,-0.0101238730
1937-08-24,0.0080971270
1937-08-25,-0.0062668730
1937-08-26,-0.0230248730
1937-08-27,-0.0189018730
1937-08-28,0.0031761270
1937-08-30,0.0111561270
1937-08-31,-0.0030748730
1937-09-01,-0.0000158730
1937-09-02,-0.0000158730
1937-09-03,-0.0000158730
1937-09-04,-0.0000158730
1937-09-07,-0.0000158730
1937-09-08,-0.0000158730
1937-09-09,-0.0000158730
1937-09-10,-0.0000158730
1937-09-11,-0.0000158730
1937-09-13,-0.0000158730
1937-09-14,-0.0000158730
1937-09-15,-0.0000158730
1937-09-16,-0.0000158730
1937-09-17,-0.0000158730
1937-09-18,-0.0000158730
1937-09-20,-0.0000158730
1937-09-21,-0.0000158730
1937-09-22,-0.0000158730
1937-09-23,-0.0000158730
1937-09-24,-0.0000158730
1937-09-25,-0.0000158730
1937-09-27,-0.0000158730
1937-09-28,-0.0000158730
1937-09-29,-0.0000158730
1937-09-30,-0.0000158730
1937-10-01,-0.0000158730
1937-10-02,-0.0000158730
1937-10-04,-0.0000158730
1937-10-05,-0.0000158730
1937-10-06,-0.0000158730
1937-10-07,-0.0000158730
1937-10-08,-0.0000158730
1937-10-09,-0.0000158730
1937-10-11,-0.0000158730
1937-10-13,-0.0000158730
1937-10-14,-0.0000158730
1937-10-15,-0.0000158730
1937-10-16,-0.0000158730
1937-10-18,-0.0000158730
1937-10-19,-0.0000158730
1937-10-20,-0.0000158730
1937-10-21,-0.0000158730
1937-10-22,-0.0000158730
1937-10-23,-0.0000158730
1937-10-25,-0.0000158730
1937-10-26,-0.0000158730
1937-10-27,-0.0000158730
1937-10-28,-0.0000158730
1937-10-29,-0.0000158730
1937-10-30,-0.0000158730
1937-11-01,-0.0000158730
1937-11-03,-0.0000158730
1937-11-04,-0.0000158730
1937-11-05,-0.0000158730
1937-11-06,-0.0000158730
1937-11-08,-0.0000158730
1937-11-09,-0.0000158730
1937-11-10,-0.0000158730
1937-11-12,-0.0000158730
1937-11-13,-0.0000158730
1937-11-15,-0.0000158730
1937-11-16,-0.0000158730
1937-11-17,-0.0000158730
1937-11-18,-0.0000158730
1937-11-19,-0.0000158730
1937-11-20,-0.0000158730
1937-11-22,-0.0000158730
1937-11-23,-0.0000158730
1937-11-24,-0.0000158730
1937-11-26,-0.0000158730
1937-11-27,-0.0000158730
1937-11-29,-0.0000158730
1937-11-30,-0.0000158730
1937-12-01,-0.0000158730
1937-12-02,-0.0000158730
1937-12-03,-0.0000158730
1937-12-04,-0.0000158730
1937-12-06,-0.0000158730
1937-12-07,-0.0000158730
1937-12-08,-0.0000158730
1937-12-09,-0.0000158730
1937-12-10,-0.0000158730
1937-12-11,-0.0000158730
1937-12-13,-0.0000158730
1937-12-14,-0.0000158730
1937-12-15,-0.0000158730
1937-12-16,-0.0000158730
1937-12-17,-0.0000158730
1937-12-18,-0.0000158730
1937-12-20,-0.0000158730
1937-12-21,-0.0000158730
1937-12-22,-0.0000158730
1937-12-23,-0.0000158730
1937-12-24,-0.0000158730
1937-12-27,-0.0000158730
1937-12-28,-0.0000158730
1937-12-29,-0.0000158730
1937-12-30,-0.0000158730
1937-12-31,-0.0000158730
1938-01-03,-0.0000158730
1938-01-04,-0.0000158730
1938-01-05,-0.0000158730
1938-01-06,-0.0000158730
1938-01-07,-0.0000158730
1938-01-08,-0.0000158730
1938-01-10,-0.0000158730
1938-01-11,-0.0000158730
1938-01-12,-0.0000158730
1938-01-13,-0.0000158730
1938-01-14,-0.0000158730
1938-01-15,-0.0000158730
1938-01-17,-0.0000158730
1938-01-18,-0.0000158730
1938-01-19,-0.0000158730
1938-01-20,-0.0000158730
1938-01-21,-0.0000158730
1938-01-22,-0.0000158730
1938-01-24,-0.0000158730
1938-01-25,-0.0000158730
1938-01-26,-0.0000158730
1938-01-27,-0.0000158730
1938-01-28,-0.0000158730
1938-01-29,-0.0000158730
1938-01-31,-0.0000158730
1938-02-01,-0.0000158730
1938-02-02,-0.0000158730
1938-02-03,-0.0000158730
1938-02-04,-0.0000158730
1938-02-05,-0.0000158730
1938-02-07,-0.0000158730
1938-02-08,-0.0000158730
1938-02-09,-0.0000158730
1938-02-10,-0.0000158730
1938-02-11,-0.0000158730
1938-02-14,-0.0000158730
1938-02-15,-0.0000158730
1938-02-16,-0.0000158730
1938-02-17,-0.0000158730
1938-02-18,-0.0000158730
1938-02-19,-0.0000158730
1938-02-21,-0.0000158730
1938-02-23,-0.0000158730
1938-02-24,-0.0000158730
1938-02-25,-0.0000158730
1938-02-26,-0.0000158730
1938-02-28,-0.0000158730
1938-03-01,-0.0000158730
1938-03-02,-0.0000158730
1938-03-03,-0.0000158730
1938-03-04,-0.0000158730
1938-03-05,-0.0000158730
1938-03-07,-0.0000158730
1938-03-08,-0.0000158730
1938-03-09,-0.0000158730
1938-03-10,-0.0000158730
1938-03-11,-0.0000158730
1938-03-12,-0.0000158730
1938-03-14,-0.0000158730
1938-03-15,-0.0000158730
1938-03-16,-0.0000158730
1938-03-17,-0.0000158730
1938-03-18,-0.0000158730
1938-03-19,-0.0000158730
1938-03-21,-0.0000158730
1938-03-22,-0.0000158730
1938-03-23,-0.0000158730
1938-03-24,-0.0000158730
1938-03-25,-0.0000158730
1938-03-26,-0.0000158730
1938-03-28,-0.0000158730
1938-03-29,-0.0000158730
1938-03-30,-0.0000158730
1938-03-31,-0.0000158730
1938-04-01,-0.0000158730
1938-04-02,-0.0000158730
1938-04-04,-0.0000158730
1938-04-05,-0.0000158730
1938-04-06,-0.0000158730
1938-04-07,-0.0000158730
1938-04-08,-0.0000158730
1938-04-09,-0.0000158730
1938-04-11,-0.0000158730
1938-04-12,-0.0000158730
1938-04-13,-0.0000158730
1938-04-14,-0.0000158730
1938-04-16,-0.0000158730
1938-04-18,-0.0000158730
1938-04-19,-0.0000158730
1938-04-20,-0.0000158730
1938-04-21,-0.0000158730
1938-04-22,-0.0000158730
1938-04-23,-0.0000158730
1938-04-25,-0.0000158730
1938-04-26,-0.0000158730
1938-04-27,-0.0000158730
1938-04-28,-0.0000158730
1938-04-29,-0.0000158730
1938-04-30,-0.0000158730
1938-05-02,-0.0000158730
1938-05-03,-0.0000158730
1938-05-04,-0.0000158730
1938-05-05,-0.0000158730
1938-05-06,-0.0000158730
1938-05-07,-0.0000158730
1938-05-09,-0.0000158730
1938-05-10,-0.0000158730
1938-05-11,-0.0000158730
1938-05-12,-0.0000158730
1938-05-13,-0.0000158730
1938-05-14,-0.0000158730
1938-05-16,-0.0000158730
1938-05-17,-0.0000158730
1938-05-18,-0.0000158730
1938-05-19,-0.0000158730
1938-05-20,-0.0000158730
1938-05-21,-0.0000158730
1938-05-23,-0.0000158730
1938-05-24,-0.0000158730
1938-05-25,-0.0000158730
1938-05-26,-0.0000158730
1938-05-27,-0.0000158730
1938-05-28,-0.0000158730
1938-05-31,-0.0000158730
1938-06-01,-0.0000158730
1938-06-02,-0.0000158730
1938-06-03,-0.0000158730
1938-06-04,-0.0000158730
1938-06-06,-0.0000158730
1938-06-07,-0.0000158730
1938-06-08,-0.0000158730
1938-06-09,-0.0000158730
1938-06-10,-0.0000158730
1938-06-11,-0.0000158730
1938-06-13,-0.0000158730
1938-06-14,-0.0000158730
1938-06-15,-0.0000158730
1938-06-16,-0.0000158730
1938-06-17,-0.0000158730
1938-06-18,-0.0000158730
1938-06-20,-0.0000158730
1938-06-21,-0.0000158730
1938-06-22,-0.0000158730
1938-06-23,-0.0000158730
1938-06-24,-0.0000158730
1938-06-25,-0.0000158730
1938-06-27,-0.0000158730
1938-06-28,-0.0000158730
1938-06-29,-0.0000158730
1938-06-30,-0.0000158730
1938-07-01,-0.0000158730
1938-07-02,-0.0000158730
1938-07-05,-0.0000158730
1938-07-06,-0.0000158730
1938-07-07,-0.0000158730
1938-07-08,-0.0000158730
1938-07-09,-0.0000158730
1938-07-11,-0.0000158730
1938-07-12,-0.0000158730
1938-07-13,-0.0000158730
1938-07-14,-0.0000158730
1938-07-15,-0.0000158730
1938-07-16,-0.0000158730
1938-07-18,-0.0000158730
1938-07-19,-0.0000158730
1938-07-20,-0.0000158730
1938-07-21,-0.0000158730
1938-07-22,-0.0000158730
1938-07-23,-0.0000158730
1938-07-25,-0.0000158730
1938-07-26,-0.0000158730
1938-07-27,-0.0000158730
1938-07-28,-0.0000158730
1938-07-29,-0.0000158730
1938-07-30,-0.0000158730
1938-08-01,-0.0057848142
1938-08-02,0.0056031868
1938-08-03,-0.0060219567
1938-08-04,0.0042992994
1938-08-05,0.0171083227
1938-08-06,0.0089755996
1938-08-08,-0.0064062995
1938-08-09,-0.0058822633
1938-08-10,-0.0072957515
1938-08-11,-0.0210747698
1938-08-12,-0.0159201531
1938-08-13,-0.0035995388
1938-08-15,0.0047630942
1938-08-16,0.0103359418
1938-08-17,0.0013797114
1938-08-18,-0.0021150951
1938-08-19,0.0130830470
1938-08-20,0.0012966511
1938-08-22,-0.0043390687
1938-08-23,0.0218396828
1938-08-24,0.0016435036
1938-08-25,0.0046229826
1938-08-26,-0.0072908945
1938-08-27,-0.0101674715
1938-08-29,-0.0363209893
1938-08-30,0.0087545614
1938-08-31,0.0008272176
1938-09-01,-0.0073164459
1938-09-02,0.0168195513
1938-09-03,0.0069783774
1938-09-06,-0.0080204448
1938-09-07,0.0102787991
1938-09-08,-0.0057856441
1938-09-09,-0.0162639103
1938-09-10,-0.0086491781
1938-09-12,0.0087740731
1938-09-13,-0.0382743373
1938-09-14,-0.0128322365
1938-09-15,0.0218931610
1938-09-16,-0.0101389419
1938-09-17,-0.0123999689
1938-09-19,0.0151465334
1938-09-20,0.0183052606
1938-09-21,0.0025557255
1938-09-22,-0.0074787884
1938-09-23,-0.0146916192
1938-09-24,-0.0034224118
1938-09-26,-0.0142825439
1938-09-27,-0.0007562638
1938-09-28,0.0213490743
1938-09-29,0.0169467293
1938-09-30,0.0126569192
1938-10-01,0.0076340167
1938-10-03,0.0038537084
1938-10-04,0.0000341834
1938-10-05,0.0147391913
1938-10-06,-0.0013728132
1938-10-07,0.0002008624
1938-10-08,0.0056989869
1938-10-10,-0.0013182145
1938-10-11,-0.0035211750
1938-10-13,0.0152586263
1938-10-14,-0.0034803058
1938-10-15,0.0053581797
1938-10-17,-0.0079459955
1938-10-18,0.0065582732
1938-10-19,-0.0083533834
1938-10-20,0.0086145802
1938-10-21,0.0016638637
1938-10-22,0.0081726896
1938-10-24,0.0014925742
1938-10-25,0.0008153096
1938-10-26,-0.0081868966
1938-10-27,0.0021594472
1938-10-28,-0.0091377546
1938-10-29,-0.0030287628
1938-10-31,0.0024556080
1938-11-01,-0.0026046893
1938-11-02,0.0017495243
1938-11-03,0.0027049728
1938-11-04,-0.0022952390
1938-11-05,0.0034336479
1938-11-07,0.0193913503
1938-11-09,0.0282721850
1938-11-10,-0.0037388743
1938-11-12,0.0050342564
1938-11-14,-0.0186947354
1938-11-15,-0.0051265913
1938-11-16,-0.0223814299
1938-11-17,0.0075432862
1938-11-18,-0.0163631256
1938-11-19,0.0022254442
1938-11-21,-0.0006451838
1938-11-22,-0.0055756915
1938-11-23,0.0034183464
1938-11-25,0.0023273149
1938-11-26,-0.0140458940
1938-11-28,-0.0174538078
1938-11-29,0.0032393765
1938-11-30,0.0207600801
1938-12-01,-0.0031623098
1938-12-02,-0.0091148811
1938-12-03,-0.0002140304
1938-12-05,-0.0040632826
1938-12-06,0.0068239041
1938-12-07,0.0028623313
1938-12-08,-0.0106282546
1938-12-09,-0.0063276781
1938-12-10,0.0078886659
1938-12-12,0.0051452288
1938-12-13,0.0094980143
1938-12-14,0.0255960817
1938-12-15,0.0030756127
1938-12-16,-0.0054541435
1938-12-17,-0.0040513780
1938-12-19,-0.0070248909
1938-12-20,-0.0036648758
1938-12-21,-0.0111593335
1938-12-22,0.0070824518
1938-12-23,0.0108901270
1938-12-24,0.0055701270
1938-12-27,-0.0123848730
1938-12-28,0.0100921270
1938-12-29,0.0305741270
1938-12-30,0.0058677237
1938-12-31,0.0048572087
1939-01-03,-0.0085236875
1939-01-04,0.0111077882
1939-01-05,-0.0131050426
1939-01-06,0.0006925983
1939-01-07,-0.0122647714
1939-01-09,-0.0110389952
1939-01-10,0.0020435629
1939-01-11,-0.0211733603
1939-01-12,-0.0089113809
1939-01-13,-0.0068008367
1939-01-14,0.0246653064
1939-01-16,-0.0007414910
1939-01-17,0.0057435940
1939-01-18,0.0003209117
1939-01-19,0.0088103200
1939-01-20,-0.0018155487
1939-01-21,-0.0244802278
1939-01-23,-0.0437093529
1939-01-24,-0.0003157232
1939-01-25,-0.0017377355
1939-01-26,-0.0224718588
1939-01-27,0.0158049051
1939-01-28,-0.0019040185
1939-01-30,0.0174278617
1939-01-31,0.0089510795
1939-02-01,-0.0068469333
1939-02-02,0.0129397478
1939-02-03,-0.0041046345
1939-02-04,0.0055335778
1939-02-06,0.0025264430
1939-02-07,-0.0072970041
1939-02-08,0.0076764612
1939-02-09,-0.0086587607
1939-02-10,0.0007361541
1939-02-11,0.0055892364
1939-02-14,-0.0028307619
1939-02-15,0.0019745993
1939-02-16,0.0096126088
1939-02-17,-0.0056718795
1939-02-18,0.0069537746
1939-02-20,-0.0241001133
1939-02-21,0.0013760631
1939-02-23,0.0027030091
1939-02-24,0.0209675685
1939-02-25,0.0069729422
1939-02-27,-0.0005878091
1939-02-28,0.0054669801
1939-03-01,-0.0008478802
1939-03-02,-0.0001245164
1939-03-03,0.0141959624
1939-03-04,0.0023591761
1939-03-06,-0.0081953707
1939-03-07,0.0053291647
1939-03-08,0.0199551891
1939-03-09,-0.0007208428
1939-03-10,0.0078065615
1939-03-11,-0.0047260400
1939-03-13,-0.0088378591
1939-03-14,0.0046297824
1939-03-15,-0.0311378730
1939-03-16,0.0006061389
1939-03-17,-0.0309780900
1939-03-18,-0.0149031355
1939-03-20,-0.0048022946
1939-03-21,0.0143912169
1939-03-22,-0.0251991145
1939-03-23,0.0082068126
1939-03-24,0.0103895543
1939-03-25,-0.0022686980
1939-03-27,-0.0012751351
1939-03-28,-0.0111540248
1939-03-29,0.0047581074
1939-03-30,-0.0246510976
1939-03-31,-0.0362414130
1939-04-01,0.0108632935
1939-04-03,0.0004494590
1939-04-04,-0.0122624337
1939-04-05,0.0048030430
1939-04-06,-0.0206570272
1939-04-08,-0.0247264515
1939-04-10,0.0095934154
1939-04-11,-0.0010290828
1939-04-12,0.0156252257
1939-04-13,0.0061480793
1939-04-14,-0.0063671076
1939-04-15,0.0167402369
1939-04-17,-0.0092467613
1939-04-18,-0.0059960048
1939-04-19,0.0060396625
1939-04-20,0.0065309050
1939-04-21,0.0015798057
1939-04-22,-0.0003738465
1939-04-24,-0.0055198829
1939-04-25,0.0004384647
1939-04-26,0.0042687176
1939-04-27,0.0063449788
1939-04-28,-0.0057065081
1939-04-29,0.0001350456
1939-05-01,-0.0029427210
1939-05-02,0.0092452642
1939-05-03,0.0170931190
1939-05-04,-0.0008176840
1939-05-05,-0.0026984265
1939-05-06,0.0021655352
1939-05-08,-0.0023021918
1939-05-09,0.0158141145
1939-05-10,-0.0053148208
1939-05-11,0.0002701685
1939-05-12,-0.0049093367
1939-05-13,0.0018384620
1939-05-15,0.0019277844
1939-05-16,-0.0244636163
1939-05-17,-0.0067141077
1939-05-18,0.0024960926
1939-05-19,0.0082600539
1939-05-20,0.0070107814
1939-05-22,0.0089647172
1939-05-23,-0.0044903276
1939-05-24,0.0276765500
1939-05-25,0.0028283437
1939-05-26,0.0040967576
1939-05-27,0.0055857326
1939-05-29,0.0080966847
1939-05-31,-0.0028287778
1939-06-01,-0.0158367187
1939-06-02,0.0052496495
1939-06-03,0.0026725842
1939-06-05,-0.0005059610
1939-06-06,0.0138180689
1939-06-07,0.0034376723
1939-06-08,-0.0025428730
1939-06-09,0.0152791270
1939-06-10,-0.0005478730
1939-06-12,-0.0113208730
1939-06-13,-0.0077298730
1939-06-14,-0.0065328730
1939-06-15,-0.0255518730
1939-06-16,0.0004586615
1939-06-17,0.0065649183
1939-06-19,0.0091379612
1939-06-20,0.0106636035
1939-06-21,0.0003730788
1939-06-22,-0.0052028730
1939-06-23,0.0029101270
1939-06-24,-0.0014788730
1939-06-26,-0.0234238730
1939-06-27,0.0030726489
1939-06-28,-0.0211628730
1939-06-29,-0.0290853982
1939-06-30,0.0045048509
1939-07-01,-0.0000158730
1939-07-03,-0.0000158730
1939-07-05,-0.0000158730
1939-07-06,-0.0000158730
1939-07-07,-0.0000158730
1939-07-08,-0.0000158730
1939-07-10,-0.0000158730
1939-07-11,-0.0000158730
1939-07-12,-0.0000158730
1939-07-13,-0.0000158730
1939-07-14,-0.0000158730
1939-07-15,-0.0000158730
1939-07-17,-0.0000158730
1939-07-18,-0.0000158730
1939-07-19,-0.0000158730
1939-07-20,-0.0000158730
1939-07-21,-0.0000158730
1939-07-22,-0.0000158730
1939-07-24,-0.0000158730
1939-07-25,-0.0000158730
1939-07-26,-0.0000158730
1939-07-27,-0.0000158730
1939-07-28,-0.0000158730
1939-07-29,-0.0000158730
1939-07-31,-0.0000158730
1939-08-01,0.0006681403
1939-08-02,0.0100196487
1939-08-03,-0.0022137267
1939-08-04,-0.0222397739
1939-08-05,0.0049816212
1939-08-07,-0.0115485699
1939-08-08,0.0025146067
1939-08-09,-0.0083041659
1939-08-10,-0.0207035107
1939-08-11,0.0003262479
1939-08-12,0.0105875570
1939-08-14,0.0104515364
1939-08-15,0.0107853527
1939-08-16,-0.0248859032
1939-08-17,-0.0026535683
1939-08-18,-0.0191478324
1939-08-19,-0.0037369057
1939-08-21,-0.0214134585
1939-08-22,0.0152419280
1939-08-23,-0.0246292023
1939-08-24,-0.0042149267
1939-08-25,0.0170740412
1939-08-26,0.0170538594
1939-08-28,-0.0128357658
1939-08-29,0.0154707077
1939-08-30,-0.0033255746
1939-08-31,-0.0108140229
1939-09-01,-0.0000158730
1939-09-02,-0.0000158730
1939-09-05,-0.0000158730
1939-09-06,-0.0000158730
1939-09-07,-0.0000158730
1939-09-08,-0.0000158730
1939-09-09,-0.0000158730
1939-09-11,-0.0000158730
1939-09-12,-0.0000158730
1939-09-13,-0.0000158730
1939-09-14,-0.0000158730
1939-09-15,-0.0000158730
1939-09-16,-0.0000158730
1939-09-18,-0.0000158730
1939-09-19,-0.0000158730
1939-09-20,-0.0000158730
1939-09-21,-0.0000158730
1939-09-22,-0.0000158730
1939-09-23,-0.0000158730
1939-09-25,-0.0000158730
1939-09-26,-0.0000158730
1939-09-27,-0.0000158730
1939-09-28,-0.0000158730
1939-09-29,-0.0000158730
1939-09-30,-0.0000158730
1939-10-02,-0.0060603236
1939-10-03,-0.0067788300
1939-10-04,-0.0003048277
1939-10-05,0.0026342022
1939-10-06,-0.0007288650
1939-10-07,-0.0068217298
1939-10-09,0.0016913395
1939-10-10,0.0040950612
1939-10-11,0.0046394909
1939-10-13,-0.0048637092
1939-10-14,-0.0020252688
1939-10-16,0.0024018557
1939-10-17,0.0286885548
1939-10-18,-0.0036700440
1939-10-19,-0.0005828830
1939-10-20,-0.0040684448
1939-10-21,0.0068415616
1939-10-23,-0.0020315748
1939-10-24,0.0031916927
1939-10-25,0.0122626810
1939-10-26,-0.0077242435
1939-10-27,-0.0044905340
1939-10-28,-0.0030575614
1939-10-30,-0.0016625211
1939-10-31,-0.0116720537
1939-11-01,-0.0010684730
1939-11-02,0.0014471270
1939-11-03,0.0114221270
1939-11-04,-0.0022768730
1939-11-06,-0.0079958730
1939-11-08,-0.0094588730
1939-11-09,-0.0149118730
1939-11-10,0.0037081270
1939-11-13,0.0002501270
1939-11-14,0.0080971270
1939-11-15,-0.0028088730
1939-11-16,0.0146141270
1939-11-17,-0.0038728730
1939-11-18,0.0045061270
1939-11-20,0.0007821270
1939-11-21,-0.0083948730
1939-11-22,-0.0017448730
1939-11-24,-0.0147788730
1939-11-25,0.0005161270
1939-11-27,0.0010481270
1939-11-28,-0.0021438730
1939-11-29,-0.0143798730
1939-11-30,-0.0118528730
1939-12-01,0.0096931270
1939-12-02,0.0014471270
1939-12-04,-0.0014788730
1939-12-05,0.0014471270
1939-12-06,0.0188701270
1939-12-07,0.0038411270
1939-12-08,-0.0099908730
1939-12-09,-0.0008138730
1939-12-11,-0.0109218730
1939-12-12,-0.0030748730
1939-12-13,0.0175401270
1939-12-14,-0.0009468730
1939-12-15,0.0011811270
1939-12-16,-0.0008138730
1939-12-18,-0.0022768730
1939-12-19,-0.0034738730
1939-12-20,0.0041071270
1939-12-21,0.0003831270
1939-12-22,0.0043731270
1939-12-23,0.0013141270
1939-12-26,-0.0052028730
1939-12-27,-0.0083948730
1939-12-28,0.0115551270
1939-12-29,0.0076981270
1939-12-30,0.0029101270
1940-01-02,0.0142151270
1940-01-03,0.0151461270
1940-01-04,-0.0037398730
1940-01-05,-0.0069318730
1940-01-06,-0.0010798730
1940-01-08,0.0014471270
1940-01-09,-0.0113208730
1940-01-10,0.0019791270
1940-01-11,-0.0178378730
1940-01-12,-0.0216948730
1940-01-13,-0.0048038730
1940-01-15,-0.0050698730
1940-01-16,0.0086291270
1940-01-17,0.0027771270
1940-01-18,-0.0032078730
1940-01-19,0.0029101270
1940-01-20,-0.0010798730
1940-01-22,-0.0040058730
1940-01-23,0.0025111270
1940-01-24,0.0156781270
1940-01-25,-0.0056018730
1940-01-26,0.0001171270
1940-01-27,-0.0013458730
1940-01-29,-0.0012128730
1940-01-30,-0.0054688730
1940-01-31,-0.0030748730
1940-02-01,-0.0006808730
1940-02-02,0.0019791270
1940-02-03,0.0031761270
1940-02-05,-0.0050698730
1940-02-06,0.0086291270
1940-02-07,0.0058361270
1940-02-08,0.0150131270
1940-02-09,0.0033091270
1940-02-10,-0.0024098730
1940-02-13,-0.0013458730
1940-02-14,-0.0018778730
1940-02-15,0.0014471270
1940-02-16,0.0005161270
1940-02-17,0.0038411270
1940-02-19,-0.0021438730
1940-02-20,0.0042401270
1940-02-21,-0.0010798730
1940-02-23,-0.0063998730
1940-02-24,-0.0065328730
1940-02-26,-0.0008138730
1940-02-27,-0.0020108730
1940-02-28,0.0017131270
1940-02-29,-0.0002818730
1940-03-01,-0.0040058730
1940-03-02,0.0001171270
1940-03-04,0.0030431270
1940-03-05,0.0047721270
1940-03-06,0.0092941270
1940-03-07,0.0034421270
1940-03-08,-0.0025428730
1940-03-09,0.0003831270
1940-03-11,0.0021121270
1940-03-12,0.0003831270
1940-03-13,-0.0018778730
1940-03-14,-0.0009468730
1940-03-15,-0.0157098730
1940-03-16,-0.0063998730
1940-03-18,-0.0008138730
1940-03-19,0.0090281270
1940-03-20,0.0076981270
1940-03-21,-0.0004148730
1940-03-23,-0.0001488730
1940-03-25,-0.0026758730
1940-03-26,-0.0029418730
1940-03-27,0.0168751270
1940-03-28,-0.0020108730
1940-03-29,0.0049051270
1940-03-30,0.0058361270
1940-04-01,-0.0021438730
1940-04-02,0.0033091270
1940-04-03,0.0180721270
1940-04-04,0.0094271270
1940-04-05,-0.0037398730
1940-04-06,0.0079641270
1940-04-08,0.0014471270
1940-04-09,-0.0099908730
1940-04-10,-0.0079958730
1940-04-11,0.0031761270
1940-04-12,-0.0082618730
1940-04-13,0.0023781270
1940-04-15,0.0011811270
1940-04-16,-0.0159758730
1940-04-17,0.0034421270
1940-04-18,-0.0098578730
1940-04-19,-0.0013458730
1940-04-20,0.0082301270
1940-04-22,0.0031761270
1940-04-23,0.0069001270
1940-04-24,-0.0044048730
1940-04-25,0.0010481270
1940-04-26,-0.0090598730
1940-04-27,0.0018461270
1940-04-29,0.0030431270
1940-04-30,0.0013141270
1940-05-01,-0.0139808730
1940-05-02,0.0062351270
1940-05-03,0.0013141270
1940-05-04,-0.0024098730
1940-05-06,-0.0014788730
1940-05-07,0.0018461270
1940-05-08,0.0011811270
1940-05-09,0.0030431270
1940-05-10,-0.0339308730
1940-05-11,0.0014371740
1940-05-13,-0.0743628730
1940-05-14,-0.0463700689
1940-05-15,0.0020391439
1940-05-16,0.0068141295
1940-05-17,-0.0200935875
1940-05-18,-0.0085570214
1940-05-20,0.0021452268
1940-05-21,-0.0329534585
1940-05-22,0.0006179626
1940-05-23,0.0012891246
1940-05-24,-0.0008546837
1940-05-25,0.0050878776
1940-05-27,0.0075580138
1940-05-28,-0.0105606680
1940-05-29,0.0060876905
1940-05-31,0.0019039648
1940-06-01,-0.0000158730
1940-06-03,-0.0000158730
1940-06-04,-0.0000158730
1940-06-05,-0.0000158730
1940-06-06,-0.0000158730
1940-06-07,-0.0000158730
1940-06-08,-0.0000158730
1940-06-10,-0.0000158730
1940-06-11,-0.0000158730
1940-06-12,-0.0000158730
1940-06-13,-0.0000158730
1940-06-14,-0.0000158730
1940-06-15,-0.0000158730
1940-06-17,-0.0000158730
1940-06-18,-0.0000158730
1940-06-19,-0.0000158730
1940-06-20,-0.0000158730
1940-06-21,-0.0000158730
1940-06-22,-0.0000158730
1940-06-24,-0.0000158730
1940-06-25,-0.0000158730
1940-06-26,-0.0000158730
1940-06-27,-0.0000158730
1940-06-28,-0.0000158730
1940-06-29,-0.0000158730
1940-07-01,-0.0042206700
1940-07-02,-0.0011252551
1940-07-03,0.0015330712
1940-07-05,0.0038796391
1940-07-06,0.0018485190
1940-07-08,-0.0017921355
1940-07-09,-0.0015939067
1940-07-10,0.0004696178
1940-07-11,0.0006966471
1940-07-12,-0.0008695287
1940-07-13,0.0007664524
1940-07-15,0.0038504000
1940-07-16,0.0120973575
1940-07-17,-0.0027170387
1940-07-18,0.0017715495
1940-07-19,-0.0085278730
1940-07-20,-0.0028088730
1940-07-22,-0.0006808730
1940-07-23,0.0009151270
1940-07-24,-0.0058678730
1940-07-25,0.0007821270
1940-07-26,0.0049051270
1940-07-27,0.0025111270
1940-07-29,0.0069001270
1940-07-30,0.0292441270
1940-07-31,-0.0008103550
1940-08-01,-0.0000158730
1940-08-02,-0.0000158730
1940-08-03,-0.0000158730
1940-08-05,-0.0000158730
1940-08-06,-0.0000158730
1940-08-07,-0.0000158730
1940-08-08,-0.0000158730
1940-08-09,-0.0000158730
1940-08-10,-0.0000158730
1940-08-12,-0.0000158730
1940-08-13,-0.0000158730
1940-08-14,-0.0000158730
1940-08-15,-0.0000158730
1940-08-16,-0.0000158730
1940-08-17,-0.0000158730
1940-08-19,-0.0000158730
1940-08-20,-0.0000158730
1940-08-21,-0.0000158730
1940-08-22,-0.0000158730
1940-08-23,-0.0000158730
1940-08-24,-0.0000158730
1940-08-26,-0.0000158730
1940-08-27,-0.0000158730
1940-08-28,-0.0000158730
1940-08-29,-0.0000158730
1940-08-30,-0.0000158730
1940-08-31,-0.0000158730
1940-09-03,-0.0000158730
1940-09-04,-0.0000158730
1940-09-05,-0.0000158730
1940-09-06,-0.0000158730
1940-09-07,-0.0000158730
1940-09-09,-0.0000158730
1940-09-10,-0.0000158730
1940-09-11,-0.0000158730
1940-09-12,-0.0000158730
1940-09-13,-0.0000158730
1940-09-14,-0.0000158730
1940-09-16,-0.0000158730
1940-09-17,-0.0000158730
1940-09-18,-0.0000158730
1940-09-19,-0.0000158730
1940-09-20,-0.0000158730
1940-09-21,-0.0000158730
1940-09-23,-0.0000158730
1940-09-24,-0.0000158730
1940-09-25,-0.0000158730
1940-09-26,-0.0000158730
1940-09-27,-0.0000158730
1940-09-28,-0.0000158730
1940-09-30,-0.0000158730
1940-10-01,-0.0000158730
1940-10-02,-0.0000158730
1940-10-03,-0.0000158730
1940-10-04,-0.0000158730
1940-10-05,-0.0000158730
1940-10-07,-0.0000158730
1940-10-08,-0.0000158730
1940-10-09,-0.0000158730
1940-10-10,-0.0000158730
1940-10-11,-0.0000158730
1940-10-14,-0.0000158730
1940-10-15,-0.0000158730
1940-10-16,-0.0000158730
1940-10-17,-0.0000158730
1940-10-18,-0.0000158730
1940-10-19,-0.0000158730
1940-10-21,-0.0000158730
1940-10-22,-0.0000158730
1940-10-23,-0.0000158730
1940-10-24,-0.0000158730
1940-10-25,-0.0000158730
1940-10-26,-0.0000158730
1940-10-28,-0.0000158730
1940-10-29,-0.0000158730
1940-10-30,-0.0000158730
1940-10-31,-0.0000158730
1940-11-01,-0.0000158730
1940-11-02,-0.0000158730
1940-11-04,-0.0000158730
1940-11-06,-0.0000158730
1940-11-07,-0.0000158730
1940-11-08,-0.0000158730
1940-11-09,-0.0000158730
1940-11-12,-0.0000158730
1940-11-13,-0.0000158730
1940-11-14,-0.0000158730
1940-11-15,-0.0000158730
1940-11-16,-0.0000158730
1940-11-18,-0.0000158730
1940-11-19,-0.0000158730
1940-11-20,-0.0000158730
1940-11-22,-0.0000158730
1940-11-23,-0.0000158730
1940-11-25,-0.0000158730
1940-11-26,-0.0000158730
1940-11-27,-0.0000158730
1940-11-28,-0.0000158730
1940-11-29,-0.0000158730
1940-11-30,-0.0000158730
1940-12-02,-0.0000158730
1940-12-03,-0.0000158730
1940-12-04,-0.0000158730
1940-12-05,-0.0000158730
1940-12-06,-0.0000158730
1940-12-07,-0.0000158730
1940-12-09,-0.0000158730
1940-12-10,-0.0000158730
1940-12-11,-0.0000158730
1940-12-12,-0.0000158730
1940-12-13,-0.0000158730
1940-12-14,-0.0000158730
1940-12-16,-0.0000158730
1940-12-17,-0.0000158730
1940-12-18,-0.0000158730
1940-12-19,-0.0000158730
1940-12-20,-0.0000158730
1940-12-21,-0.0000158730
1940-12-23,-0.0000158730
1940-12-24,-0.0000158730
1940-12-26,-0.0000158730
1940-12-27,-0.0000158730
1940-12-28,-0.0000158730
1940-12-30,-0.0000158730
1940-12-31,-0.0000158730
1941-01-02,-0.0000158730
1941-01-03,-0.0000158730
1941-01-04,-0.0000158730
1941-01-06,-0.0000158730
1941-01-07,-0.0000158730
1941-01-08,-0.0000158730
1941-01-09,-0.0000158730
1941-01-10,-0.0000158730
1941-01-11,-0.0000158730
1941-01-13,-0.0000158730
1941-01-14,-0.0000158730
1941-01-15,-0.0000158730
1941-01-16,-0.0000158730
1941-01-17,-0.0000158730
1941-01-18,-0.0000158730
1941-01-20,-0.0000158730
1941-01-21,-0.0000158730
1941-01-22,-0.0000158730
1941-01-23,-0.0000158730
1941-01-24,-0.0000158730
1941-01-25,-0.0000158730
1941-01-27,-0.0000158730
1941-01-28,-0.0000158730
1941-01-29,-0.0000158730
1941-01-30,-0.0000158730
1941-01-31,-0.0000158730
1941-02-01,-0.0000158730
1941-02-03,-0.0000158730
1941-02-04,-0.0000158730
1941-02-05,-0.0000158730
1941-02-06,-0.0000158730
1941-02-07,-0.0000158730
1941-02-08,-0.0000158730
1941-02-10,-0.0000158730
1941-02-11,-0.0000158730
1941-02-13,-0.0000158730
1941-02-14,-0.0000158730
1941-02-15,-0.0000158730
1941-02-17,-0.0000158730
1941-02-18,-0.0000158730
1941-02-19,-0.0000158730
1941-02-20,-0.0000158730
1941-02-21,-0.0000158730
1941-02-24,-0.0000158730
1941-02-25,-0.0000158730
1941-02-26,-0.0000158730
1941-02-27,-0.0000158730
1941-02-28,-0.0000158730
1941-03-01,-0.0000158730
1941-03-03,-0.0000158730
1941-03-04,-0.0000158730
1941-03-05,-0.0000158730
1941-03-06,-0.0000158730
1941-03-07,-0.0000158730
1941-03-08,-0.0000158730
1941-03-10,-0.0000158730
1941-03-11,-0.0000158730
1941-03-12,-0.0000158730
1941-03-13,-0.0000158730
1941-03-14,-0.0000158730
1941-03-15,-0.0000158730
1941-03-17,-0.0000158730
1941-03-18,-0.0000158730
1941-03-19,-0.0000158730
1941-03-20,-0.0000158730
1941-03-21,-0.0000158730
1941-03-22,-0.0000158730
1941-03-24,-0.0000158730
1941-03-25,-0.0000158730
1941-03-26,-0.0000158730
1941-03-27,-0.0000158730
1941-03-28,-0.0000158730
1941-03-29,-0.0000158730
1941-03-31,-0.0000158730
1941-04-01,0.0023781270
1941-04-02,0.0029101270
1941-04-03,0.0182051270
1941-04-04,-0.0004148730
1941-04-05,-0.0041388730
1941-04-07,-0.0062668730
1941-04-08,-0.0260838730
1941-04-09,-0.0146458730
1941-04-10,-0.0021438730
1941-04-12,-0.0125178730
1941-04-14,0.0027771270
1941-04-15,-0.0044048730
1941-04-16,0.0006491270
1941-04-17,-0.0022768730
1941-04-18,-0.0182368730
1941-04-19,-0.0037398730
1941-04-21,-0.0032078730
1941-04-22,-0.0033408730
1941-04-23,0.0080971270
1941-04-24,0.0095601270
1941-04-25,-0.0082618730
1941-04-26,-0.0002818730
1941-04-28,0.0019791270
1941-04-29,0.0039741270
1941-04-30,-0.0145128730
1941-05-01,-0.0000158730
1941-05-02,-0.0000158730
1941-05-03,-0.0000158730
1941-05-05,-0.0000158730
1941-05-06,-0.0000158730
1941-05-07,-0.0000158730
1941-05-08,-0.0000158730
1941-05-09,-0.0000158730
1941-05-10,-0.0000158730
1941-05-12,-0.0000158730
1941-05-13,-0.0000158730
1941-05-14,-0.0000158730
1941-05-15,-0.0000158730
1941-05-16,-0.0000158730
1941-05-17,-0.0000158730
1941-05-19,-0.0000158730
1941-05-20,-0.0000158730
1941-05-21,-0.0000158730
1941-05-22,-0.0000158730
1941-05-23,-0.0000158730
1941-05-24,-0.0000158730
1941-05-26,-0.0000158730
1941-05-27,-0.0000158730
1941-05-28,-0.0000158730
1941-05-29,-0.0000158730
1941-05-31,-0.0000158730
1941-06-02,-0.0000158730
1941-06-03,-0.0000158730
1941-06-04,-0.0000158730
1941-06-05,-0.0000158730
1941-06-06,-0.0000158730
1941-06-07,-0.0000158730
1941-06-09,-0.0000158730
1941-06-10,-0.0000158730
1941-06-11,-0.0000158730
1941-06-12,-0.0000158730
1941-06-13,-0.0000158730
1941-06-14,-0.0000158730
1941-06-16,-0.0000158730
1941-06-17,-0.0000158730
1941-06-18,-0.0000158730
1941-06-19,-0.0000158730
1941-06-20,-0.0000158730
1941-06-21,-0.0000158730
1941-06-23,-0.0000158730
1941-06-24,-0.0000158730
1941-06-25,-0.0000158730
1941-06-26,-0.0000158730
1941-06-27,-0.0000158730
1941-06-28,-0.0000158730
1941-06-30,-0.0000158730
1941-07-01,-0.0030748730
1941-07-02,0.0092941270
1941-07-03,0.0058361270
1941-07-05,0.0025111270
1941-07-07,0.0186041270
1941-07-08,0.0202001270
1941-07-09,0.0003831270
1941-07-10,0.0007821270
1941-07-11,0.0017131270
1941-07-12,0.0005161270
1941-07-14,0.0022451270
1941-07-15,0.0026441270
1941-07-16,-0.0054688730
1941-07-17,-0.0079958730
1941-07-18,0.0033091270
1941-07-19,0.0045061270
1941-07-21,0.0178061270
1941-07-22,-0.0001488730
1941-07-23,-0.0017448730
1941-07-24,-0.0036068730
1941-07-25,-0.0021438730
1941-07-26,0.0063681270
1941-07-28,0.0110231270
1941-07-29,-0.0042718730
1941-07-30,-0.0025428730
1941-07-31,-0.0009468730
1941-08-01,-0.0036068730
1941-08-02,-0.0006808730
1941-08-04,0.0019791270
1941-08-05,-0.0013458730
1941-08-06,-0.0001488730
1941-08-07,0.0003831270
1941-08-08,-0.0086608730
1941-08-09,-0.0091928730
1941-08-11,-0.0050698730
1941-08-12,-0.0017448730
1941-08-13,-0.0012128730
1941-08-14,0.0026441270
1941-08-15,-0.0101238730
1941-08-16,0.0027771270
1941-08-18,0.0054371270
1941-08-19,0.0005161270
1941-08-20,0.0059691270
1941-08-21,0.0001171270
1941-08-22,-0.0005478730
1941-08-23,0.0007821270
1941-08-25,0.0010481270
1941-08-26,0.0075651270
1941-08-27,0.0025111270
1941-08-28,0.0043731270
1941-08-29,0.0009151270
1941-08-30,0.0030431270
1941-09-02,0.0039741270
1941-09-03,-0.0045378730
1941-09-04,-0.0016118730
1941-09-05,-0.0016118730
1941-09-06,0.0013141270
1941-09-08,0.0023781270
1941-09-09,-0.0037398730
1941-09-10,-0.0077298730
1941-09-11,0.0079641270
1941-09-12,0.0015801270
1941-09-13,0.0014471270
1941-09-15,0.0006491270
1941-09-16,0.0029101270
1941-09-17,0.0180721270
1941-09-18,-0.0052028730
1941-09-19,-0.0109218730
1941-09-20,-0.0046708730
1941-09-22,0.0029101270
1941-09-23,0.0042401270
1941-09-24,-0.0063998730
1941-09-25,-0.0198328730
1941-09-26,-0.0050698730
1941-09-27,0.0046391270
1941-09-29,0.0010481270
1941-09-30,0.0066341270
1941-10-01,-0.0001488730
1941-10-02,-0.0034738730
1941-10-03,-0.0021438730
1941-10-04,0.0018461270
1941-10-06,-0.0022768730
1941-10-07,-0.0146458730
1941-10-08,-0.0006808730
1941-10-09,-0.0167738730
1941-10-10,-0.0001488730
1941-10-11,0.0010481270
1941-10-14,-0.0061338730
1941-10-15,-0.0069318730
1941-10-16,-0.0222268730
1941-10-17,0.0043731270
1941-10-18,0.0126191270
1941-10-20,0.0009151270
1941-10-21,0.0100921270
1941-10-22,-0.0058678730
1941-10-23,0.0043731270
1941-10-24,0.0069001270
1941-10-25,-0.0038728730
1941-10-27,-0.0117198730
1941-10-28,0.0003831270
1941-10-29,-0.0032078730
1941-10-30,-0.0013458730
1941-10-31,-0.0126508730
1941-11-01,-0.0000158730
1941-11-03,-0.0000158730
1941-11-05,-0.0000158730
1941-11-06,-0.0000158730
1941-11-07,-0.0000158730
1941-11-08,-0.0000158730
1941-11-10,-0.0000158730
1941-11-12,-0.0000158730
1941-11-13,-0.0000158730
1941-11-14,-0.0000158730
1941-11-15,-0.0000158730
1941-11-17,-0.0000158730
1941-11-18,-0.0000158730
1941-11-19,-0.0000158730
1941-11-21,-0.0000158730
1941-11-22,-0.0000158730
1941-11-24,-0.0000158730
1941-11-25,-0.0000158730
1941-11-26,-0.0000158730
1941-11-27,-0.0000158730
1941-11-28,-0.0000158730
1941-11-29,-0.0000158730
1941-12-01,-0.0000158730
1941-12-02,-0.0000158730
1941-12-03,-0.0000158730
1941-12-04,-0.0000158730
1941-12-05,-0.0000158730
1941-12-06,-0.0000158730
1941-12-08,-0.0000158730
1941-12-09,-0.0000158730
1941-12-10,-0.0000158730
1941-12-11,-0.0000158730
1941-12-12,-0.0000158730
1941-12-13,-0.0000158730
1941-12-15,-0.0000158730
1941-12-16,-0.0000158730
1941-12-17,-0.0000158730
1941-12-18,-0.0000158730
1941-12-19,-0.0000158730
1941-12-20,-0.0000158730
1941-12-22,-0.0000158730
1941-12-23,-0.0000158730
1941-12-24,-0.0000158730
1941-12-26,-0.0000158730
1941-12-27,-0.0000158730
1941-12-29,-0.0000158730
1941-12-30,-0.0000158730
1941-12-31,-0.0000158730
1942-01-02,-0.0000158730
1942-01-03,-0.0000158730
1942-01-05,-0.0000158730
1942-01-06,-0.0000158730
1942-01-07,-0.0000158730
1942-01-08,-0.0000158730
1942-01-09,-0.0000158730
1942-01-10,-0.0000158730
1942-01-12,-0.0000158730
1942-01-13,-0.0000158730
1942-01-14,-0.0000158730
1942-01-15,-0.0000158730
1942-01-16,-0.0000158730
1942-01-17,-0.0000158730
1942-01-19,-0.0000158730
1942-01-20,-0.0000158730
1942-01-21,-0.0000158730
1942-01-22,-0.0000158730
1942-01-23,-0.0000158730
1942-01-24,-0.0000158730
1942-01-26,-0.0000158730
1942-01-27,-0.0000158730
1942-01-28,-0.0000158730
1942-01-29,-0.0000158730
1942-01-30,-0.0000158730
1942-01-31,-0.0000158730
1942-02-02,-0.0000158730
1942-02-03,-0.0000158730
1942-02-04,-0.0000158730
1942-02-05,-0.0000158730
1942-02-06,-0.0000158730
1942-02-07,-0.0000158730
1942-02-09,-0.0000158730
1942-02-10,-0.0000158730
1942-02-11,-0.0000158730
1942-02-13,-0.0000158730
1942-02-14,-0.0000158730
1942-02-16,-0.0000158730
1942-02-17,-0.0000158730
1942-02-18,-0.0000158730
1942-02-19,-0.0000158730
1942-02-20,-0.0000158730
1942-02-21,-0.0000158730
1942-02-24,-0.0000158730
1942-02-25,-0.0000158730
1942-02-26,-0.0000158730
1942-02-27,-0.0000158730
1942-02-28,-0.0000158730
1942-03-02,-0.0000158730
1942-03-03,-0.0000158730
1942-03-04,-0.0000158730
1942-03-05,-0.0000158730
1942-03-06,-0.0000158730
1942-03-07,-0.0000158730
1942-03-09,-0.0000158730
1942-03-10,-0.0000158730
1942-03-11,-0.0000158730
1942-03-12,-0.0000158730
1942-03-13,-0.0000158730
1942-03-14,-0.0000158730
1942-03-16,-0.0000158730
1942-03-17,-0.0000158730
1942-03-18,-0.0000158730
1942-03-19,-0.0000158730
1942-03-20,-0.0000158730
1942-03-21,-0.0000158730
1942-03-23,-0.0000158730
1942-03-24,-0.0000158730
1942-03-25,-0.0000158730
1942-03-26,-0.0000158730
1942-03-27,-0.0000158730
1942-03-28,-0.0000158730
1942-03-30,-0.0000158730
1942-03-31,-0.0000158730
1942-04-01,-0.0000158730
1942-04-02,-0.0000158730
1942-04-04,-0.0000158730
1942-04-06,-0.0000158730
1942-04-07,-0.0000158730
1942-04-08,-0.0000158730
1942-04-09,-0.0000158730
1942-04-10,-0.0000158730
1942-04-11,-0.0000158730
1942-04-13,-0.0000158730
1942-04-14,-0.0000158730
1942-04-15,-0.0000158730
1942-04-16,-0.0000158730
1942-04-17,-0.0000158730
1942-04-18,-0.0000158730
1942-04-20,-0.0000158730
1942-04-21,-0.0000158730
1942-04-22,-0.0000158730
1942-04-23,-0.0000158730
1942-04-24,-0.0000158730
1942-04-25,-0.0000158730
1942-04-27,-0.0000158730
1942-04-28,-0.0000158730
1942-04-29,-0.0000158730
1942-04-30,-0.0000158730
1942-05-01,-0.0000158730
1942-05-02,-0.0000158730
1942-05-04,-0.0000158730
1942-05-05,-0.0000158730
1942-05-06,-0.0000158730
1942-05-07,-0.0000158730
1942-05-08,-0.0000158730
1942-05-09,-0.0000158730
1942-05-11,-0.0000158730
1942-05-12,-0.0000158730
1942-05-13,-0.0000158730
1942-05-14,-0.0000158730
1942-05-15,-0.0000158730
1942-05-16,-0.0000158730
1942-05-18,-0.0000158730
1942-05-19,-0.0000158730
1942-05-20,-0.0000158730
1942-05-21,-0.0000158730
1942-05-22,-0.0000158730
1942-05-23,-0.0000158730
1942-05-25,-0.0000158730
1942-05-26,-0.0000158730
1942-05-27,-0.0000158730
1942-05-28,-0.0000158730
1942-05-29,-0.0000158730
1942-06-01,-0.0000158730
1942-06-02,-0.0000158730
1942-06-03,-0.0000158730
1942-06-04,-0.0000158730
1942-06-05,-0.0000158730
1942-06-06,-0.0000158730
1942-06-08,-0.0000158730
1942-06-09,-0.0000158730
1942-06-10,-0.0000158730
1942-06-11,-0.0000158730
1942-06-12,-0.0000158730
1942-06-13,-0.0000158730
1942-06-15,-0.0000158730
1942-06-16,-0.0000158730
1942-06-17,-0.0000158730
1942-06-18,-0.0000158730
1942-06-19,-0.0000158730
1942-06-20,-0.0000158730
1942-06-22,-0.0000158730
1942-06-23,-0.0000158730
1942-06-24,-0.0000158730
1942-06-25,-0.0000158730
1942-06-26,-0.0000158730
1942-06-27,-0.0000158730
1942-06-29,-0.0000158730
1942-06-30,-0.0000158730
1942-07-01,-0.0000158730
1942-07-02,-0.0000158730
1942-07-03,-0.0000158730
1942-07-06,-0.0000158730
1942-07-07,-0.0000158730
1942-07-08,-0.0000158730
1942-07-09,-0.0000158730
1942-07-10,-0.0000158730
1942-07-11,-0.0000158730
1942-07-13,-0.0000158730
1942-07-14,-0.0000158730
1942-07-15,-0.0000158730
1942-07-16,-0.0000158730
1942-07-17,-0.0000158730
1942-07-18,-0.0000158730
1942-07-20,-0.0000158730
1942-07-21,-0.0000158730
1942-07-22,-0.0000158730
1942-07-23,-0.0000158730
1942-07-24,-0.0000158730
1942-07-25,-0.0000158730
1942-07-27,-0.0000158730
1942-07-28,-0.0000158730
1942-07-29,-0.0000158730
1942-07-30,-0.0000158730
1942-07-31,-0.0000158730
1942-08-01,-0.0000158730
1942-08-03,-0.0000158730
1942-08-04,-0.0000158730
1942-08-05,-0.0000158730
1942-08-06,-0.0000158730
1942-08-07,-0.0000158730
1942-08-08,-0.0000158730
1942-08-10,-0.0000158730
1942-08-11,-0.0000158730
1942-08-12,-0.0000158730
1942-08-13,-0.0000158730
1942-08-14,-0.0000158730
1942-08-15,-0.0000158730
1942-08-17,-0.0000158730
1942-08-18,-0.0000158730
1942-08-19,-0.0000158730
1942-08-20,-0.0000158730
1942-08-21,-0.0000158730
1942-08-22,-0.0000158730
1942-08-24,-0.0000158730
1942-08-25,-0.0000158730
1942-08-26,-0.0000158730
1942-08-27,-0.0000158730
1942-08-28,-0.0000158730
1942-08-29,-0.0000158730
1942-08-31,-0.0000158730
1942-09-01,-0.0000158730
1942-09-02,-0.0000158730
1942-09-03,-0.0000158730
1942-09-04,-0.0000158730
1942-09-05,-0.0000158730
1942-09-08,-0.0000158730
1942-09-09,-0.0000158730
1942-09-10,-0.0000158730
1942-09-11,-0.0000158730
1942-09-12,-0.0000158730
1942-09-14,-0.0000158730
1942-09-15,-0.0000158730
1942-09-16,-0.0000158730
1942-09-17,-0.0000158730
1942-09-18,-0.0000158730
1942-09-19,-0.0000158730
1942-09-21,-0.0000158730
1942-09-22,-0.0000158730
1942-09-23,-0.0000158730
1942-09-24,-0.0000158730
1942-09-25,-0.0000158730
1942-09-26,-0.0000158730
1942-09-28,-0.0000158730
1942-09-29,-0.0000158730
1942-09-30,-0.0000158730
1942-10-01,-0.0000158730
1942-10-02,-0.0000158730
1942-10-03,-0.0000158730
1942-10-05,-0.0000158730
1942-10-06,-0.0000158730
1942-10-07,-0.0000158730
1942-10-08,-0.0000158730
1942-10-09,-0.0000158730
1942-10-10,-0.0000158730
1942-10-13,-0.0000158730
1942-10-14,-0.0000158730
1942-10-15,-0.0000158730
1942-10-16,-0.0000158730
1942-10-17,-0.0000158730
1942-10-19,-0.0000158730
1942-10-20,-0.0000158730
1942-10-21,-0.0000158730
1942-10-22,-0.0000158730
1942-10-23,-0.0000158730
1942-10-24,-0.0000158730
1942-10-26,-0.0000158730
1942-10-27,-0.0000158730
1942-10-28,-0.0000158730
1942-10-29,-0.0000158730
1942-10-30,-0.0000158730
1942-10-31,-0.0000158730
1942-11-02,0.0086291270
1942-11-04,-0.0034738730
1942-11-05,0.0015801270
1942-11-06,0.0140821270
1942-11-07,0.0090281270
1942-11-09,0.0041071270
1942-11-10,-0.0069318730
1942-11-12,0.0005161270
1942-11-13,-0.0045378730
1942-11-14,0.0002501270
1942-11-16,-0.0114538730
1942-11-17,-0.0119858730
1942-11-18,0.0025111270
1942-11-19,0.0017131270
1942-11-20,0.0111561270
1942-11-21,0.0021121270
1942-11-23,-0.0147788730
1942-11-24,-0.0028088730
1942-11-25,-0.0010798730
1942-11-27,0.0051711270
1942-11-28,0.0010481270
1942-11-30,-0.0028088730
1942-12-01,0.0017131270
1942-12-02,0.0047721270
1942-12-03,0.0037081270
1942-12-04,-0.0017448730
1942-12-05,0.0015801270
1942-12-07,-0.0046708730
1942-12-08,0.0069001270
1942-12-09,-0.0006808730
1942-12-10,0.0014471270
1942-12-11,0.0011811270
1942-12-12,0.0030431270
1942-12-14,0.0011811270
1942-12-15,0.0049051270
1942-12-16,0.0072991270
1942-12-17,0.0241901270
1942-12-18,-0.0002818730
1942-12-19,-0.0006808730
1942-12-21,-0.0010798730
1942-12-22,-0.0004148730
1942-12-23,0.0027771270
1942-12-24,0.0061021270
1942-12-26,0.0031761270
1942-12-28,-0.0113208730
1942-12-29,-0.0026758730
1942-12-30,0.0135501270
1942-12-31,0.0027771270
1943-01-02,0.0103581270
1943-01-04,0.0112891270
1943-01-05,-0.0048038730
1943-01-06,0.0005161270
1943-01-07,-0.0005478730
1943-01-08,0.0027771270
1943-01-09,0.0031761270
1943-01-11,0.0039741270
1943-01-12,-0.0032078730
1943-01-13,0.0035751270
1943-01-14,0.0066341270
1943-01-15,0.0123531270
1943-01-16,0.0025111270
1943-01-18,-0.0008138730
1943-01-19,-0.0115868730
1943-01-20,-0.0001488730
1943-01-21,0.0155451270
1943-01-22,0.0019791270
1943-01-23,0.0037081270
1943-01-25,0.0120871270
1943-01-26,0.0063681270
1943-01-27,-0.0028088730
1943-01-28,0.0031761270
1943-01-29,0.0108901270
1943-01-30,0.0045061270
1943-02-01,0.0047721270
1943-02-02,0.0005161270
1943-02-03,-0.0060008730
1943-02-04,-0.0010798730
1943-02-05,0.0076981270
1943-02-06,0.0010481270
1943-02-08,-0.0030748730
1943-02-09,0.0092941270
1943-02-10,0.0131511270
1943-02-11,0.0034421270
1943-02-13,0.0062351270
1943-02-15,0.0110231270
1943-02-16,-0.0024098730
1943-02-17,0.0022451270
1943-02-18,-0.0143798730
1943-02-19,-0.0013458730
1943-02-20,0.0151461270
1943-02-23,0.0104911270
1943-02-24,0.0090281270
1943-02-25,0.0080971270
1943-02-26,0.0009151270
1943-02-27,0.0047721270
1943-03-01,-0.0073308730
1943-03-02,-0.0081288730
1943-03-03,0.0167421270
1943-03-04,0.0042401270
1943-03-05,0.0043731270
1943-03-06,0.0027771270
1943-03-08,-0.0021438730
1943-03-09,-0.0087938730
1943-03-10,-0.0053358730
1943-03-11,0.0148801270
1943-03-12,0.0080971270
1943-03-13,0.0011811270
1943-03-15,-0.0004148730
1943-03-16,-0.0049368730
1943-03-17,-0.0091928730
1943-03-18,0.0014471270
1943-03-19,-0.0038728730
1943-03-20,-0.0012128730
1943-03-22,0.0038411270
1943-03-23,0.0062351270
1943-03-24,0.0061021270
1943-03-25,0.0243231270
1943-03-26,0.0095601270
1943-03-27,0.0018461270
1943-03-29,0.0168751270
1943-03-30,0.0095601270
1943-03-31,-0.0021438730
1943-04-01,0.0014471270
1943-04-02,-0.0056018730
1943-04-03,0.0018461270
1943-04-05,0.0184711270
1943-04-06,0.0045061270
1943-04-07,-0.0069318730
1943-04-08,-0.0053358730
1943-04-09,-0.0485608730
1943-04-10,-0.0007147873
1943-04-12,-0.0005653458
1943-04-13,-0.0014557306
1943-04-14,0.0135685823
1943-04-15,0.0081088997
1943-04-16,-0.0019211699
1943-04-17,0.0041773924
1943-04-19,-0.0000158730
1943-04-20,-0.0050596382
1943-04-21,0.0105406731
1943-04-22,0.0039404470
1943-04-24,0.0019900246
1943-04-26,0.0001155474
1943-04-27,-0.0014788730
1943-04-28,-0.0016118730
1943-04-29,0.0135501270
1943-04-30,0.0010481270
1943-05-01,0.0076981270
1943-05-03,0.0175401270
1943-05-04,0.0069001270
1943-05-05,0.0071661270
1943-05-06,0.0043731270
1943-05-07,-0.0166408730
1943-05-08,0.0134171270
1943-05-10,0.0050381270
1943-05-11,-0.0045378730
1943-05-12,-0.0046708730
1943-05-13,-0.0044048730
1943-05-14,-0.0127838730
1943-05-15,0.0045061270
1943-05-17,-0.0001488730
1943-05-18,0.0087621270
1943-05-19,0.0140821270
1943-05-20,-0.0010798730
1943-05-21,-0.0005478730
1943-05-22,0.0002501270
1943-05-24,-0.0009468730
1943-05-25,0.0033091270
1943-05-26,0.0116881270
1943-05-27,0.0046391270
1943-05-28,0.0035751270
1943-05-29,0.0074321270
1943-06-01,0.0049051270
1943-06-02,-0.0010798730
1943-06-03,0.0072991270
1943-06-04,-0.0040058730
1943-06-05,0.0087621270
1943-06-07,-0.0099908730
1943-06-08,-0.0075968730
1943-06-09,0.0026441270
1943-06-10,0.0027771270
1943-06-11,-0.0040058730
1943-06-12,-0.0020108730
1943-06-14,-0.0211628730
1943-06-15,0.0030431270
1943-06-16,0.0054371270
1943-06-17,0.0021121270
1943-06-18,-0.0022768730
1943-06-19,-0.0002818730
1943-06-21,-0.0095918730
1943-06-22,0.0027771270
1943-06-23,0.0103581270
1943-06-24,0.0071661270
1943-06-25,0.0148801270
1943-06-26,0.0055701270
1943-06-28,0.0058361270
1943-06-29,-0.0044048730
1943-06-30,0.0072991270
1943-07-01,0.0022451270
1943-07-02,0.0002501270
1943-07-03,0.0019791270
1943-07-06,-0.0000158730
1943-07-07,-0.0030748730
1943-07-08,0.0026441270
1943-07-09,0.0047721270
1943-07-10,0.0017131270
1943-07-12,0.0067671270
1943-07-13,0.0099591270
1943-07-14,0.0074321270
1943-07-15,-0.0089268730
1943-07-16,-0.0012128730
1943-07-17,0.0011811270
1943-07-19,-0.0008138730
1943-07-20,-0.0094588730
1943-07-21,0.0014471270
1943-07-22,0.0023781270
1943-07-23,0.0002501270
1943-07-24,0.0011811270
1943-07-26,-0.0200988730
1943-07-27,-0.0361918730
1943-07-28,-0.0071792983
1943-07-29,0.0197183313
1943-07-30,-0.0198450488
1943-07-31,-0.0134129465
1943-08-02,-0.0181715670
1943-08-03,0.0148697634
1943-08-04,0.0078432419
1943-08-05,-0.0024295451
1943-08-06,-0.0083851979
1943-08-07,-0.0011235141
1943-08-09,0.0001949675
1943-08-10,0.0118755626
1943-08-11,0.0071690230
1943-08-12,-0.0049423409
1943-08-13,0.0062543572
1943-08-14,0.0013905491
1943-08-16,-0.0006294350
1943-08-17,0.0051295623
1943-08-18,0.0057031270
1943-08-19,-0.0004148730
1943-08-20,-0.0121188730
1943-08-21,-0.0109218730
1943-08-23,-0.0114538730
1943-08-24,0.0076981270
1943-08-25,0.0054371270
1943-08-26,0.0027771270
1943-08-27,-0.0046708730
1943-08-28,0.0009151270
1943-08-30,0.0009151270
1943-08-31,0.0119541270
1943-09-01,0.0051711270
1943-09-02,0.0005161270
1943-09-03,-0.0020108730
1943-09-04,0.0029101270
1943-09-07,0.0007821270
1943-09-08,-0.0063998730
1943-09-09,0.0131511270
1943-09-10,0.0017131270
1943-09-11,0.0002501270
1943-09-13,-0.0017448730
1943-09-14,-0.0030748730
1943-09-15,0.0027771270
1943-09-16,0.0049051270
1943-09-17,0.0132841270
1943-09-18,0.0107571270
1943-09-20,0.0054371270
1943-09-21,0.0002501270
1943-09-22,-0.0044048730
1943-09-23,-0.0078628730
1943-09-24,0.0005161270
1943-09-25,0.0001171270
1943-09-27,-0.0099908730
1943-09-28,-0.0017448730
1943-09-29,0.0023781270
1943-09-30,0.0038411270
1943-10-01,0.0019791270
1943-10-02,-0.0006808730
1943-10-04,-0.0066658730
1943-10-05,-0.0056018730
1943-10-06,-0.0135818730
1943-10-07,-0.0161088730
1943-10-08,0.0038411270
1943-10-09,0.0069001270
1943-10-11,-0.0083948730
1943-10-13,-0.0022768730
1943-10-14,0.0070331270
1943-10-15,0.0071661270
1943-10-16,0.0047721270
1943-10-18,-0.0010798730
1943-10-19,0.0047721270
1943-10-20,0.0030431270
1943-10-21,-0.0090598730
1943-10-22,0.0050381270
1943-10-23,0.0002501270
1943-10-25,-0.0014788730
1943-10-26,0.0038411270
1943-10-27,0.0079641270
1943-10-28,-0.0017448730
1943-10-29,-0.0062668730
1943-10-30,0.0006491270
1943-11-01,-0.0009468730
1943-11-03,-0.0133158730
1943-11-04,-0.0137148730
1943-11-05,-0.0057348730
1943-11-06,-0.0002818730
1943-11-08,-0.0428418730
1943-11-09,0.0058945375
1943-11-10,0.0125333353
1943-11-12,-0.0059048921
1943-11-13,-0.0022511746
1943-11-15,0.0011555877
1943-11-16,-0.0040430975
1943-11-17,-0.0074312166
1943-11-18,0.0050381270
1943-11-19,0.0167421270
1943-11-20,0.0071265133
1943-11-22,-0.0034810262
1943-11-23,-0.0016118730
1943-11-24,-0.0033408730
1943-11-26,-0.0094588730
1943-11-27,-0.0041388730
1943-11-29,-0.0131828730
1943-11-30,0.0014471270
1943-12-01,0.0126191270
1943-12-02,0.0104911270
1943-12-03,0.0023781270
1943-12-04,0.0022451270
1943-12-06,0.0062351270
1943-12-07,0.0103581270
1943-12-08,0.0139491270
1943-12-09,-0.0033408730
1943-12-10,0.0084961270
1943-12-11,0.0030431270
1943-12-13,-0.0044048730
1943-12-14,-0.0037398730
1943-12-15,0.0010481270
1943-12-16,0.0054371270
1943-12-17,0.0051711270
1943-12-18,0.0050381270
1943-12-20,0.0029101270
1943-12-21,-0.0040058730
1943-12-22,-0.0010798730
1943-12-23,-0.0005478730
1943-12-24,0.0019791270
1943-12-27,-0.0012128730
1943-12-28,-0.0111878730
1943-12-29,-0.0026758730
1943-12-30,0.0217961270
1943-12-31,0.0010481270
1944-01-03,-0.0016118730
1944-01-04,0.0136831270
1944-01-05,0.0127521270
1944-01-06,-0.0029418730
1944-01-07,-0.0016118730
1944-01-08,0.0003831270
1944-01-10,-0.0025428730
1944-01-11,0.0071661270
1944-01-12,-0.0079958730
1944-01-13,-0.0036068730
1944-01-14,0.0084961270
1944-01-15,0.0062351270
1944-01-17,-0.0038728730
1944-01-18,-0.0030748730
1944-01-19,-0.0002818730
1944-01-20,0.0014471270
1944-01-21,0.0027771270
1944-01-22,0.0031761270
1944-01-24,-0.0021438730
1944-01-25,-0.0016118730
1944-01-26,-0.0115868730
1944-01-27,-0.0014788730
1944-01-28,0.0065011270
1944-01-29,0.0014471270
1944-01-31,0.0030431270
1944-02-01,0.0011811270
1944-02-02,-0.0022768730
1944-02-03,-0.0105228730
1944-02-04,-0.0085278730
1944-02-05,0.0026441270
1944-02-07,-0.0045378730
1944-02-08,0.0072991270
1944-02-09,-0.0001488730
1944-02-10,0.0080971270
1944-02-11,-0.0013458730
1944-02-14,0.0010481270
1944-02-15,0.0070331270
1944-02-16,-0.0010798730
1944-02-17,0.0051711270
1944-02-18,-0.0048038730
1944-02-19,-0.0004148730
1944-02-21,0.0003831270
1944-02-23,0.0080971270
1944-02-24,0.0026441270
1944-02-25,0.0005161270
1944-02-26,-0.0000158730
1944-02-28,0.0021121270
1944-02-29,-0.0079958730
1944-03-01,0.0046391270
1944-03-02,0.0027771270
1944-03-03,0.0014471270
1944-03-04,0.0003831270
1944-03-06,0.0042401270
1944-03-07,0.0088951270
1944-03-08,0.0098261270
1944-03-09,-0.0017448730
1944-03-10,0.0059691270
1944-03-11,0.0035751270
1944-03-13,0.0092941270
1944-03-14,-0.0030748730
1944-03-15,0.0053041270
1944-03-16,0.0031761270
1944-03-17,0.0021121270
1944-03-18,-0.0038728730
1944-03-20,-0.0054688730
1944-03-21,0.0042401270
1944-03-22,-0.0010798730
1944-03-23,-0.0110548730
1944-03-24,0.0031761270
1944-03-25,-0.0000158730
1944-03-27,-0.0022768730
1944-03-28,-0.0165078730
1944-03-29,-0.0028088730
1944-03-30,0.0088951270
1944-03-31,0.0023781270
1944-04-01,0.0005161270
1944-04-03,-0.0081288730
1944-04-04,0.0006491270
1944-04-05,0.0031761270
1944-04-06,0.0041071270
1944-04-08,0.0026441270
1944-04-10,-0.0009468730
1944-04-11,0.0002501270
1944-04-12,-0.0069318730
1944-04-13,-0.0041388730
1944-04-14,0.0001171270
1944-04-15,0.0023781270
1944-04-17,-0.0037398730
1944-04-18,-0.0212958730
1944-04-19,-0.0053358730
1944-04-20,0.0102251270
1944-04-21,0.0021121270
1944-04-22,-0.0008138730
1944-04-24,-0.0126508730
1944-04-25,0.0001171270
1944-04-26,0.0069001270
1944-04-27,0.0038411270
1944-04-28,0.0041071270
1944-04-29,0.0003831270
1944-05-01,0.0090281270
1944-05-02,-0.0018778730
1944-05-03,0.0062351270
1944-05-04,-0.0006808730
1944-05-05,0.0069001270
1944-05-06,0.0022451270
1944-05-08,-0.0024098730
1944-05-09,0.0023781270
1944-05-10,0.0021121270
1944-05-11,0.0018461270
1944-05-12,-0.0085278730
1944-05-13,0.0003831270
1944-05-15,0.0022451270
1944-05-16,0.0022451270
1944-05-17,0.0088951270
1944-05-18,0.0033091270
1944-05-19,0.0025111270
1944-05-20,0.0011811270
1944-05-22,0.0005161270
1944-05-23,0.0042401270
1944-05-24,0.0050381270
1944-05-25,-0.0008138730
1944-05-26,0.0038411270
1944-05-27,0.0030431270
1944-05-29,0.0029101270
1944-05-31,0.0090281270
1944-06-01,-0.0004148730
1944-06-02,-0.0008138730
1944-06-03,0.0003831270
1944-06-05,-0.0069318730
1944-06-06,0.0059691270
1944-06-07,-0.0020108730
1944-06-08,-0.0032078730
1944-06-09,0.0011811270
1944-06-10,0.0063681270
1944-06-12,0.0190031270
1944-06-13,0.0102251270
1944-06-14,0.0018461270
1944-06-15,0.0071661270
1944-06-16,0.0107571270
1944-06-17,0.0046391270
1944-06-19,0.0071661270
1944-06-20,-0.0009468730
1944-06-21,-0.0044048730
1944-06-22,0.0001171270
1944-06-23,0.0011811270
1944-06-24,0.0009151270
1944-06-26,0.0076981270
1944-06-27,0.0061021270
1944-06-28,-0.0041388730
1944-06-29,-0.0004148730
1944-06-30,0.0037081270
1944-07-01,0.0013141270
1944-07-03,0.0102251270
1944-07-05,0.0057031270
1944-07-06,-0.0037398730
1944-07-07,0.0029101270
1944-07-08,0.0072991270
1944-07-10,0.0047721270
1944-07-11,-0.0022768730
1944-07-12,0.0015801270
1944-07-13,-0.0025428730
1944-07-14,-0.0000158730
1944-07-15,0.0002501270
1944-07-17,-0.0133158730
1944-07-18,-0.0107888730
1944-07-19,0.0107571270
1944-07-20,-0.0085278730
1944-07-21,-0.0177048730
1944-07-22,-0.0122518730
1944-07-24,0.0018461270
1944-07-25,0.0118211270
1944-07-26,-0.0020108730
1944-07-27,0.0011811270
1944-07-28,-0.0061338730
1944-07-29,0.0006491270
1944-07-31,-0.0008138730
1944-08-01,0.0059691270
1944-08-02,0.0031761270
1944-08-03,-0.0075968730
1944-08-04,-0.0099908730
1944-08-05,0.0006491270
1944-08-07,0.0017131270
1944-08-08,-0.0046708730
1944-08-09,0.0041071270
1944-08-10,0.0079641270
1944-08-11,0.0069001270
1944-08-12,0.0033091270
1944-08-14,0.0023781270
1944-08-15,-0.0013458730
1944-08-16,0.0087621270
1944-08-17,0.0099591270
1944-08-18,0.0047721270
1944-08-21,-0.0036068730
1944-08-22,-0.0093258730
1944-08-23,0.0015801270
1944-08-24,-0.0073308730
1944-08-25,-0.0006808730
1944-08-28,-0.0012128730
1944-08-29,0.0018461270
1944-08-30,0.0046391270
1944-08-31,-0.0014788730
1944-09-01,0.0037081270
1944-09-05,-0.0083948730
1944-09-06,-0.0291428730
1944-09-07,-0.0042718730
1944-09-08,0.0005161270
1944-09-09,-0.0028088730
1944-09-11,0.0072991270
1944-09-12,0.0042401270
1944-09-13,-0.0125178730
1944-09-14,-0.0077298730
1944-09-15,0.0115551270
1944-09-16,0.0058361270
1944-09-18,0.0015801270
1944-09-19,0.0104911270
1944-09-20,0.0025111270
1944-09-21,-0.0032078730
1944-09-22,0.0025111270
1944-09-23,0.0035751270
1944-09-25,0.0069001270
1944-09-26,-0.0012128730
1944-09-27,0.0006491270
1944-09-28,-0.0013458730
1944-09-29,0.0045061270
1944-09-30,0.0051711270
1944-10-02,0.0030431270
1944-10-03,-0.0010798730
1944-10-04,0.0059691270
1944-10-05,0.0084961270
1944-10-06,0.0022451270
1944-10-07,0.0026441270
1944-10-09,-0.0097248730
1944-10-10,0.0015801270
1944-10-11,0.0067671270
1944-10-13,-0.0002818730
1944-10-14,0.0003831270
1944-10-16,-0.0052028730
1944-10-17,0.0035751270
1944-10-18,0.0074321270
1944-10-19,-0.0021438730
1944-10-20,-0.0029418730
1944-10-21,0.0014471270
1944-10-23,-0.0182368730
1944-10-24,0.0014471270
1944-10-25,-0.0000158730
1944-10-26,-0.0086608730
1944-10-27,0.0021121270
1944-10-28,0.0041071270
1944-10-30,-0.0037398730
1944-10-31,0.0029101270
1944-11-01,0.0030431270
1944-11-02,0.0069001270
1944-11-03,0.0006491270
1944-11-04,0.0013141270
1944-11-06,0.0035751270
1944-11-08,-0.0026758730
1944-11-09,0.0058361270
1944-11-10,0.0039741270
1944-11-13,-0.0099908730
1944-11-14,-0.0138478730
1944-11-15,-0.0017448730
1944-11-16,0.0037081270
1944-11-17,-0.0008138730
1944-11-18,0.0013141270
1944-11-20,0.0025111270
1944-11-21,0.0072991270
1944-11-22,0.0018461270
1944-11-24,-0.0034738730
1944-11-25,0.0013141270
1944-11-27,0.0018461270
1944-11-28,0.0018461270
1944-11-29,0.0075651270
1944-11-30,0.0005161270
1944-12-01,0.0003831270
1944-12-02,0.0026441270
1944-12-04,0.0078311270
1944-12-05,0.0043731270
1944-12-06,0.0010481270
1944-12-07,0.0043731270
1944-12-08,0.0088951270
1944-12-09,0.0062351270
1944-12-11,0.0030431270
1944-12-12,-0.0016118730
1944-12-13,-0.0024098730
1944-12-14,0.0037081270
1944-12-15,0.0107571270
1944-12-16,0.0002501270
1944-12-18,-0.0066658730
1944-12-19,0.0013141270
1944-12-20,-0.0087938730
1944-12-21,-0.0030748730
1944-12-22,0.0043731270
1944-12-23,0.0011811270
1944-12-26,-0.0073308730
1944-12-27,-0.0105228730
1944-12-28,0.0144811270
1944-12-29,0.0172741270
1944-12-30,0.0011811270
1945-01-02,0.0038411270
1945-01-03,0.0124861270
1945-01-04,0.0037081270
1945-01-05,-0.0020108730
1945-01-06,-0.0018778730
1945-01-08,0.0152791270
1945-01-09,0.0003831270
1945-01-10,0.0079641270
1945-01-11,-0.0001488730
1945-01-12,-0.0029418730
1945-01-13,0.0009151270
1945-01-15,-0.0077298730
1945-01-16,-0.0000158730
1945-01-17,0.0099591270
1945-01-18,-0.0061338730
1945-01-19,-0.0114538730
1945-01-20,-0.0086608730
1945-01-22,-0.0044048730
1945-01-23,-0.0054688730
1945-01-24,0.0007821270
1945-01-25,0.0099591270
1945-01-26,0.0104911270
1945-01-27,0.0054371270
1945-01-29,0.0017131270
1945-01-30,-0.0078628730
1945-01-31,0.0023781270
1945-02-01,0.0043731270
1945-02-02,0.0107571270
1945-02-03,0.0042401270
1945-02-05,0.0055701270
1945-02-06,0.0023781270
1945-02-07,0.0033091270
1945-02-08,0.0006491270
1945-02-09,-0.0061338730
1945-02-10,0.0025111270
1945-02-13,0.0160771270
1945-02-14,0.0072991270
1945-02-15,0.0086291270
1945-02-16,-0.0006808730
1945-02-17,0.0010481270
1945-02-19,0.0079641270
1945-02-20,0.0029101270
1945-02-21,-0.0010798730
1945-02-23,-0.0020108730
1945-02-24,-0.0033408730
1945-02-26,-0.0028088730
1945-02-27,0.0091611270
1945-02-28,0.0094271270
1945-03-01,0.0041071270
1945-03-02,-0.0069318730
1945-03-03,-0.0008138730
1945-03-05,0.0065011270
1945-03-06,0.0061021270
1945-03-07,-0.0006808730
1945-03-08,-0.0235568730
1945-03-09,-0.0250198730
1945-03-10,0.0083777490
1945-03-12,0.0080435695
1945-03-13,-0.0004148730
1945-03-14,0.0031761270
1945-03-15,0.0061021270
1945-03-16,0.0021121270
1945-03-17,0.0009151270
1945-03-19,-0.0082618730
1945-03-20,-0.0149118730
1945-03-21,-0.0137148730
1945-03-22,-0.0001488730
1945-03-23,0.0045061270
1945-03-24,-0.0094588730
1945-03-26,-0.0234238730
1945-03-27,0.0061021270
1945-03-28,0.0114221270
1945-03-29,0.0035751270
1945-03-31,0.0034421270
1945-04-02,0.0103581270
1945-04-03,0.0035751270
1945-04-04,-0.0016118730
1945-04-05,-0.0103898730
1945-04-06,0.0065011270
1945-04-07,0.0062351270
1945-04-09,-0.0020108730
1945-04-10,0.0067671270
1945-04-11,0.0143481270
1945-04-12,0.0033091270
1945-04-13,0.0092941270
1945-04-16,0.0237911270
1945-04-17,0.0019791270
1945-04-18,0.0110231270
1945-04-19,-0.0077298730
1945-04-20,-0.0008138730
1945-04-21,0.0039741270
1945-04-23,0.0063681270
1945-04-24,0.0062351270
1945-04-25,-0.0021438730
1945-04-26,-0.0041388730
1945-04-27,0.0055701270
1945-04-28,0.0062351270
1945-04-30,0.0031761270
1945-05-01,-0.0056018730
1945-05-02,-0.0013458730
1945-05-03,0.0090281270
1945-05-04,0.0054371270
1945-05-05,0.0030431270
1945-05-07,-0.0000158730
1945-05-08,-0.0010798730
1945-05-09,-0.0114538730
1945-05-10,-0.0150448730
1945-05-11,0.0019791270
1945-05-12,0.0075651270
1945-05-14,-0.0046708730
1945-05-15,0.0035751270
1945-05-16,0.0047721270
1945-05-17,0.0065011270
1945-05-18,0.0069001270
1945-05-19,0.0019791270
1945-05-21,-0.0052028730
1945-05-22,-0.0013458730
1945-05-23,-0.0107888730
1945-05-24,0.0009151270
1945-05-25,0.0088951270
1945-05-26,0.0062351270
1945-05-28,0.0104911270
1945-05-29,0.0074321270
1945-05-31,-0.0056018730
1945-06-01,0.0019791270
1945-06-02,0.0011811270
1945-06-04,0.0002501270
1945-06-05,0.0011811270
1945-06-06,-0.0061338730
1945-06-07,0.0015801270
1945-06-08,-0.0005478730
1945-06-09,0.0002501270
1945-06-11,-0.0036068730
1945-06-12,0.0017131270
1945-06-13,0.0055701270
1945-06-14,0.0065011270
1945-06-15,0.0031761270
1945-06-16,0.0014471270
1945-06-18,-0.0036068730
1945-06-19,0.0014471270
1945-06-20,0.0074321270
1945-06-21,0.0061021270
1945-06-22,-0.0008138730
1945-06-23,0.0021121270
1945-06-25,0.0055701270
1945-06-26,0.0025111270
1945-06-27,-0.0004148730
1945-06-28,-0.0266158730
1945-06-29,-0.0111878730
1945-06-30,0.0078311270
1945-07-02,0.0054371270
1945-07-03,0.0006491270
1945-07-05,-0.0167738730
1945-07-06,0.0039741270
1945-07-09,0.0120871270
1945-07-10,0.0046391270
1945-07-11,-0.0052028730
1945-07-12,0.0025111270
1945-07-13,-0.0045378730
1945-07-16,-0.0097248730
1945-07-17,-0.0272808730
1945-07-18,-0.0046708730
1945-07-19,0.0086291270
1945-07-20,0.0001171270
1945-07-23,-0.0106558730
1945-07-24,0.0014471270
1945-07-25,0.0122201270
1945-07-26,-0.0238228730
1945-07-27,0.0041864729
1945-07-30,0.0118985606
1945-07-31,0.0056063641
1945-08-01,0.0007744401
1945-08-02,-0.0045378730
1945-08-03,0.0066341270
1945-08-06,0.0014471270
1945-08-07,-0.0175718730
1945-08-08,0.0039741270
1945-08-09,0.0225941270
1945-08-10,-0.0001410668
1945-08-13,-0.0118225041
1945-08-14,0.0089521775
1945-08-17,-0.0046430411
1945-08-20,-0.0178378730
1945-08-21,0.0037102001
1945-08-22,0.0090281270
1945-08-23,0.0235251270
1945-08-24,0.0142106824
1945-08-27,0.0175385832
1945-08-28,0.0026252405
1945-08-29,-0.0000158730
1945-08-30,0.0042434965
1945-08-31,0.0132482211
1945-09-04,0.0009151270
1945-09-05,0.0010481270
1945-09-06,0.0154121270
1945-09-07,0.0019791270
1945-09-08,0.0010481270
1945-09-10,0.0030431270
1945-09-11,0.0047721270
1945-09-12,0.0074321270
1945-09-13,0.0007821270
1945-09-14,-0.0058678730
1945-09-15,-0.0185028730
1945-09-17,-0.0058678730
1945-09-18,0.0241901270
1945-09-19,0.0126967152
1945-09-20,0.0060973909
1945-09-21,-0.0042718730
1945-09-22,-0.0016118730
1945-09-24,0.0007821270
1945-09-25,0.0019791270
1945-09-26,-0.0013458730
1945-09-27,-0.0026758730
1945-09-28,0.0114221270
1945-09-29,0.0082301270
1945-10-01,0.0111561270
1945-10-02,0.0018461270
1945-10-03,-0.0000158730
1945-10-04,0.0007821270
1945-10-05,0.0057031270
1945-10-06,0.0069001270
1945-10-08,0.0066341270
1945-10-09,0.0030431270
1945-10-10,0.0058361270
1945-10-11,0.0001171270
1945-10-15,0.0046391270
1945-10-16,-0.0000158730
1945-10-17,0.0047721270
1945-10-18,0.0031761270
1945-10-19,-0.0111878730
1945-10-20,0.0034421270
1945-10-22,0.0065011270
1945-10-23,-0.0099908730
1945-10-24,-0.0161088730
1945-10-25,0.0076981270
1945-10-26,0.0070331270
1945-10-29,-0.0094588730
1945-10-30,-0.0008138730
1945-10-31,0.0191361270
1945-11-01,0.0166091270
1945-11-02,0.0019791270
1945-11-03,0.0019791270
1945-11-05,0.0079641270
1945-11-07,0.0156781270
1945-11-08,-0.0014788730
1945-11-09,0.0003831270
1945-11-10,0.0005161270
1945-11-13,-0.0044048730
1945-11-14,-0.0040058730
1945-11-15,0.0098261270
1945-11-16,0.0096931270
1945-11-17,0.0010481270
1945-11-19,-0.0018778730
1945-11-20,0.0065011270
1945-11-21,-0.0153108730
1945-11-23,-0.0127838730
1945-11-24,-0.0090598730
1945-11-26,0.0170081270
1945-11-27,0.0170081270
1945-11-28,-0.0024098730
1945-11-29,0.0014471270
1945-11-30,0.0139491270
1945-12-01,0.0078311270
1945-12-03,0.0116881270
1945-12-04,-0.0013458730
1945-12-05,0.0014471270
1945-12-06,0.0096931270
1945-12-07,0.0041071270
1945-12-08,0.0059691270
1945-12-10,0.0035751270
1945-12-11,-0.0025428730
1945-12-12,-0.0194338730
1945-12-13,-0.0052028730
1945-12-14,0.0029101270
1945-12-15,0.0046391270
1945-12-17,-0.0340638730
1945-12-18,0.0081004653
1945-12-19,0.0016988010
1945-12-20,-0.0068321229
1945-12-21,-0.0010043393
1945-12-22,0.0134552158
1945-12-26,0.0150051953
1945-12-27,-0.0079948904
1945-12-28,0.0007319896
1945-12-29,0.0032508185
1945-12-31,-0.0006808730
1946-01-02,-0.0067988730
1946-01-03,-0.0036068730
1946-01-04,-0.0022768730
1946-01-05,0.0046391270
1946-01-07,0.0018461270
1946-01-08,0.0277811270
1946-01-09,0.0189311827
1946-01-10,0.0075739088
1946-01-11,0.0038783649
1946-01-12,-0.0066658730
1946-01-14,0.0192691270
1946-01-15,0.0028614625
1946-01-16,0.0018461270
1946-01-17,-0.0034738730
1946-01-18,-0.0025428730
1946-01-19,-0.0111878730
1946-01-21,-0.0232908730
1946-01-22,0.0075190581
1946-01-23,0.0138127541
1946-01-24,0.0050141265
1946-01-25,-0.0018085586
1946-01-26,0.0013141270
1946-01-28,0.0304411270
1946-01-29,0.0025911808
1946-01-30,-0.0055986207
1946-01-31,-0.0030344411
1946-02-01,0.0071073133
1946-02-02,0.0070026708
1946-02-04,-0.0071978730
1946-02-05,0.0047721270
1946-02-06,-0.0083948730
1946-02-07,-0.0006808730
1946-02-08,-0.0041388730
1946-02-09,-0.0110548730
1946-02-11,-0.0078628730
1946-02-13,-0.0153108730
1946-02-14,0.0100921270
1946-02-15,0.0248551270
1946-02-16,0.0118991829
1946-02-18,-0.0175836327
1946-02-19,-0.0369660414
1946-02-20,-0.0138949151
1946-02-21,0.0167549879
1946-02-25,-0.0339763281
1946-02-26,-0.0028934161
1946-02-27,0.0129293021
1946-02-28,0.0033564687
1946-03-01,-0.0012657892
1946-03-02,-0.0039467954
1946-03-04,-0.0006327497
1946-03-05,0.0086737553
1946-03-06,-0.0024059894
1946-03-07,0.0058257552
1946-03-08,0.0060044223
1946-03-09,0.0021641630
1946-03-11,-0.0075378894
1946-03-12,0.0026707089
1946-03-13,-0.0148647891
1946-03-14,-0.0005448888
1946-03-15,0.0098714243
1946-03-16,0.0098982254
1946-03-18,0.0068156016
1946-03-19,-0.0037882688
1946-03-20,0.0079239331
1946-03-21,0.0060861969
1946-03-22,0.0027810530
1946-03-23,0.0042683792
1946-03-25,0.0176826924
1946-03-26,0.0000984167
1946-03-27,-0.0076479924
1946-03-28,-0.0014518551
1946-03-29,0.0093392521
1946-03-30,0.0035792384
1946-04-01,-0.0014788730
1946-04-02,0.0014471270
1946-04-03,0.0194021270
1946-04-04,0.0142151270
1946-04-05,-0.0008138730
1946-04-06,0.0029101270
1946-04-08,0.0006491270
1946-04-09,0.0143481270
1946-04-10,-0.0025428730
1946-04-11,-0.0034738730
1946-04-12,-0.0004148730
1946-04-13,-0.0065328730
1946-04-15,-0.0000158730
1946-04-16,0.0163431270
1946-04-17,0.0005161270
1946-04-18,0.0050381270
1946-04-20,0.0006491270
1946-04-22,-0.0010798730
1946-04-23,-0.0033408730
1946-04-24,-0.0099908730
1946-04-25,-0.0073308730
1946-04-26,0.0030431270
1946-04-27,0.0086291270
1946-04-29,0.0014471270
1946-04-30,0.0038411270
1946-05-01,-0.0030748730
1946-05-02,-0.0050698730
1946-05-03,-0.0103898730
1946-05-04,-0.0052028730
1946-05-06,-0.0091928730
1946-05-07,0.0199341270
1946-05-08,0.0014471270
1946-05-09,0.0017131270
1946-05-10,0.0199341270
1946-05-11,0.0063681270
1946-05-13,-0.0017448730
1946-05-14,-0.0033408730
1946-05-15,-0.0078628730
1946-05-16,0.0070331270
1946-05-17,-0.0006808730
1946-05-18,-0.0057348730
1946-05-20,0.0094271270
1946-05-21,0.0039741270
1946-05-22,0.0065011270
1946-05-23,-0.0009468730
1946-05-24,-0.0001488730
1946-05-27,0.0116881270
1946-05-28,0.0152791270
1946-05-29,0.0025111270
1946-05-31,-0.0006808730
1946-06-03,-0.0075968730
1946-06-04,-0.0075968730
1946-06-05,-0.0081288730
1946-06-06,-0.0002818730
1946-06-07,0.0017131270
1946-06-10,0.0022451270
1946-06-11,-0.0121188730
1946-06-12,0.0009151270
1946-06-13,0.0075651270
1946-06-14,-0.0018778730
1946-06-17,0.0010481270
1946-06-18,-0.0208968730
1946-06-19,-0.0082618730
1946-06-20,-0.0272808730
1946-06-21,0.0103581270
1946-06-24,0.0044489267
1946-06-25,-0.0085278730
1946-06-26,-0.0048038730
1946-06-27,0.0233921270
1946-06-28,0.0028630872
1946-07-01,0.0084955036
1946-07-02,-0.0029495957
1946-07-03,-0.0016118730
1946-07-05,-0.0022768730
1946-07-08,-0.0033408730
1946-07-09,0.0049051270
1946-07-10,0.0035751270
1946-07-11,-0.0063998730
1946-07-12,-0.0113208730
1946-07-15,-0.0231578730
1946-07-16,-0.0028088730
1946-07-17,0.0066341270
1946-07-18,-0.0006808730
1946-07-19,-0.0053358730
1946-07-22,-0.0050698730
1946-07-23,-0.0396498730
1946-07-24,0.0002020847
1946-07-25,0.0080166062
1946-07-26,0.0066006497
1946-07-29,0.0045198716
1946-07-30,0.0069869826
1946-07-31,0.0130591113
1946-08-01,0.0057943156
1946-08-02,0.0010675522
1946-08-05,-0.0061991118
1946-08-06,-0.0045670960
1946-08-07,0.0111561270
1946-08-08,0.0066341270
1946-08-09,-0.0033408730
1946-08-12,0.0017131270
1946-08-13,0.0082301270
1946-08-14,-0.0006808730
1946-08-15,-0.0126508730
1946-08-16,-0.0106558730
1946-08-19,-0.0036068730
1946-08-20,0.0080971270
1946-08-21,-0.0103898730
1946-08-22,-0.0212958730
1946-08-23,0.0076981270
1946-08-26,-0.0075968730
1946-08-27,-0.0437728730
1946-08-28,-0.0091952393
1946-08-29,0.0037032736
1946-08-30,-0.0048302839
1946-09-03,-0.0740003937
1946-09-04,-0.0040537255
1946-09-05,0.0193529544
1946-09-06,-0.0052488994
1946-09-09,-0.0268334332
1946-09-10,-0.0113279687
1946-09-11,0.0136566690
1946-09-12,0.0005022906
1946-09-13,0.0083096621
1946-09-16,0.0033167463
1946-09-17,-0.0031909464
1946-09-18,-0.0156200620
1946-09-19,-0.0140323282
1946-09-20,0.0115239351
1946-09-23,-0.0075052919
1946-09-24,0.0083548871
1946-09-25,0.0115750135
1946-09-26,0.0052505216
1946-09-27,-0.0034321069
1946-09-30,-0.0056027969
1946-10-01,-0.0000158730
1946-10-02,-0.0000158730
1946-10-03,-0.0000158730
1946-10-04,-0.0000158730
1946-10-05,-0.0000158730
1946-10-07,-0.0000158730
1946-10-08,-0.0000158730
1946-10-09,-0.0000158730
1946-10-10,-0.0000158730
1946-10-11,-0.0000158730
1946-10-14,-0.0000158730
1946-10-15,-0.0000158730
1946-10-16,-0.0000158730
1946-10-17,-0.0000158730
1946-10-18,-0.0000158730
1946-10-19,-0.0000158730
1946-10-21,-0.0000158730
1946-10-22,-0.0000158730
1946-10-23,-0.0000158730
1946-10-24,-0.0000158730
1946-10-25,-0.0000158730
1946-10-26,-0.0000158730
1946-10-28,-0.0000158730
1946-10-29,-0.0000158730
1946-10-30,-0.0000158730
1946-10-31,-0.0000158730
1946-11-01,-0.0000158730
1946-11-02,-0.0000158730
1946-11-04,-0.0000158730
1946-11-06,-0.0000158730
1946-11-07,-0.0000158730
1946-11-08,-0.0000158730
1946-11-09,-0.0000158730
1946-11-12,-0.0000158730
1946-11-13,-0.0000158730
1946-11-14,-0.0000158730
1946-11-15,-0.0000158730
1946-11-16,-0.0000158730
1946-11-18,-0.0000158730
1946-11-19,-0.0000158730
1946-11-20,-0.0000158730
1946-11-21,-0.0000158730
1946-11-22,-0.0000158730
1946-11-23,-0.0000158730
1946-11-25,-0.0000158730
1946-11-26,-0.0000158730
1946-11-27,-0.0000158730
1946-11-29,-0.0000158730
1946-11-30,-0.0000158730
1946-12-02,-0.0000158730
1946-12-03,-0.0000158730
1946-12-04,-0.0000158730
1946-12-05,-0.0000158730
1946-12-06,-0.0000158730
1946-12-07,-0.0000158730
1946-12-09,-0.0000158730
1946-12-10,-0.0000158730
1946-12-11,-0.0000158730
1946-12-12,-0.0000158730
1946-12-13,-0.0000158730
1946-12-14,-0.0000158730
1946-12-16,-0.0000158730
1946-12-17,-0.0000158730
1946-12-18,-0.0000158730
1946-12-19,-0.0000158730
1946-12-20,-0.0000158730
1946-12-21,-0.0000158730
1946-12-23,-0.0000158730
1946-12-24,-0.0000158730
1946-12-26,-0.0000158730
1946-12-27,-0.0000158730
1946-12-28,-0.0000158730
1946-12-30,-0.0000158730
1946-12-31,-0.0000158730
1947-01-02,-0.0000158730
1947-01-03,-0.0000158730
1947-01-04,-0.0000158730
1947-01-06,-0.0000158730
1947-01-07,-0.0000158730
1947-01-08,-0.0000158730
1947-01-09,-0.0000158730
1947-01-10,-0.0000158730
1947-01-11,-0.0000158730
1947-01-13,-0.0000158730
1947-01-14,-0.0000158730
1947-01-15,-0.0000158730
1947-01-16,-0.0000158730
1947-01-17,-0.0000158730
1947-01-18,-0.0000158730
1947-01-20,-0.0000158730
1947-01-21,-0.0000158730
1947-01-22,-0.0000158730
1947-01-23,-0.0000158730
1947-01-24,-0.0000158730
1947-01-25,-0.0000158730
1947-01-27,-0.0000158730
1947-01-28,-0.0000158730
1947-01-29,-0.0000158730
1947-01-30,-0.0000158730
1947-01-31,-0.0000158730
1947-02-01,-0.0000158730
1947-02-03,-0.0000158730
1947-02-04,-0.0000158730
1947-02-05,-0.0000158730
1947-02-06,-0.0000158730
1947-02-07,-0.0000158730
1947-02-08,-0.0000158730
1947-02-10,-0.0000158730
1947-02-11,-0.0000158730
1947-02-13,-0.0000158730
1947-02-14,-0.0000158730
1947-02-15,-0.0000158730
1947-02-17,-0.0000158730
1947-02-18,-0.0000158730
1947-02-19,-0.0000158730
1947-02-20,-0.0000158730
1947-02-21,-0.0000158730
1947-02-24,-0.0000158730
1947-02-25,-0.0000158730
1947-02-26,-0.0000158730
1947-02-27,-0.0000158730
1947-02-28,-0.0000158730
1947-03-01,-0.0000158730
1947-03-03,-0.0000158730
1947-03-04,-0.0000158730
1947-03-05,-0.0000158730
1947-03-06,-0.0000158730
1947-03-07,-0.0000158730
1947-03-08,-0.0000158730
1947-03-10,-0.0000158730
1947-03-11,-0.0000158730
1947-03-12,-0.0000158730
1947-03-13,-0.0000158730
1947-03-14,-0.0000158730
1947-03-15,-0.0000158730
1947-03-17,-0.0000158730
1947-03-18,-0.0000158730
1947-03-19,-0.0000158730
1947-03-20,-0.0000158730
1947-03-21,-0.0000158730
1947-03-22,-0.0000158730
1947-03-24,-0.0000158730
1947-03-25,-0.0000158730
1947-03-26,-0.0000158730
1947-03-27,-0.0000158730
1947-03-28,-0.0000158730
1947-03-29,-0.0000158730
1947-03-31,-0.0000158730
1947-04-01,-0.0000158730
1947-04-02,-0.0000158730
1947-04-03,-0.0000158730
1947-04-05,-0.0000158730
1947-04-07,-0.0000158730
1947-04-08,-0.0000158730
1947-04-09,-0.0000158730
1947-04-10,-0.0000158730
1947-04-11,-0.0000158730
1947-04-12,-0.0000158730
1947-04-14,-0.0000158730
1947-04-15,-0.0000158730
1947-04-16,-0.0000158730
1947-04-17,-0.0000158730
1947-04-18,-0.0000158730
1947-04-19,-0.0000158730
1947-04-21,-0.0000158730
1947-04-22,-0.0000158730
1947-04-23,-0.0000158730
1947-04-24,-0.0000158730
1947-04-25,-0.0000158730
1947-04-26,-0.0000158730
1947-04-28,-0.0000158730
1947-04-29,-0.0000158730
1947-04-30,-0.0000158730
1947-05-01,-0.0000158730
1947-05-02,-0.0000158730
1947-05-03,-0.0000158730
1947-05-05,-0.0000158730
1947-05-06,-0.0000158730
1947-05-07,-0.0000158730
1947-05-08,-0.0000158730
1947-05-09,-0.0000158730
1947-05-10,-0.0000158730
1947-05-12,-0.0000158730
1947-05-13,-0.0000158730
1947-05-14,-0.0000158730
1947-05-15,-0.0000158730
1947-05-16,-0.0000158730
1947-05-17,-0.0000158730
1947-05-19,-0.0000158730
1947-05-20,-0.0000158730
1947-05-21,-0.0000158730
1947-05-22,-0.0000158730
1947-05-23,-0.0000158730
1947-05-24,-0.0000158730
1947-05-26,-0.0000158730
1947-05-27,-0.0000158730
1947-05-28,-0.0000158730
1947-05-29,-0.0000158730
1947-06-02,-0.0000158730
1947-06-03,-0.0000158730
1947-06-04,-0.0000158730
1947-06-05,-0.0000158730
1947-06-06,-0.0000158730
1947-06-09,-0.0000158730
1947-06-10,-0.0000158730
1947-06-11,-0.0000158730
1947-06-12,-0.0000158730
1947-06-13,-0.0000158730
1947-06-16,-0.0000158730
1947-06-17,-0.0000158730
1947-06-18,-0.0000158730
1947-06-19,-0.0000158730
1947-06-20,-0.0000158730
1947-06-23,-0.0000158730
1947-06-24,-0.0000158730
1947-06-25,-0.0000158730
1947-06-26,-0.0000158730
1947-06-27,-0.0000158730
1947-06-30,-0.0000158730
1947-07-01,-0.0000158730
1947-07-02,-0.0000158730
1947-07-03,-0.0000158730
1947-07-07,-0.0000158730
1947-07-08,-0.0000158730
1947-07-09,-0.0000158730
1947-07-10,-0.0000158730
1947-07-11,-0.0000158730
1947-07-14,-0.0000158730
1947-07-15,-0.0000158730
1947-07-16,-0.0000158730
1947-07-17,-0.0000158730
1947-07-18,-0.0000158730
1947-07-21,-0.0000158730
1947-07-22,-0.0000158730
1947-07-23,-0.0000158730
1947-07-24,-0.0000158730
1947-07-25,-0.0000158730
1947-07-28,-0.0000158730
1947-07-29,-0.0000158730
1947-07-30,-0.0000158730
1947-07-31,-0.0000158730
1947-08-01,0.0028696751
1947-08-04,-0.0130993057
1947-08-05,0.0031912600
1947-08-06,-0.0049063624
1947-08-07,0.0015801270
1947-08-08,-0.0142468730
1947-08-11,-0.0067988730
1947-08-12,0.0112891270
1947-08-13,-0.0009468730
1947-08-14,0.0026441270
1947-08-15,0.0110231270
1947-08-18,-0.0034738730
1947-08-19,-0.0040058730
1947-08-20,-0.0057348730
1947-08-21,0.0038411270
1947-08-22,0.0029101270
1947-08-25,-0.0198328730
1947-08-26,0.0003831270
1947-08-27,0.0022451270
1947-08-28,-0.0009468730
1947-08-29,0.0094271270
1947-09-02,0.0066341270
1947-09-03,-0.0013458730
1947-09-04,-0.0173058730
1947-09-05,-0.0028088730
1947-09-08,-0.0178378730
1947-09-09,0.0021121270
1947-09-10,0.0119541270
1947-09-11,0.0049051270
1947-09-12,-0.0037398730
1947-09-15,-0.0053358730
1947-09-16,0.0108901270
1947-09-17,0.0190031270
1947-09-18,-0.0038728730
1947-09-19,-0.0026758730
1947-09-22,-0.0017448730
1947-09-23,-0.0169068730
1947-09-24,0.0034421270
1947-09-25,-0.0074638730
1947-09-26,-0.0018778730
1947-09-29,0.0058361270
1947-09-30,0.0114221270
1947-10-01,0.0065011270
1947-10-02,0.0001171270
1947-10-03,0.0087621270
1947-10-04,0.0023781270
1947-10-06,0.0009151270
1947-10-07,-0.0002818730
1947-10-08,-0.0073308730
1947-10-09,0.0062351270
1947-10-10,0.0042401270
1947-10-11,0.0018461270
1947-10-14,0.0183381270
1947-10-15,0.0047721270
1947-10-16,0.0010481270
1947-10-17,0.0014471270
1947-10-18,0.0058361270
1947-10-20,0.0092941270
1947-10-21,-0.0018778730
1947-10-22,-0.0034738730
1947-10-23,0.0015801270
1947-10-24,-0.0173058730
1947-10-25,0.0018461270
1947-10-27,0.0002501270
1947-10-28,0.0009151270
1947-10-29,-0.0054688730
1947-10-30,-0.0165078730
1947-10-31,0.0084961270
1947-11-01,0.0029101270
1947-11-03,-0.0018778730
1947-11-05,-0.0075968730
1947-11-06,0.0006491270
1947-11-07,-0.0026758730
1947-11-08,0.0003831270
1947-11-10,0.0046391270
1947-11-12,-0.0028088730
1947-11-13,-0.0085278730
1947-11-14,0.0005161270
1947-11-15,0.0018461270
1947-11-17,-0.0009468730
1947-11-18,0.0100921270
1947-11-19,0.0041071270
1947-11-20,0.0045061270
1947-11-21,-0.0045378730
1947-11-22,-0.0013458730
1947-11-24,-0.0067988730
1947-11-25,-0.0038728730
1947-11-26,-0.0020108730
1947-11-28,-0.0115868730
1947-11-29,-0.0020108730
1947-12-01,-0.0000158730
1947-12-02,-0.0000158730
1947-12-03,-0.0000158730
1947-12-04,-0.0000158730
1947-12-05,-0.0000158730
1947-12-06,-0.0000158730
1947-12-08,-0.0000158730
1947-12-09,-0.0000158730
1947-12-10,-0.0000158730
1947-12-11,-0.0000158730
1947-12-12,-0.0000158730
1947-12-13,-0.0000158730
1947-12-15,-0.0000158730
1947-12-16,-0.0000158730
1947-12-17,-0.0000158730
1947-12-18,-0.0000158730
1947-12-19,-0.0000158730
1947-12-20,-0.0000158730
1947-12-22,-0.0000158730
1947-12-23,-0.0000158730
1947-12-24,-0.0000158730
1947-12-26,-0.0000158730
1947-12-27,-0.0000158730
1947-12-29,-0.0000158730
1947-12-30,-0.0000158730
1947-12-31,-0.0000158730
1948-01-02,0.0054371270
1948-01-05,-0.0119858730
1948-01-06,-0.0079958730
1948-01-07,0.0079641270
1948-01-08,0.0076981270
1948-01-09,-0.0048038730
1948-01-10,0.0007821270
1948-01-12,-0.0081288730
1948-01-13,-0.0181038730
1948-01-14,-0.0016118730
1948-01-15,-0.0040058730
1948-01-16,0.0001171270
1948-01-17,-0.0006808730
1948-01-19,-0.0173058730
1948-01-20,0.0006491270
1948-01-21,-0.0130498730
1948-01-22,-0.0102568730
1948-01-23,-0.0034738730
1948-01-24,0.0003831270
1948-01-26,-0.0021438730
1948-01-27,0.0021121270
1948-01-28,0.0106241270
1948-01-29,0.0130181270
1948-01-30,0.0003831270
1948-01-31,0.0014471270
1948-02-02,-0.0000158730
1948-02-03,-0.0077298730
1948-02-04,-0.0242218730
1948-02-05,-0.0145128730
1948-02-06,0.0022451270
1948-02-07,0.0082301270
1948-02-09,-0.0000158730
1948-02-10,-0.0367238730
1948-02-11,-0.0030101932
1948-02-13,-0.0003643777
1948-02-14,0.0021622835
1948-02-16,0.0161005266
1948-02-17,0.0025182610
1948-02-18,-0.0016944828
1948-02-19,-0.0027810995
1948-02-20,-0.0055473059
1948-02-21,0.0022451270
1948-02-24,0.0018461270
1948-02-25,0.0078311270
1948-02-26,-0.0067988730
1948-02-27,-0.0058678730
1948-02-28,0.0069001270
1948-03-01,0.0066341270
1948-03-02,0.0076981270
1948-03-03,0.0035751270
1948-03-04,-0.0038728730
1948-03-05,0.0017131270
1948-03-06,0.0055701270
1948-03-08,-0.0090598730
1948-03-09,-0.0081288730
1948-03-10,0.0057031270
1948-03-11,-0.0002818730
1948-03-12,0.0001171270
1948-03-13,0.0059691270
1948-03-15,-0.0004148730
1948-03-16,-0.0220938730
1948-03-17,0.0091611270
1948-03-18,0.0102251270
1948-03-19,0.0213971270
1948-03-20,0.0295101270
1948-03-22,0.0058266587
1948-03-23,0.0007038604
1948-03-24,0.0002343639
1948-03-25,0.0048085535
1948-03-27,-0.0025428730
1948-03-29,-0.0014788730
1948-03-30,0.0126191270
1948-03-31,0.0194021270
1948-04-01,0.0029101270
1948-04-02,0.0015801270
1948-04-03,0.0015801270
1948-04-05,0.0033091270
1948-04-06,0.0063681270
1948-04-07,-0.0028088730
1948-04-08,0.0037081270
1948-04-09,0.0013141270
1948-04-10,0.0013141270
1948-04-12,-0.0025428730
1948-04-13,0.0001171270
1948-04-14,0.0001171270
1948-04-15,0.0108901270
1948-04-16,0.0051711270
1948-04-17,-0.0009468730
1948-04-19,0.0070331270
1948-04-20,-0.0017448730
1948-04-21,0.0059691270
1948-04-22,0.0110231270
1948-04-23,0.0062351270
1948-04-24,-0.0014788730
1948-04-26,-0.0150448730
1948-04-27,0.0021121270
1948-04-28,0.0033091270
1948-04-29,0.0002501270
1948-04-30,-0.0024098730
1948-05-01,-0.0032078730
1948-05-03,0.0095601270
1948-05-04,0.0011811270
1948-05-05,-0.0075968730
1948-05-06,0.0084961270
1948-05-07,0.0066341270
1948-05-08,0.0034421270
1948-05-10,0.0033091270
1948-05-11,0.0059691270
1948-05-12,0.0025111270
1948-05-13,0.0075651270
1948-05-14,0.0268501270
1948-05-15,0.0126191270
1948-05-17,0.0049051270
1948-05-18,-0.0129168730
1948-05-19,0.0023781270
1948-05-20,0.0104911270
1948-05-21,0.0042401270
1948-05-22,0.0023781270
1948-05-24,-0.0017448730
1948-05-25,-0.0046708730
1948-05-26,0.0112891270
1948-05-27,-0.0014788730
1948-05-28,0.0021121270
1948-06-01,0.0022451270
1948-06-02,0.0029101270
1948-06-03,-0.0042718730
1948-06-04,-0.0099908730
1948-06-07,-0.0036068730
1948-06-08,0.0202001270
1948-06-09,0.0069001270
1948-06-10,0.0014471270
1948-06-11,0.0022451270
1948-06-14,0.0002501270
1948-06-15,0.0039741270
1948-06-16,-0.0066658730
1948-06-17,-0.0014788730
1948-06-18,-0.0026758730
1948-06-21,-0.0118528730
1948-06-22,-0.0009468730
1948-06-23,0.0104911270
1948-06-24,-0.0017448730
1948-06-25,-0.0048038730
1948-06-28,-0.0153108730
1948-06-29,0.0047721270
1948-06-30,0.0066341270
1948-07-01,-0.0028088730
1948-07-02,0.0090281270
1948-07-06,0.0015801270
1948-07-07,-0.0037398730
1948-07-08,0.0006491270
1948-07-09,0.0075651270
1948-07-12,-0.0004148730
1948-07-13,-0.0061338730
1948-07-14,0.0017131270
1948-07-15,-0.0215618730
1948-07-16,-0.0186358730
1948-07-19,-0.0421768730
1948-07-20,0.0145969498
1948-07-21,0.0048953100
1948-07-22,0.0060795092
1948-07-23,0.0034428589
1948-07-26,-0.0073002472
1948-07-27,0.0091141461
1948-07-28,-0.0043882405
1948-07-29,-0.0080296756
1948-07-30,-0.0165438772
1948-08-02,-0.0002396741
1948-08-03,0.0011534364
1948-08-04,0.0156947419
1948-08-05,-0.0018423386
1948-08-06,0.0010608869
1948-08-09,-0.0101563861
1948-08-10,-0.0119892756
1948-08-11,-0.0095447268
1948-08-12,0.0047648267
1948-08-13,-0.0001488730
1948-08-16,0.0014471270
1948-08-17,0.0135501270
1948-08-18,0.0001171270
1948-08-19,0.0023781270
1948-08-20,0.0088951270
1948-08-23,-0.0135818730
1948-08-24,0.0042401270
1948-08-25,-0.0022768730
1948-08-26,0.0014471270
1948-08-27,0.0066341270
1948-08-30,-0.0060008730
1948-08-31,-0.0020108730
1948-09-01,0.0164761270
1948-09-02,0.0090281270
1948-09-03,-0.0008138730
1948-09-07,0.0054371270
1948-09-08,-0.0193008730
1948-09-09,-0.0216948730
1948-09-10,-0.0007940767
1948-09-13,-0.0098578730
1948-09-14,0.0104911270
1948-09-15,-0.0009468730
1948-09-16,0.0005161270
1948-09-17,-0.0065328730
1948-09-20,-0.0240888730
1948-09-21,0.0082076804
1948-09-22,0.0065993278
1948-09-23,-0.0044048730
1948-09-24,0.0022451270
1948-09-27,-0.0304728730
1948-09-28,0.0106842699
1948-09-29,0.0108873528
1948-09-30,-0.0037140278
1948-10-01,0.0117035390
1948-10-02,0.0060025186
1948-10-04,0.0064441229
1948-10-05,-0.0044699898
1948-10-06,0.0042192046
1948-10-07,0.0072991270
1948-10-08,-0.0022768730
1948-10-09,0.0007821270
1948-10-11,-0.0005478730
1948-10-13,0.0126191270
1948-10-14,0.0042401270
1948-10-15,-0.0008138730
1948-10-16,0.0029101270
1948-10-18,0.0035751270
1948-10-19,0.0053041270
1948-10-20,0.0062351270
1948-10-21,0.0017131270
1948-10-22,0.0182051270
1948-10-23,0.0041071270
1948-10-25,-0.0071978730
1948-10-26,-0.0008138730
1948-10-27,-0.0020108730
1948-10-28,-0.0089268730
1948-10-29,0.0027771270
1948-10-30,0.0030431270
1948-11-01,0.0103581270
1948-11-03,-0.0589348730
1948-11-04,0.0117014690
1948-11-05,-0.0302288049
1948-11-06,0.0022529576
1948-11-08,0.0012936853
1948-11-09,-0.0205765249
1948-11-10,-0.0012984227
1948-11-12,0.0026009930
1948-11-13,0.0016497682
1948-11-15,0.0082840051
1948-11-16,0.0022323010
1948-11-17,-0.0023591670
1948-11-18,0.0021229867
1948-11-19,0.0033718239
1948-11-20,0.0014449663
1948-11-22,-0.0056794413
1948-11-23,-0.0021643391
1948-11-24,-0.0145039017
1948-11-26,-0.0003060128
1948-11-27,-0.0005218660
1948-11-29,-0.0074318054
1948-11-30,-0.0034269328
1948-12-01,0.0180922620
1948-12-02,0.0037579903
1948-12-03,0.0059766717
1948-12-04,0.0089765618
1948-12-06,0.0014718893
1948-12-07,0.0007038134
1948-12-08,-0.0020277002
1948-12-09,-0.0035636844
1948-12-10,0.0022451270
1948-12-11,0.0098261270
1948-12-13,-0.0006808730
1948-12-14,-0.0066658730
1948-12-15,-0.0046708730
1948-12-16,-0.0032078730
1948-12-17,0.0026441270
1948-12-18,-0.0006808730
1948-12-20,0.0013141270
1948-12-21,-0.0029418730
1948-12-22,0.0002501270
1948-12-23,0.0013141270
1948-12-24,0.0087621270
1948-12-27,-0.0050698730
1948-12-28,-0.0094588730
1948-12-29,0.0148801270
1948-12-30,0.0009151270
1948-12-31,-0.0062668730
1949-01-03,-0.0183698730
1949-01-04,0.0055701270
1949-01-05,0.0134171270
1949-01-06,0.0264511270
1949-01-07,0.0100852400
1949-01-08,0.0006327664
1949-01-10,-0.0091928730
1949-01-11,0.0005161270
1949-01-12,-0.0009468730
1949-01-13,-0.0066658730
1949-01-14,-0.0110548730
1949-01-15,0.0026441270
1949-01-17,0.0035751270
1949-01-18,0.0035751270
1949-01-19,0.0038411270
1949-01-20,0.0059691270
1949-01-21,-0.0018778730
1949-01-22,0.0018461270
1949-01-24,-0.0042718730
1949-01-25,-0.0086608730
1949-01-26,-0.0040058730
1949-01-27,-0.0052028730
1949-01-28,-0.0053358730
1949-01-29,0.0022451270
1949-01-31,-0.0018778730
1949-02-01,0.0066341270
1949-02-02,0.0025111270
1949-02-03,-0.0032078730
1949-02-04,-0.0175718730
1949-02-05,-0.0194338730
1949-02-07,-0.0094588730
1949-02-08,-0.0018778730
1949-02-09,0.0078311270
1949-02-10,-0.0157098730
1949-02-11,-0.0000158730
1949-02-14,0.0021121270
1949-02-15,0.0053041270
1949-02-16,0.0075651270
1949-02-17,0.0112891270
1949-02-18,-0.0028088730
1949-02-19,-0.0017448730
1949-02-21,-0.0033408730
1949-02-23,-0.0094588730
1949-02-24,-0.0121188730
1949-02-25,-0.0024098730
1949-02-26,0.0055701270
1949-02-28,0.0115551270
1949-03-01,-0.0000158730
1949-03-02,-0.0000158730
1949-03-03,-0.0000158730
1949-03-04,-0.0000158730
1949-03-05,-0.0000158730
1949-03-07,-0.0000158730
1949-03-08,-0.0000158730
1949-03-09,-0.0000158730
1949-03-10,-0.0000158730
1949-03-11,-0.0000158730
1949-03-12,-0.0000158730
1949-03-14,-0.0000158730
1949-03-15,-0.0000158730
1949-03-16,-0.0000158730
1949-03-17,-0.0000158730
1949-03-18,-0.0000158730
1949-03-19,-0.0000158730
1949-03-21,-0.0000158730
1949-03-22,-0.0000158730
1949-03-23,-0.0000158730
1949-03-24,-0.0000158730
1949-03-25,-0.0000158730
1949-03-26,-0.0000158730
1949-03-28,-0.0000158730
1949-03-29,-0.0000158730
1949-03-30,-0.0000158730
1949-03-31,-0.0000158730
1949-04-01,-0.0000158730
1949-04-02,-0.0000158730
1949-04-04,-0.0000158730
1949-04-05,-0.0000158730
1949-04-06,-0.0000158730
1949-04-07,-0.0000158730
1949-04-08,-0.0000158730
1949-04-09,-0.0000158730
1949-04-11,-0.0000158730
1949-04-12,-0.0000158730
1949-04-13,-0.0000158730
1949-04-14,-0.0000158730
1949-04-16,-0.0000158730
1949-04-18,-0.0000158730
1949-04-19,-0.0000158730
1949-04-20,-0.0000158730
1949-04-21,-0.0000158730
1949-04-22,-0.0000158730
1949-04-23,-0.0000158730
1949-04-25,-0.0000158730
1949-04-26,-0.0000158730
1949-04-27,-0.0000158730
1949-04-28,-0.0000158730
1949-04-29,-0.0000158730
1949-04-30,-0.0000158730
1949-05-02,-0.0000158730
1949-05-03,-0.0000158730
1949-05-04,-0.0000158730
1949-05-05,-0.0000158730
1949-05-06,-0.0000158730
1949-05-07,-0.0000158730
1949-05-09,-0.0000158730
1949-05-10,-0.0000158730
1949-05-11,-0.0000158730
1949-05-12,-0.0000158730
1949-05-13,-0.0000158730
1949-05-14,-0.0000158730
1949-05-16,-0.0000158730
1949-05-17,-0.0000158730
1949-05-18,-0.0000158730
1949-05-19,-0.0000158730
1949-05-20,-0.0000158730
1949-05-21,-0.0000158730
1949-05-23,-0.0000158730
1949-05-24,-0.0000158730
1949-05-25,-0.0000158730
1949-05-26,-0.0000158730
1949-05-27,-0.0000158730
1949-05-31,-0.0000158730
1949-06-01,-0.0000158730
1949-06-02,-0.0000158730
1949-06-03,-0.0000158730
1949-06-06,-0.0000158730
1949-06-07,-0.0000158730
1949-06-08,-0.0000158730
1949-06-09,-0.0000158730
1949-06-10,-0.0000158730
1949-06-13,-0.0000158730
1949-06-14,-0.0000158730
1949-06-15,-0.0000158730
1949-06-16,-0.0000158730
1949-06-17,-0.0000158730
1949-06-20,-0.0000158730
1949-06-21,-0.0000158730
1949-06-22,-0.0000158730
1949-06-23,-0.0000158730
1949-06-24,-0.0000158730
1949-06-27,-0.0000158730
1949-06-28,-0.0000158730
1949-06-29,-0.0000158730
1949-06-30,-0.0000158730
1949-07-01,-0.0000158730
1949-07-05,-0.0000158730
1949-07-06,-0.0000158730
1949-07-07,-0.0000158730
1949-07-08,-0.0000158730
1949-07-11,-0.0000158730
1949-07-12,-0.0000158730
1949-07-13,-0.0000158730
1949-07-14,-0.0000158730
1949-07-15,-0.0000158730
1949-07-18,-0.0000158730
1949-07-19,-0.0000158730
1949-07-20,-0.0000158730
1949-07-21,-0.0000158730
1949-07-22,-0.0000158730
1949-07-25,-0.0000158730
1949-07-26,-0.0000158730
1949-07-27,-0.0000158730
1949-07-28,-0.0000158730
1949-07-29,-0.0000158730
1949-08-01,0.0069001270
1949-08-02,0.0041071270
1949-08-03,-0.0001488730
1949-08-04,-0.0004148730
1949-08-05,0.0151461270
1949-08-08,0.0142151270
1949-08-09,-0.0049368730
1949-08-10,0.0080971270
1949-08-11,-0.0033408730
1949-08-12,-0.0036068730
1949-08-15,-0.0036068730
1949-08-16,0.0049051270
1949-08-17,0.0138161270
1949-08-18,0.0051711270
1949-08-19,-0.0060008730
1949-08-22,-0.0046708730
1949-08-23,-0.0162418730
1949-08-24,0.0011811270
1949-08-25,0.0034421270
1949-08-26,0.0023781270
1949-08-29,-0.0091928730
1949-08-30,0.0050381270
1949-08-31,0.0018461270
1949-09-01,-0.0000158730
1949-09-02,-0.0000158730
1949-09-06,-0.0000158730
1949-09-07,-0.0000158730
1949-09-08,-0.0000158730
1949-09-09,-0.0000158730
1949-09-12,-0.0000158730
1949-09-13,-0.0000158730
1949-09-14,-0.0000158730
1949-09-15,-0.0000158730
1949-09-16,-0.0000158730
1949-09-19,-0.0000158730
1949-09-20,-0.0000158730
1949-09-21,-0.0000158730
1949-09-22,-0.0000158730
1949-09-23,-0.0000158730
1949-09-26,-0.0000158730
1949-09-27,-0.0000158730
1949-09-28,-0.0000158730
1949-09-29,-0.0000158730
1949-09-30,-0.0000158730
1949-10-01,-0.0056018730
1949-10-03,0.0065011270
1949-10-04,0.0110231270
1949-10-05,0.0053041270
1949-10-06,0.0039741270
1949-10-07,0.0017131270
1949-10-08,0.0013141270
1949-10-10,-0.0014788730
1949-10-11,0.0110231270
1949-10-13,0.0005161270
1949-10-14,-0.0033408730
1949-10-15,-0.0012128730
1949-10-17,-0.0131828730
1949-10-18,0.0103581270
1949-10-19,0.0057031270
1949-10-20,-0.0017448730
1949-10-21,-0.0012128730
1949-10-22,0.0003831270
1949-10-24,-0.0000158730
1949-10-25,0.0058361270
1949-10-26,0.0111561270
1949-10-27,0.0058361270
1949-10-28,-0.0069318730
1949-10-29,0.0003831270
1949-10-31,-0.0052028730
1949-11-01,0.0098261270
1949-11-02,0.0122201270
1949-11-03,-0.0022768730
1949-11-04,0.0001171270
1949-11-05,0.0018461270
1949-11-07,-0.0028088730
1949-11-09,-0.0009468730
1949-11-10,-0.0013458730
1949-11-12,-0.0000158730
1949-11-14,-0.0089268730
1949-11-15,-0.0082618730
1949-11-16,0.0071661270
1949-11-17,0.0102251270
1949-11-18,0.0138161270
1949-11-19,0.0027771270
1949-11-21,-0.0075968730
1949-11-22,0.0041071270
1949-11-23,0.0023781270
1949-11-25,-0.0073308730
1949-11-26,0.0014471270
1949-11-28,-0.0049368730
1949-11-29,-0.0013458730
1949-11-30,0.0039741270
1949-12-01,0.0079641270
1949-12-02,0.0124861270
1949-12-03,0.0088951270
1949-12-05,0.0026441270
1949-12-06,-0.0012128730
1949-12-07,0.0015801270
1949-12-08,0.0015801270
1949-12-09,-0.0001488730
1949-12-10,0.0019791270
1949-12-12,0.0075651270
1949-12-13,0.0079641270
1949-12-14,0.0047721270
1949-12-15,0.0029101270
1949-12-16,-0.0009468730
1949-12-17,-0.0005478730
1949-12-19,-0.0026758730
1949-12-20,-0.0071978730
1949-12-21,-0.0018778730
1949-12-22,0.0103581270
1949-12-23,0.0025111270
1949-12-27,-0.0067988730
1949-12-28,0.0065011270
1949-12-29,0.0027771270
1949-12-30,0.0062351270
1949-12-31,-0.0009468730
1950-01-03,-0.0078628730
1950-01-04,0.0143481270
1950-01-05,0.0054371270
1950-01-06,0.0031761270
1950-01-07,0.0084961270
1950-01-09,0.0017131270
1950-01-10,-0.0046708730
1950-01-11,0.0055701270
1950-01-12,-0.0242218730
1950-01-13,-0.0066658730
1950-01-14,0.0019791270
1950-01-16,0.0023781270
1950-01-17,0.0099591270
1950-01-18,-0.0009468730
1950-01-19,0.0023781270
1950-01-20,0.0030431270
1950-01-21,0.0014471270
1950-01-23,-0.0025428730
1950-01-24,-0.0042718730
1950-01-25,-0.0079958730
1950-01-26,0.0018461270
1950-01-27,0.0047721270
1950-01-28,0.0042401270
1950-01-30,0.0088951270
1950-01-31,0.0018461270
1950-02-01,0.0001171270
1950-02-02,0.0130181270
1950-02-03,0.0043731270
1950-02-04,0.0031761270
1950-02-06,-0.0030748730
1950-02-07,-0.0054688730
1950-02-08,0.0014471270
1950-02-09,0.0057031270
1950-02-10,-0.0028088730
1950-02-11,-0.0009468730
1950-02-14,-0.0082618730
1950-02-15,0.0010481270
1950-02-16,-0.0021438730
1950-02-17,0.0084961270
1950-02-18,0.0057031270
1950-02-20,-0.0017448730
1950-02-21,-0.0020108730
1950-02-23,0.0019791270
1950-02-24,0.0046391270
1950-02-25,-0.0010798730
1950-02-27,0.0018461270
1950-02-28,-0.0045378730
1950-03-01,0.0045061270
1950-03-02,0.0005161270
1950-03-03,0.0049051270
1950-03-04,0.0035751270
1950-03-06,0.0007821270
1950-03-07,-0.0089268730
1950-03-08,0.0025111270
1950-03-09,-0.0082618730
1950-03-10,-0.0008138730
1950-03-11,0.0034421270
1950-03-13,-0.0006808730
1950-03-14,0.0070331270
1950-03-15,0.0175401270
1950-03-16,0.0037081270
1950-03-17,-0.0024098730
1950-03-18,0.0026441270
1950-03-20,-0.0018778730
1950-03-21,0.0005161270
1950-03-22,0.0072991270
1950-03-23,0.0009151270
1950-03-24,-0.0004148730
1950-03-25,0.0035751270
1950-03-27,-0.0110548730
1950-03-28,0.0039741270
1950-03-29,-0.0046708730
1950-03-30,-0.0123848730
1950-03-31,0.0005161270
1950-04-01,0.0035751270
1950-04-03,0.0115551270
1950-04-04,0.0022451270
1950-04-05,0.0043731270
1950-04-06,0.0123531270
1950-04-08,0.0031761270
1950-04-10,0.0007821270
1950-04-11,-0.0074638730
1950-04-12,0.0126191270
1950-04-13,0.0015801270
1950-04-14,-0.0018778730
1950-04-15,-0.0057348730
1950-04-17,-0.0009468730
1950-04-18,0.0053041270
1950-04-19,0.0017131270
1950-04-20,-0.0091928730
1950-04-21,0.0045061270
1950-04-22,0.0013141270
1950-04-24,-0.0102568730
1950-04-25,0.0002501270
1950-04-26,-0.0022768730
1950-04-27,0.0076981270
1950-04-28,0.0082301270
1950-04-29,0.0078311270
1950-05-01,0.0076981270
1950-05-02,-0.0060008730
1950-05-03,0.0092941270
1950-05-04,-0.0074638730
1950-05-05,0.0057031270
1950-05-06,0.0072991270
1950-05-08,-0.0004148730
1950-05-09,0.0049051270
1950-05-10,-0.0000158730
1950-05-11,0.0030431270
1950-05-12,-0.0054688730
1950-05-13,0.0021121270
1950-05-15,0.0023781270
1950-05-16,0.0096931270
1950-05-17,0.0053041270
1950-05-18,0.0043731270
1950-05-19,0.0082301270
1950-05-20,0.0026441270
1950-05-22,-0.0060008730
1950-05-23,0.0043731270
1950-05-24,-0.0014788730
1950-05-25,-0.0004148730
1950-05-26,-0.0001488730
1950-05-27,-0.0006808730
1950-05-29,0.0043731270
1950-05-31,0.0027771270
1950-06-01,-0.0014788730
1950-06-02,0.0005161270
1950-06-05,-0.0114538730
1950-06-06,0.0094271270
1950-06-07,0.0057031270
1950-06-08,0.0107571270
1950-06-09,0.0074321270
1950-06-12,0.0061021270
1950-06-13,-0.0067988730
1950-06-14,-0.0150448730
1950-06-15,-0.0004148730
1950-06-16,0.0002501270
1950-06-19,-0.0050698730
1950-06-20,-0.0037398730
1950-06-21,0.0115551270
1950-06-22,0.0099591270
1950-06-23,0.0010481270
1950-06-26,-0.0699738730
1950-06-27,-0.0071429730
1950-06-28,0.0088963925
1950-06-29,-0.0252641096
1950-06-30,0.0082612360
1950-07-03,-0.0034847796
1950-07-05,0.0055363109
1950-07-06,0.0046496160
1950-07-07,-0.0078974813
1950-07-10,-0.0035466310
1950-07-11,-0.0108854656
1950-07-12,-0.0185271642
1950-07-13,-0.0073411089
1950-07-14,0.0099841107
1950-07-17,-0.0063972451
1950-07-18,0.0180067755
1950-07-19,0.0123065361
1950-07-20,0.0103088788
1950-07-21,0.0013276728
1950-07-24,-0.0043143037
1950-07-25,-0.0102582488
1950-07-26,0.0024707732
1950-07-27,0.0098033766
1950-07-28,0.0067870724
1950-07-31,0.0034563963
1950-08-01,0.0069830102
1950-08-02,-0.0002912996
1950-08-03,0.0026741511
1950-08-04,0.0052196595
1950-08-07,0.0121802213
1950-08-08,0.0021145596
1950-08-09,0.0062342105
1950-08-10,0.0024335939
1950-08-11,-0.0069809404
1950-08-14,0.0015823185
1950-08-15,0.0033328693
1950-08-16,0.0041071270
1950-08-17,0.0132841270
1950-08-18,0.0076981270
1950-08-21,0.0019791270
1950-08-22,-0.0024098730
1950-08-23,0.0095601270
1950-08-24,0.0001171270
1950-08-25,-0.0155768730
1950-08-28,0.0002501270
1950-08-29,0.0030431270
1950-08-30,-0.0038728730
1950-08-31,-0.0016118730
1950-09-01,0.0066341270
1950-09-05,0.0062351270
1950-09-06,-0.0074638730
1950-09-07,0.0047721270
1950-09-08,0.0106241270
1950-09-11,-0.0087938730
1950-09-12,0.0150131270
1950-09-13,0.0139491270
1950-09-14,0.0058361270
1950-09-15,0.0051711270
1950-09-18,0.0035751270
1950-09-19,-0.0044048730
1950-09-20,-0.0066658730
1950-09-21,0.0107571270
1950-09-22,0.0071661270
1950-09-25,-0.0026758730
1950-09-26,-0.0162418730
1950-09-27,0.0167421270
1950-09-28,0.0015801270
1950-09-29,0.0011811270
1950-10-02,0.0126191270
1950-10-03,-0.0028088730
1950-10-04,0.0160771270
1950-10-05,-0.0046708730
1950-10-06,0.0106241270
1950-10-07,0.0038411270
1950-10-09,-0.0110548730
1950-10-10,-0.0095918730
1950-10-11,0.0070331270
1950-10-13,0.0013141270
1950-10-14,-0.0061338730
1950-10-16,-0.0006808730
1950-10-17,0.0102251270
1950-10-18,0.0084961270
1950-10-19,-0.0002818730
1950-10-20,-0.0022768730
1950-10-21,0.0031761270
1950-10-23,-0.0009468730
1950-10-24,0.0027771270
1950-10-25,-0.0017448730
1950-10-26,-0.0276798730
1950-10-27,0.0075651270
1950-10-28,0.0025111270
1950-10-30,-0.0121188730
1950-10-31,-0.0083948730
1950-11-01,0.0054371270
1950-11-02,0.0123531270
1950-11-03,0.0043731270
1950-11-04,-0.0045378730
1950-11-06,-0.0288768730
1950-11-08,0.0180008089
1950-11-09,0.0149320055
1950-11-10,0.0079168586
1950-11-13,0.0047948156
1950-11-14,0.0027878137
1950-11-15,-0.0019746837
1950-11-16,-0.0025673047
1950-11-17,0.0110076044
1950-11-18,0.0066341270
1950-11-20,0.0002501270
1950-11-21,-0.0001488730
1950-11-22,0.0140821270
1950-11-24,0.0098261270
1950-11-25,-0.0012128730
1950-11-27,-0.0040058730
1950-11-28,-0.0373888730
1950-11-29,-0.0088367407
1950-11-30,0.0078590430
1950-12-01,0.0080956876
1950-12-02,-0.0066586024
1950-12-04,-0.0311096708
1950-12-05,0.0139381479
1950-12-06,0.0074413570
1950-12-07,-0.0015219094
1950-12-08,0.0024902094
1950-12-09,0.0035730459
1950-12-11,0.0093923805
1950-12-12,0.0006015331
1950-12-13,0.0003077141
1950-12-14,-0.0117728947
1950-12-15,-0.0044951646
1950-12-16,0.0184040988
1950-12-18,0.0111830236
1950-12-19,0.0058113430
1950-12-20,0.0030798469
1950-12-21,0.0015464175
1950-12-22,0.0042654914
1950-12-26,-0.0104343746
1950-12-27,0.0257151346
1950-12-28,0.0060370553
1950-12-29,-0.0006129764
1950-12-30,0.0017242179
1951-01-02,0.0204149217
1951-01-03,-0.0034899858
1951-01-04,0.0087379706
1951-01-05,0.0005120907
1951-01-06,-0.0010798730
1951-01-08,0.0063681270
1951-01-09,0.0074321270
1951-01-10,-0.0175718730
1951-01-11,0.0212641270
1951-01-12,-0.0037533678
1951-01-13,0.0011350616
1951-01-15,0.0070331270
1951-01-16,0.0091611270
1951-01-17,0.0072991270
1951-01-18,-0.0038728730
1951-01-19,-0.0017448730
1951-01-20,0.0019791270
1951-01-22,-0.0133158730
1951-01-23,0.0043731270
1951-01-24,-0.0040058730
1951-01-25,-0.0090598730
1951-01-26,0.0132841270
1951-01-27,0.0138161270
1951-01-29,0.0091611270
1951-01-30,0.0031761270
1951-01-31,-0.0034738730
1951-02-01,0.0079641270
1951-02-02,0.0099591270
1951-02-03,0.0049051270
1951-02-05,0.0045061270
1951-02-06,-0.0045378730
1951-02-07,-0.0036068730
1951-02-08,0.0070331270
1951-02-09,0.0061021270
1951-02-10,0.0018461270
1951-02-13,0.0013141270
1951-02-14,-0.0040058730
1951-02-15,-0.0029418730
1951-02-16,0.0051711270
1951-02-17,0.0009151270
1951-02-19,-0.0155768730
1951-02-20,-0.0028088730
1951-02-21,0.0058361270
1951-02-23,0.0033091270
1951-02-24,0.0026441270
1951-02-26,-0.0001488730
1951-02-27,-0.0111878730
1951-02-28,0.0019791270
1951-03-01,0.0043731270
1951-03-02,0.0055701270
1951-03-03,-0.0004148730
1951-03-05,-0.0073308730
1951-03-06,-0.0025428730
1951-03-07,0.0053041270
1951-03-08,0.0045061270
1951-03-09,0.0007821270
1951-03-10,-0.0026758730
1951-03-12,-0.0126508730
1951-03-13,-0.0208968730
1951-03-14,-0.0114538730
1951-03-15,0.0015801270
1951-03-16,0.0213971270
1951-03-17,0.0027771270
1951-03-19,-0.0073308730
1951-03-20,-0.0021438730
1951-03-21,0.0075651270
1951-03-22,0.0043731270
1951-03-24,-0.0143798730
1951-03-26,0.0011811270
1951-03-27,0.0007821270
1951-03-28,-0.0150448730
1951-03-29,0.0034421270
1951-03-30,0.0082301270
1951-03-31,-0.0036068730
1951-04-02,-0.0070648730
1951-04-03,-0.0028088730
1951-04-04,0.0059691270
1951-04-05,0.0186041270
1951-04-06,0.0046391270
1951-04-07,-0.0012128730
1951-04-09,0.0005161270
1951-04-10,-0.0024098730
1951-04-11,-0.0022768730
1951-04-12,0.0128851270
1951-04-13,0.0170081270
1951-04-14,0.0051711270
1951-04-16,-0.0066658730
1951-04-17,0.0019791270
1951-04-18,0.0049051270
1951-04-19,-0.0061338730
1951-04-20,-0.0006808730
1951-04-21,0.0002501270
1951-04-23,-0.0005478730
1951-04-24,-0.0060008730
1951-04-25,0.0018461270
1951-04-26,0.0115551270
1951-04-27,0.0120871270
1951-04-28,0.0021121270
1951-04-30,-0.0004148730
1951-05-01,0.0042401270
1951-05-02,0.0037081270
1951-05-03,0.0096931270
1951-05-04,0.0006491270
1951-05-05,-0.0038728730
1951-05-07,-0.0026758730
1951-05-08,0.0046391270
1951-05-09,0.0029101270
1951-05-10,-0.0067988730
1951-05-11,-0.0069318730
1951-05-12,-0.0074638730
1951-05-14,-0.0010798730
1951-05-15,-0.0203648730
1951-05-16,-0.0041388730
1951-05-17,0.0128851270
1951-05-18,-0.0211628730
1951-05-19,0.0009151270
1951-05-21,-0.0056018730
1951-05-22,-0.0041388730
1951-05-23,-0.0085278730
1951-05-24,-0.0054688730
1951-05-25,0.0011811270
1951-05-26,0.0023781270
1951-05-28,0.0067671270
1951-05-29,0.0096931270
1951-05-31,0.0072991270
1951-06-01,-0.0020108730
1951-06-04,-0.0127838730
1951-06-05,0.0022451270
1951-06-06,0.0118211270
1951-06-07,0.0066341270
1951-06-08,-0.0025428730
1951-06-11,0.0066341270
1951-06-12,-0.0054688730
1951-06-13,0.0010481270
1951-06-14,0.0126191270
1951-06-15,0.0086291270
1951-06-18,-0.0006808730
1951-06-19,-0.0014788730
1951-06-20,-0.0060008730
1951-06-21,-0.0074638730
1951-06-22,-0.0105228730
1951-06-25,-0.0203648730
1951-06-26,0.0030431270
1951-06-27,0.0059691270
1951-06-28,-0.0145128730
1951-06-29,-0.0098578730
1951-07-02,0.0079641270
1951-07-03,0.0092941270
1951-07-05,0.0205991270
1951-07-06,-0.0000158730
1951-07-09,0.0030431270
1951-07-10,-0.0049368730
1951-07-11,0.0027771270
1951-07-12,0.0058361270
1951-07-13,0.0091611270
1951-07-16,-0.0098578730
1951-07-17,0.0086291270
1951-07-18,-0.0005478730
1951-07-19,0.0010481270
1951-07-20,0.0021121270
1951-07-23,0.0111561270
1951-07-24,0.0159441270
1951-07-25,-0.0024098730
1951-07-26,0.0066341270
1951-07-27,0.0037081270
1951-07-30,0.0078311270
1951-07-31,-0.0085278730
1951-08-01,0.0088951270
1951-08-02,0.0136831270
1951-08-03,0.0021121270
1951-08-06,0.0087621270
1951-08-07,-0.0004148730
1951-08-08,-0.0022768730
1951-08-09,-0.0048038730
1951-08-10,-0.0022768730
1951-08-13,0.0015801270
1951-08-14,-0.0010798730
1951-08-15,0.0051711270
1951-08-16,0.0069001270
1951-08-17,0.0037081270
1951-08-20,-0.0009468730
1951-08-21,-0.0050698730
1951-08-22,-0.0061338730
1951-08-23,0.0082301270
1951-08-24,0.0002501270
1951-08-27,-0.0020108730
1951-08-28,0.0011811270
1951-08-29,0.0102251270
1951-08-30,0.0088951270
1951-08-31,0.0013141270
1951-09-04,0.0013141270
1951-09-05,0.0102251270
1951-09-06,0.0042401270
1951-09-07,0.0055701270
1951-09-10,0.0057031270
1951-09-11,-0.0061338730
1951-09-12,0.0082301270
1951-09-13,0.0037081270
1951-09-14,-0.0006808730
1951-09-17,-0.0041388730
1951-09-18,-0.0010798730
1951-09-19,0.0009151270
1951-09-20,-0.0020108730
1951-09-21,-0.0099908730
1951-09-24,-0.0063998730
1951-09-25,0.0046391270
1951-09-26,0.0019791270
1951-09-27,-0.0065328730
1951-09-28,-0.0006808730
1951-10-01,0.0080971270
1951-10-02,0.0087621270
1951-10-03,0.0079641270
1951-10-04,-0.0018778730
1951-10-05,0.0017131270
1951-10-06,0.0002501270
1951-10-08,-0.0013458730
1951-10-09,-0.0063998730
1951-10-10,-0.0030748730
1951-10-11,0.0059691270
1951-10-13,0.0037081270
1951-10-15,0.0025111270
1951-10-16,-0.0052028730
1951-10-17,-0.0034738730
1951-10-18,-0.0017448730
1951-10-19,-0.0186358730
1951-10-20,-0.0121188730
1951-10-22,-0.0242218730
1951-10-23,0.0084961270
1951-10-24,0.0095601270
1951-10-25,-0.0065328730
1951-10-26,-0.0099908730
1951-10-27,-0.0211628730
1951-10-29,0.0112891270
1951-10-30,0.0001171270
1951-10-31,0.0136831270
1951-11-01,0.0087621270
1951-11-02,-0.0095918730
1951-11-03,-0.0114538730
1951-11-05,0.0010481270
1951-11-07,-0.0114538730
1951-11-08,0.0025111270
1951-11-09,0.0147471270
1951-11-10,0.0065011270
1951-11-13,-0.0024098730
1951-11-14,0.0035751270
1951-11-15,-0.0006808730
1951-11-16,-0.0014788730
1951-11-17,0.0003831270
1951-11-19,-0.0049368730
1951-11-20,-0.0024098730
1951-11-21,-0.0010798730
1951-11-23,-0.0137148730
1951-11-24,-0.0049368730
1951-11-26,0.0078311270
1951-11-27,0.0103581270
1951-11-28,-0.0018778730
1951-11-29,0.0057031270
1951-11-30,0.0124861270
1951-12-01,0.0031761270
1951-12-03,0.0045061270
1951-12-04,0.0054371270
1951-12-05,0.0005161270
1951-12-06,0.0119541270
1951-12-07,0.0026441270
1951-12-08,0.0013141270
1951-12-10,0.0001171270
1951-12-11,-0.0062668730
1951-12-12,0.0015801270
1951-12-13,0.0038411270
1951-12-14,-0.0002818730
1951-12-15,-0.0008138730
1951-12-17,0.0018461270
1951-12-18,0.0015801270
1951-12-19,0.0037081270
1951-12-20,0.0001171270
1951-12-21,-0.0029418730
1951-12-22,-0.0000158730
1951-12-24,-0.0005478730
1951-12-26,-0.0082618730
1951-12-27,0.0112891270
1951-12-28,0.0058361270
1951-12-29,-0.0005478730
1951-12-31,0.0035751270
1952-01-02,0.0021121270
1952-01-03,0.0018461270
1952-01-04,0.0023781270
1952-01-05,0.0009151270
1952-01-07,-0.0020108730
1952-01-08,-0.0057348730
1952-01-09,-0.0037398730
1952-01-10,0.0079641270
1952-01-11,0.0055701270
1952-01-12,0.0053041270
1952-01-14,0.0026441270
1952-01-15,-0.0058678730
1952-01-16,0.0038411270
1952-01-17,0.0051711270
1952-01-18,0.0018461270
1952-01-19,0.0035751270
1952-01-21,0.0053041270
1952-01-22,0.0066341270
1952-01-23,-0.0046708730
1952-01-24,0.0017131270
1952-01-25,0.0014471270
1952-01-26,0.0011811270
1952-01-28,0.0011811270
1952-01-29,-0.0002818730
1952-01-30,-0.0141138730
1952-01-31,-0.0056018730
1952-02-01,0.0078311270
1952-02-02,0.0047721270
1952-02-04,-0.0149118730
1952-02-05,-0.0034738730
1952-02-06,0.0042401270
1952-02-07,0.0022451270
1952-02-08,0.0067671270
1952-02-09,0.0005161270
1952-02-11,-0.0042718730
1952-02-13,-0.0089268730
1952-02-14,-0.0033408730
1952-02-15,-0.0001488730
1952-02-16,-0.0008138730
1952-02-18,-0.0053358730
1952-02-19,-0.0194338730
1952-02-20,-0.0149118730
1952-02-21,0.0042401270
1952-02-23,0.0086291270
1952-02-25,-0.0038728730
1952-02-26,-0.0065328730
1952-02-27,0.0026441270
1952-02-28,0.0094271270
1952-02-29,-0.0008138730
1952-03-01,0.0010481270
1952-03-03,0.0034421270
1952-03-04,0.0174071270
1952-03-05,0.0030431270
1952-03-06,-0.0001488730
1952-03-07,0.0027771270
1952-03-08,0.0038411270
1952-03-10,-0.0065328730
1952-03-11,0.0029101270
1952-03-12,0.0034421270
1952-03-13,0.0006491270
1952-03-14,0.0031761270
1952-03-15,0.0027771270
1952-03-17,0.0013141270
1952-03-18,-0.0018778730
1952-03-19,-0.0032078730
1952-03-20,0.0045061270
1952-03-21,0.0009151270
1952-03-22,-0.0001488730
1952-03-24,-0.0014788730
1952-03-25,-0.0056018730
1952-03-26,-0.0009468730
1952-03-27,0.0100921270
1952-03-28,0.0078311270
1952-03-29,0.0074321270
1952-03-31,0.0009151270
1952-04-01,-0.0102568730
1952-04-02,-0.0010798730
1952-04-03,0.0011811270
1952-04-04,-0.0067988730
1952-04-05,-0.0020108730
1952-04-07,-0.0123848730
1952-04-08,0.0074321270
1952-04-09,-0.0001488730
1952-04-10,0.0046391270
1952-04-12,0.0006491270
1952-04-14,-0.0098578730
1952-04-15,-0.0143798730
1952-04-16,-0.0018778730
1952-04-17,-0.0114538730
1952-04-18,0.0053041270
1952-04-19,0.0007821270
1952-04-21,0.0092941270
1952-04-22,-0.0058678730
1952-04-23,-0.0058678730
1952-04-24,-0.0056018730
1952-04-25,0.0055701270
1952-04-26,0.0018461270
1952-04-28,-0.0029418730
1952-04-29,-0.0045378730
1952-04-30,-0.0091928730
1952-05-01,-0.0091928730
1952-05-02,0.0188701270
1952-05-03,0.0039741270
1952-05-05,0.0037081270
1952-05-06,0.0033091270
1952-05-07,0.0083631270
1952-05-08,0.0037081270
1952-05-09,0.0003831270
1952-05-10,-0.0012128730
1952-05-12,-0.0018778730
1952-05-13,0.0022451270
1952-05-14,-0.0045378730
1952-05-15,-0.0046708730
1952-05-16,0.0007821270
1952-05-17,0.0002501270
1952-05-19,0.0018461270
1952-05-20,0.0067671270
1952-05-21,0.0035751270
1952-05-22,0.0083631270
1952-05-23,-0.0010798730
1952-05-24,-0.0001488730
1952-05-26,0.0027771270
1952-05-27,-0.0025428730
1952-05-28,-0.0018778730
1952-05-29,0.0001171270
1952-06-02,-0.0017448730
1952-06-03,-0.0010798730
1952-06-04,0.0072991270
1952-06-05,0.0083631270
1952-06-06,0.0072991270
1952-06-09,0.0050381270
1952-06-10,-0.0044048730
1952-06-11,0.0033091270
1952-06-12,0.0005161270
1952-06-13,0.0026441270
1952-06-16,-0.0020108730
1952-06-17,0.0009151270
1952-06-18,0.0030431270
1952-06-19,0.0041071270
1952-06-20,0.0018461270
1952-06-23,-0.0014788730
1952-06-24,0.0009151270
1952-06-25,0.0046391270
1952-06-26,0.0027771270
1952-06-27,0.0029101270
1952-06-30,0.0047721270
1952-07-01,0.0070331270
1952-07-02,-0.0024098730
1952-07-03,-0.0000158730
1952-07-07,-0.0048038730
1952-07-08,0.0006491270
1952-07-09,-0.0037398730
1952-07-10,-0.0026758730
1952-07-11,0.0066341270
1952-07-14,0.0009151270
1952-07-15,0.0063681270
1952-07-16,-0.0014788730
1952-07-17,-0.0046708730
1952-07-18,-0.0086608730
1952-07-21,0.0029101270
1952-07-22,0.0027771270
1952-07-23,0.0055701270
1952-07-24,0.0043731270
1952-07-25,-0.0032078730
1952-07-28,-0.0005478730
1952-07-29,0.0026441270
1952-07-30,0.0027771270
1952-07-31,0.0014471270
1952-08-01,0.0007821270
1952-08-04,-0.0017448730
1952-08-05,0.0005161270
1952-08-06,0.0019791270
1952-08-07,0.0033091270
1952-08-08,-0.0001488730
1952-08-11,0.0003831270
1952-08-12,-0.0093258730
1952-08-13,-0.0002818730
1952-08-14,-0.0002818730
1952-08-15,-0.0026758730
1952-08-18,-0.0135818730
1952-08-19,0.0001171270
1952-08-20,0.0029101270
1952-08-21,0.0018461270
1952-08-22,-0.0000158730
1952-08-25,-0.0049368730
1952-08-26,-0.0009468730
1952-08-27,0.0047721270
1952-08-28,0.0030431270
1952-08-29,0.0038411270
1952-09-02,0.0043731270
1952-09-03,0.0027771270
1952-09-04,-0.0012128730
1952-09-05,-0.0016118730
1952-09-08,-0.0057348730
1952-09-09,-0.0141138730
1952-09-10,-0.0058678730
1952-09-11,0.0018461270
1952-09-12,-0.0028088730
1952-09-15,-0.0126508730
1952-09-16,0.0054371270
1952-09-17,0.0034421270
1952-09-18,-0.0024098730
1952-09-19,0.0027771270
1952-09-22,0.0013141270
1952-09-23,0.0046391270
1952-09-24,0.0042401270
1952-09-25,-0.0000158730
1952-09-26,-0.0036068730
1952-09-29,-0.0008138730
1952-09-30,-0.0073308730
1952-10-01,-0.0033408730
1952-10-02,-0.0001488730
1952-10-03,-0.0024098730
1952-10-06,-0.0036068730
1952-10-07,0.0005161270
1952-10-08,0.0065011270
1952-10-09,0.0002501270
1952-10-10,-0.0001488730
1952-10-14,-0.0046708730
1952-10-15,-0.0193008730
1952-10-16,-0.0082618730
1952-10-17,0.0150131270
1952-10-20,-0.0042718730
1952-10-21,-0.0021438730
1952-10-22,-0.0127838730
1952-10-23,0.0042401270
1952-10-24,0.0054371270
1952-10-27,0.0015801270
1952-10-28,0.0005161270
1952-10-29,0.0006491270
1952-10-30,-0.0002818730
1952-10-31,0.0180721270
1952-11-03,0.0074321270
1952-11-05,0.0069001270
1952-11-06,0.0050381270
1952-11-07,0.0053041270
1952-11-10,-0.0000158730
1952-11-12,-0.0021438730
1952-11-13,0.0011811270
1952-11-14,0.0001171270
1952-11-17,0.0025111270
1952-11-18,0.0188701270
1952-11-19,0.0094271270
1952-11-20,-0.0020108730
1952-11-21,-0.0000158730
1952-11-24,0.0083631270
1952-11-25,0.0015801270
1952-11-26,0.0080971270
1952-11-28,0.0065011270
1952-12-01,0.0017131270
1952-12-02,0.0035751270
1952-12-03,-0.0005478730
1952-12-04,-0.0042718730
1952-12-05,0.0019791270
1952-12-08,0.0054371270
1952-12-09,0.0055701270
1952-12-10,0.0003831270
1952-12-11,-0.0000158730
1952-12-12,0.0041071270
1952-12-15,0.0011811270
1952-12-16,-0.0004148730
1952-12-17,-0.0016118730
1952-12-18,-0.0000158730
1952-12-19,0.0053041270
1952-12-22,0.0055701270
1952-12-23,-0.0046708730
1952-12-24,0.0007821270
1952-12-26,0.0018461270
1952-12-29,0.0045061270
1952-12-30,0.0063681270
1952-12-31,0.0013141270
1953-01-02,0.0007821270
1953-01-05,0.0059691270
1953-01-06,-0.0069318730
1953-01-07,-0.0044048730
1953-01-08,-0.0005478730
1953-01-09,-0.0114538730
1953-01-12,-0.0085278730
1953-01-13,0.0075651270
1953-01-14,0.0011811270
1953-01-15,0.0021121270
1953-01-16,-0.0057348730
1953-01-19,-0.0009468730
1953-01-20,0.0055701270
1953-01-21,-0.0018778730
1953-01-22,0.0006491270
1953-01-23,-0.0017448730
1953-01-26,-0.0020108730
1953-01-27,0.0025111270
1953-01-28,0.0025111270
1953-01-29,0.0042401270
1953-01-30,0.0065011270
1953-02-02,0.0026441270
1953-02-03,0.0007821270
1953-02-04,-0.0013458730
1953-02-05,-0.0106558730
1953-02-06,-0.0110548730
1953-02-09,-0.0049368730
1953-02-10,-0.0018778730
1953-02-11,0.0013141270
1953-02-13,0.0057031270
1953-02-16,-0.0021438730
1953-02-17,-0.0063998730
1953-02-18,0.0001171270
1953-02-19,0.0037081270
1953-02-20,0.0021121270
1953-02-24,0.0082301270
1953-02-25,0.0078311270
1953-02-26,0.0027771270
1953-02-27,-0.0001488730
1953-03-02,0.0007821270
1953-03-03,0.0047721270
1953-03-04,-0.0111878730
1953-03-05,0.0011811270
1953-03-06,0.0047721270
1953-03-09,0.0007821270
1953-03-10,0.0025111270
1953-03-11,0.0091611270
1953-03-12,-0.0000158730
1953-03-13,0.0030431270
1953-03-16,0.0019791270
1953-03-17,0.0039741270
1953-03-18,-0.0004148730
1953-03-19,0.0007821270
1953-03-20,-0.0010798730
1953-03-23,-0.0079958730
1953-03-24,0.0072991270
1953-03-25,-0.0020108730
1953-03-26,-0.0060008730
1953-03-27,0.0035751270
1953-03-30,-0.0203648730
1953-03-31,-0.0147788730
1953-04-01,0.0009151270
1953-04-02,-0.0004148730
1953-04-06,-0.0283448730
1953-04-07,0.0037081270
1953-04-08,0.0095601270
1953-04-09,-0.0053358730
1953-04-10,-0.0022768730
1953-04-13,-0.0025428730
1953-04-14,0.0037081270
1953-04-15,0.0065011270
1953-04-16,-0.0030748730
1953-04-17,-0.0126508730
1953-04-20,0.0025111270
1953-04-21,-0.0018778730
1953-04-22,-0.0101238730
1953-04-23,-0.0158428730
1953-04-24,0.0001171270
1953-04-27,0.0062351270
1953-04-28,0.0062351270
1953-04-29,0.0071661270
1953-04-30,-0.0017448730
1953-05-01,0.0053041270
1953-05-04,0.0120871270
1953-05-05,0.0013141270
1953-05-06,0.0021121270
1953-05-07,-0.0053358730
1953-05-08,0.0030431270
1953-05-11,0.0007821270
1953-05-12,-0.0062668730
1953-05-13,-0.0009468730
1953-05-14,0.0062351270
1953-05-15,0.0009151270
1953-05-18,-0.0025428730
1953-05-19,-0.0026758730
1953-05-20,0.0124861270
1953-05-21,0.0038411270
1953-05-22,-0.0001488730
1953-05-25,-0.0014788730
1953-05-26,-0.0040058730
1953-05-27,-0.0105228730
1953-05-28,-0.0095918730
1953-05-29,0.0021121270
1953-06-01,-0.0186358730
1953-06-02,0.0018461270
1953-06-03,-0.0005478730
1953-06-04,-0.0110548730
1953-06-05,0.0023781270
1953-06-08,-0.0026758730
1953-06-09,-0.0256848730
1953-06-10,-0.0012128730
1953-06-11,0.0112891270
1953-06-12,0.0042401270
1953-06-15,-0.0109218730
1953-06-16,-0.0040058730
1953-06-17,0.0163431270
1953-06-18,0.0001171270
1953-06-19,-0.0000158730
1953-06-22,0.0069001270
1953-06-23,0.0074321270
1953-06-24,-0.0014788730
1953-06-25,0.0053041270
1953-06-26,-0.0008138730
1953-06-29,-0.0021438730
1953-06-30,-0.0016118730
1953-07-01,0.0051711270
1953-07-02,0.0046391270
1953-07-03,0.0034421270
1953-07-06,0.0015801270
1953-07-07,0.0047721270
1953-07-08,0.0005161270
1953-07-09,-0.0044048730
1953-07-10,-0.0014788730
1953-07-13,-0.0129168730
1953-07-14,-0.0017448730
1953-07-15,0.0038411270
1953-07-16,0.0029101270
1953-07-17,0.0065011270
1953-07-20,-0.0062668730
1953-07-21,-0.0030748730
1953-07-22,0.0013141270
1953-07-23,0.0026441270
1953-07-24,0.0005161270
1953-07-27,-0.0077298730
1953-07-28,0.0006491270
1953-07-29,0.0071661270
1953-07-30,0.0122201270
1953-07-31,0.0111561270
1953-08-03,0.0050381270
1953-08-04,-0.0002818730
1953-08-05,0.0023781270
1953-08-06,0.0053041270
1953-08-07,-0.0005478730
1953-08-10,-0.0010798730
1953-08-11,-0.0008138730
1953-08-12,0.0057031270
1953-08-13,-0.0002818730
1953-08-14,-0.0044048730
1953-08-17,-0.0032078730
1953-08-18,-0.0063998730
1953-08-19,-0.0082618730
1953-08-20,0.0005161270
1953-08-21,0.0019791270
1953-08-24,-0.0147788730
1953-08-25,-0.0071978730
1953-08-26,-0.0036068730
1953-08-27,-0.0056018730
1953-08-28,-0.0030748730
1953-08-31,-0.0232908730
1953-09-01,0.0055701270
1953-09-02,0.0084961270
1953-09-03,-0.0032078730
1953-09-04,0.0035751270
1953-09-08,0.0027771270
1953-09-09,0.0003831270
1953-09-10,-0.0114538730
1953-09-11,-0.0187688730
1953-09-14,-0.0243548730
1953-09-15,0.0094271270
1953-09-16,0.0096931270
1953-09-17,0.0009151270
1953-09-18,-0.0077298730
1953-09-21,-0.0033408730
1953-09-22,0.0175401270
1953-09-23,0.0047721270
1953-09-24,0.0001171270
1953-09-25,0.0037081270
1953-09-28,0.0079641270
1953-09-29,0.0015801270
1953-09-30,-0.0046708730
1953-10-01,-0.0000158730
1953-10-02,-0.0000158730
1953-10-05,-0.0000158730
1953-10-06,-0.0000158730
1953-10-07,-0.0000158730
1953-10-08,-0.0000158730
1953-10-09,-0.0000158730
1953-10-13,-0.0000158730
1953-10-14,-0.0000158730
1953-10-15,-0.0000158730
1953-10-16,-0.0000158730
1953-10-19,-0.0000158730
1953-10-20,-0.0000158730
1953-10-21,-0.0000158730
1953-10-22,-0.0000158730
1953-10-23,-0.0000158730
1953-10-26,-0.0000158730
1953-10-27,-0.0000158730
1953-10-28,-0.0000158730
1953-10-29,-0.0000158730
1953-10-30,-0.0000158730
1953-11-02,-0.0000158730
1953-11-04,-0.0000158730
1953-11-05,-0.0000158730
1953-11-06,-0.0000158730
1953-11-09,-0.0000158730
1953-11-10,-0.0000158730
1953-11-12,-0.0000158730
1953-11-13,-0.0000158730
1953-11-16,-0.0000158730
1953-11-17,-0.0000158730
1953-11-18,-0.0000158730
1953-11-19,-0.0000158730
1953-11-20,-0.0000158730
1953-11-23,-0.0000158730
1953-11-24,-0.0000158730
1953-11-25,-0.0000158730
1953-11-27,-0.0000158730
1953-11-30,-0.0000158730
1953-12-01,0.0014471270
1953-12-02,0.0083631270
1953-12-03,0.0026441270
1953-12-04,-0.0014788730
1953-12-07,-0.0022768730
1953-12-08,-0.0048038730
1953-12-09,-0.0001488730
1953-12-10,-0.0018778730
1953-12-11,-0.0002818730
1953-12-14,-0.0030748730
1953-12-15,-0.0000158730
1953-12-16,0.0118211270
1953-12-17,-0.0009468730
1953-12-18,0.0035751270
1953-12-21,-0.0022768730
1953-12-22,-0.0106558730
1953-12-23,-0.0010798730
1953-12-24,0.0051711270
1953-12-28,-0.0058678730
1953-12-29,-0.0087938730
1953-12-30,0.0088951270
1953-12-31,0.0017131270
1954-01-04,0.0096931270
1954-01-05,0.0086291270
1954-01-06,0.0025111270
1954-01-07,-0.0044048730
1954-01-08,-0.0053358730
1954-01-11,-0.0066658730
1954-01-12,0.0067671270
1954-01-13,0.0069001270
1954-01-14,0.0061021270
1954-01-15,0.0118211270
1954-01-18,0.0010481270
1954-01-19,0.0095601270
1954-01-20,0.0035751270
1954-01-21,-0.0001488730
1954-01-22,0.0030431270
1954-01-25,0.0046391270
1954-01-26,0.0098261270
1954-01-27,-0.0037398730
1954-01-28,0.0003831270
1954-01-29,0.0023781270
1954-02-01,-0.0029418730
1954-02-02,-0.0018778730
1954-02-03,0.0074321270
1954-02-04,0.0087621270
1954-02-05,0.0045061270
1954-02-08,-0.0002818730
1954-02-09,0.0003831270
1954-02-10,-0.0020108730
1954-02-11,-0.0017448730
1954-02-12,0.0042401270
1954-02-15,-0.0044048730
1954-02-16,-0.0103898730
1954-02-17,0.0035751270
1954-02-18,0.0065011270
1954-02-19,-0.0016118730
1954-02-23,-0.0044048730
1954-02-24,-0.0008138730
1954-02-25,0.0055701270
1954-02-26,0.0115551270
1954-03-01,0.0069001270
1954-03-02,0.0033091270
1954-03-03,0.0003831270
1954-03-04,0.0031761270
1954-03-05,0.0057031270
1954-03-08,-0.0028088730
1954-03-09,0.0027771270
1954-03-10,0.0039741270
1954-03-11,0.0061021270
1954-03-12,-0.0012128730
1954-03-15,-0.0044048730
1954-03-16,0.0003831270
1954-03-17,0.0014471270
1954-03-18,0.0069001270
1954-03-19,0.0050381270
1954-03-22,-0.0006808730
1954-03-23,-0.0091928730
1954-03-24,-0.0062668730
1954-03-25,-0.0012128730
1954-03-26,0.0082301270
1954-03-29,0.0053041270
1954-03-30,0.0039741270
1954-03-31,0.0102251270
1954-04-01,0.0095601270
1954-04-02,0.0011811270
1954-04-05,0.0007821270
1954-04-06,-0.0121188730
1954-04-07,0.0072991270
1954-04-08,0.0096931270
1954-04-09,0.0058361270
1954-04-12,-0.0009468730
1954-04-13,0.0023781270
1954-04-14,0.0094271270
1954-04-15,0.0053041270
1954-04-19,-0.0070648730
1954-04-20,0.0005161270
1954-04-21,-0.0012128730
1954-04-22,0.0027771270
1954-04-23,0.0053041270
1954-04-26,0.0014471270
1954-04-27,-0.0054688730
1954-04-28,0.0030431270
1954-04-29,0.0162101270
1954-04-30,0.0017131270
1954-05-03,-0.0016118730
1954-05-04,0.0015801270
1954-05-05,-0.0005478730
1954-05-06,0.0069001270
1954-05-07,0.0053041270
1954-05-10,0.0011811270
1954-05-11,-0.0046708730
1954-05-12,0.0100921270
1954-05-13,-0.0034738730
1954-05-14,0.0066341270
1954-05-17,0.0029101270
1954-05-18,0.0021121270
1954-05-19,-0.0026758730
1954-05-20,0.0046391270
1954-05-21,0.0067671270
1954-05-24,0.0005161270
1954-05-25,-0.0029418730
1954-05-26,0.0071661270
1954-05-27,-0.0026758730
1954-05-28,0.0034421270
1954-06-01,0.0023781270
1954-06-02,-0.0024098730
1954-06-03,0.0007821270
1954-06-04,-0.0025428730
1954-06-07,-0.0017448730
1954-06-08,-0.0271478730
1954-06-09,-0.0060008730
1954-06-10,0.0074321270
1954-06-11,0.0087621270
1954-06-14,0.0007821270
1954-06-15,0.0099591270
1954-06-16,0.0098261270
1954-06-17,-0.0013458730
1954-06-18,0.0005161270
1954-06-21,0.0022451270
1954-06-22,0.0011811270
1954-06-23,0.0022451270
1954-06-24,0.0076981270
1954-06-25,0.0010481270
1954-06-28,0.0082301270
1954-06-29,-0.0000158730
1954-06-30,-0.0071978730
1954-07-01,0.0002501270
1954-07-02,0.0131511270
1954-07-06,0.0114221270
1954-07-07,0.0002501270
1954-07-08,-0.0020108730
1954-07-09,0.0062351270
1954-07-12,0.0013141270
1954-07-13,-0.0036068730
1954-07-14,0.0034421270
1954-07-15,0.0039741270
1954-07-16,-0.0050698730
1954-07-19,-0.0040058730
1954-07-20,-0.0033408730
1954-07-21,0.0099591270
1954-07-22,0.0107571270
1954-07-23,0.0023781270
1954-07-26,0.0002501270
1954-07-27,0.0057031270
1954-07-28,0.0030431270
1954-07-29,0.0049051270
1954-07-30,0.0055701270
1954-08-02,0.0037081270
1954-08-03,0.0033091270
1954-08-04,0.0001171270
1954-08-05,-0.0025428730
1954-08-06,-0.0161088730
1954-08-09,-0.0056018730
1954-08-10,0.0112891270
1954-08-11,0.0114221270
1954-08-12,-0.0021438730
1954-08-13,0.0037081270
1954-08-16,0.0096931270
1954-08-17,-0.0001488730
1954-08-18,0.0013141270
1954-08-19,0.0035751270
1954-08-20,0.0015801270
1954-08-23,-0.0087938730
1954-08-24,-0.0048038730
1954-08-25,-0.0079958730
1954-08-26,-0.0040058730
1954-08-27,0.0031761270
1954-08-30,-0.0125178730
1954-08-31,-0.0196998730
1954-09-01,0.0108901270
1954-09-02,0.0084961270
1954-09-03,0.0084961270
1954-09-07,0.0062351270
1954-09-08,0.0015801270
1954-09-09,0.0030431270
1954-09-10,0.0045061270
1954-09-13,0.0086291270
1954-09-14,0.0042401270
1954-09-15,-0.0021438730
1954-09-16,0.0046391270
1954-09-17,0.0082301270
1954-09-20,-0.0049368730
1954-09-21,0.0072991270
1954-09-22,0.0078311270
1954-09-23,0.0054371270
1954-09-24,0.0066341270
1954-09-27,0.0026441270
1954-09-28,0.0015801270
1954-09-29,-0.0054688730
1954-09-30,-0.0054688730
1954-10-01,0.0015801270
1954-10-04,0.0066341270
1954-10-05,0.0045061270
1954-10-06,0.0031761270
1954-10-07,-0.0028088730
1954-10-08,-0.0002818730
1954-10-11,-0.0085278730
1954-10-12,-0.0049368730
1954-10-13,-0.0008138730
1954-10-14,-0.0153108730
1954-10-15,-0.0042718730
1954-10-18,0.0042401270
1954-10-19,0.0039741270
1954-10-20,0.0080971270
1954-10-21,0.0017131270
1954-10-22,0.0015801270
1954-10-25,-0.0075968730
1954-10-26,-0.0009468730
1954-10-27,-0.0000158730
1954-10-28,-0.0030748730
1954-10-29,-0.0093258730
1954-11-01,0.0059691270
1954-11-03,0.0263181270
1954-11-04,0.0135501270
1954-11-05,-0.0005478730
1954-11-08,0.0115551270
1954-11-09,0.0050381270
1954-11-10,0.0046391270
1954-11-11,0.0098261270
1954-11-12,0.0039741270
1954-11-15,-0.0009468730
1954-11-16,0.0067671270
1954-11-17,0.0045061270
1954-11-18,-0.0061338730
1954-11-19,0.0042401270
1954-11-22,0.0074321270
1954-11-23,0.0156781270
1954-11-24,0.0033091270
1954-11-26,0.0096931270
1954-11-29,0.0033091270
1954-11-30,-0.0079958730
1954-12-01,-0.0062668730
1954-12-02,0.0090281270
1954-12-03,0.0123531270
1954-12-06,0.0092941270
1954-12-07,0.0031761270
1954-12-08,-0.0000158730
1954-12-09,-0.0046708730
1954-12-10,-0.0022768730
1954-12-13,-0.0018778730
1954-12-14,-0.0094588730
1954-12-15,0.0053041270
1954-12-16,0.0127521270
1954-12-17,0.0080971270
1954-12-20,0.0096931270
1954-12-21,0.0018461270
1954-12-22,-0.0004148730
1954-12-23,0.0013141270
1954-12-27,-0.0086608730
1954-12-28,0.0120871270
1954-12-29,0.0107571270
1954-12-30,0.0010481270
1954-12-31,0.0079641270
1955-01-03,0.0143481270
1955-01-04,-0.0056018730
1955-01-05,-0.0283448730
1955-01-06,-0.0173865244
1955-01-07,0.0132132750
1955-01-10,0.0166950441
1955-01-11,-0.0020355422
1955-01-12,-0.0025891219
1955-01-13,-0.0059858084
1955-01-14,-0.0047781950
1955-01-17,-0.0247142483
1955-01-18,0.0076718578
1955-01-19,0.0056080909
1955-01-20,0.0030636974
1955-01-21,0.0081432861
1955-01-24,0.0017549628
1955-01-25,-0.0014738355
1955-01-26,0.0095601270
1955-01-27,0.0019791270
1955-01-28,0.0055701270
1955-01-31,0.0099591270
1955-02-01,0.0055701270
1955-02-02,-0.0013458730
1955-02-03,-0.0014788730
1955-02-04,0.0136831270
1955-02-07,0.0037081270
1955-02-08,-0.0106558730
1955-02-09,0.0142151270
1955-02-10,0.0103581270
1955-02-11,0.0022451270
1955-02-14,-0.0033408730
1955-02-15,0.0041071270
1955-02-16,-0.0034738730
1955-02-17,0.0017131270
1955-02-18,0.0035751270
1955-02-21,0.0007821270
1955-02-23,0.0009151270
1955-02-24,-0.0065328730
1955-02-25,-0.0013458730
1955-02-28,0.0067671270
1955-03-01,0.0042401270
1955-03-02,0.0106241270
1955-03-03,0.0035751270
1955-03-04,0.0051711270
1955-03-07,-0.0052028730
1955-03-08,-0.0243548730
1955-03-09,-0.0162418730
1955-03-10,0.0104911270
1955-03-11,-0.0204978730
1955-03-14,-0.0310989875
1955-03-15,0.0203448093
1955-03-16,0.0087555343
1955-03-17,0.0039407894
1955-03-18,0.0014541548
1955-03-21,-0.0055577245
1955-03-22,0.0056251627
1955-03-23,0.0130762146
1955-03-24,0.0091134174
1955-03-25,0.0029909101
1955-03-28,-0.0039833693
1955-03-29,0.0010704896
1955-03-30,-0.0111501174
1955-03-31,0.0027418507
1955-04-01,0.0108700274
1955-04-04,-0.0020022488
1955-04-05,0.0050381270
1955-04-06,0.0023781270
1955-04-07,0.0053041270
1955-04-11,0.0029101270
1955-04-12,0.0058361270
1955-04-13,0.0037081270
1955-04-14,0.0010481270
1955-04-15,0.0053041270
1955-04-18,0.0079641270
1955-04-19,-0.0021438730
1955-04-20,0.0023781270
1955-04-21,-0.0009468730
1955-04-22,-0.0099908730
1955-04-25,0.0034421270
1955-04-26,0.0075651270
1955-04-27,-0.0053358730
1955-04-28,-0.0107888730
1955-04-29,0.0079641270
1955-05-02,0.0017131270
1955-05-03,-0.0113208730
1955-05-04,0.0015801270
1955-05-05,0.0062351270
1955-05-06,0.0039741270
1955-05-09,0.0014471270
1955-05-10,-0.0026758730
1955-05-11,-0.0123848730
1955-05-12,-0.0077298730
1955-05-13,0.0075651270
1955-05-16,-0.0135818730
1955-05-17,-0.0008138730
1955-05-18,0.0102251270
1955-05-19,0.0088951270
1955-05-20,0.0087621270
1955-05-23,-0.0085278730
1955-05-24,0.0014471270
1955-05-25,0.0063681270
1955-05-26,0.0092941270
1955-05-27,0.0018461270
1955-05-31,0.0003831270
1955-06-01,0.0023781270
1955-06-02,0.0038411270
1955-06-03,0.0084961270
1955-06-06,0.0070331270
1955-06-07,0.0091611270
1955-06-08,0.0069001270
1955-06-09,-0.0067988730
1955-06-10,0.0067671270
1955-06-13,0.0119541270
1955-06-14,-0.0002818730
1955-06-15,0.0090281270
1955-06-16,0.0019791270
1955-06-17,0.0037081270
1955-06-20,0.0030431270
1955-06-21,0.0059691270
1955-06-22,0.0025111270
1955-06-23,0.0014471270
1955-06-24,0.0014471270
1955-06-27,0.0010481270
1955-06-28,-0.0046708730
1955-06-29,0.0017131270
1955-06-30,0.0074321270
1955-07-01,0.0051711270
1955-07-05,0.0120871270
1955-07-06,0.0160771270
1955-07-07,-0.0185028730
1955-07-08,-0.0014788730
1955-07-11,0.0062351270
1955-07-12,-0.0017448730
1955-07-13,-0.0126508730
1955-07-14,0.0027771270
1955-07-15,0.0055701270
1955-07-18,-0.0020108730
1955-07-19,-0.0077298730
1955-07-20,0.0030431270
1955-07-21,0.0100921270
1955-07-22,0.0094271270
1955-07-25,0.0065011270
1955-07-26,-0.0001488730
1955-07-27,0.0006491270
1955-07-28,-0.0063998730
1955-07-29,-0.0017448730
1955-08-01,-0.0151778730
1955-08-02,0.0014471270
1955-08-03,0.0027771270
1955-08-04,-0.0165078730
1955-08-05,0.0070331270
1955-08-08,-0.0065328730
1955-08-09,-0.0138478730
1955-08-10,0.0018461270
1955-08-11,0.0111561270
1955-08-12,0.0037081270
1955-08-15,-0.0020108730
1955-08-16,-0.0070648730
1955-08-17,-0.0005478730
1955-08-18,-0.0002818730
1955-08-19,0.0018461270
1955-08-22,-0.0014788730
1955-08-23,0.0124861270
1955-08-24,0.0050381270
1955-08-25,0.0059691270
1955-08-26,0.0051711270
1955-08-29,0.0010481270
1955-08-30,0.0002501270
1955-08-31,0.0066341270
1955-09-01,0.0037081270
1955-09-02,0.0057031270
1955-09-06,0.0074321270
1955-09-07,0.0003831270
1955-09-08,0.0025111270
1955-09-09,0.0015801270
1955-09-12,0.0059691270
1955-09-13,0.0083631270
1955-09-14,0.0030431270
1955-09-15,-0.0017448730
1955-09-16,0.0058361270
1955-09-19,0.0002501270
1955-09-20,-0.0005478730
1955-09-21,0.0057031270
1955-09-22,0.0005161270
1955-09-23,0.0050381270
1955-09-26,-0.0864658730
1955-09-27,0.0123513357
1955-09-28,0.0070791926
1955-09-29,-0.0035086020
1955-09-30,-0.0030052571
1955-10-03,-0.0139614340
1955-10-04,0.0029502692
1955-10-05,0.0032594812
1955-10-06,-0.0027531796
1955-10-07,-0.0053301494
1955-10-10,-0.0186758730
1955-10-11,-0.0050952287
1955-10-12,0.0099638909
1955-10-13,-0.0010207745
1955-10-14,-0.0012191165
1955-10-17,0.0024270381
1955-10-18,0.0034263308
1955-10-19,0.0069573947
1955-10-20,0.0080683038
1955-10-21,0.0008707726
1955-10-24,0.0052808171
1955-10-25,-0.0046475119
1955-10-26,-0.0062241536
1955-10-27,-0.0021880256
1955-10-28,0.0029084103
1955-10-31,-0.0009200813
1955-11-01,0.0002210601
1955-11-02,0.0022191904
1955-11-03,0.0181638530
1955-11-04,0.0163341870
1955-11-07,0.0068661609
1955-11-09,0.0103677155
1955-11-10,-0.0015426992
1955-11-11,0.0102723039
1955-11-14,0.0192691270
1955-11-15,0.0019598804
1955-11-16,-0.0032078730
1955-11-17,-0.0053358730
1955-11-18,-0.0021438730
1955-11-21,-0.0078628730
1955-11-22,0.0111561270
1955-11-23,0.0035751270
1955-11-25,0.0046391270
1955-11-28,-0.0054688730
1955-11-29,0.0045061270
1955-11-30,0.0030431270
1955-12-01,-0.0020108730
1955-12-02,0.0035751270
1955-12-05,0.0067671270
1955-12-06,0.0013141270
1955-12-07,-0.0017448730
1955-12-08,0.0059691270
1955-12-09,0.0006491270
1955-12-12,-0.0089268730
1955-12-13,-0.0000158730
1955-12-14,-0.0083948730
1955-12-15,0.0002501270
1955-12-16,0.0042401270
1955-12-19,-0.0012128730
1955-12-20,-0.0012128730
1955-12-21,0.0108901270
1955-12-22,0.0029101270
1955-12-23,0.0021121270
1955-12-27,-0.0036068730
1955-12-28,-0.0032078730
1955-12-29,0.0006491270
1955-12-30,0.0107571270
1956-01-03,-0.0086608730
1956-01-04,-0.0070648730
1956-01-05,0.0015801270
1956-01-06,0.0059691270
1956-01-09,-0.0169068730
1956-01-10,-0.0099908730
1956-01-11,0.0082301270
1956-01-12,0.0080971270
1956-01-13,-0.0006808730
1956-01-16,-0.0135818730
1956-01-17,0.0062351270
1956-01-18,-0.0106558730
1956-01-19,-0.0135818730
1956-01-20,-0.0095918730
1956-01-23,-0.0049368730
1956-01-24,0.0170081270
1956-01-25,0.0047721270
1956-01-26,-0.0071978730
1956-01-27,-0.0032078730
1956-01-30,0.0027771270
1956-01-31,0.0108901270
1956-02-01,0.0076981270
1956-02-02,0.0026441270
1956-02-03,0.0120871270
1956-02-06,-0.0001488730
1956-02-07,-0.0028088730
1956-02-08,-0.0135818730
1956-02-09,-0.0133158730
1956-02-10,0.0035751270
1956-02-13,-0.0013458730
1956-02-14,-0.0050698730
1956-02-15,0.0155451270
1956-02-16,-0.0021438730
1956-02-17,0.0190031270
1956-02-20,0.0010481270
1956-02-21,0.0023781270
1956-02-23,0.0142151270
1956-02-24,0.0090281270
1956-02-27,-0.0008138730
1956-02-28,0.0051711270
1956-02-29,-0.0034738730
1956-03-01,0.0078311270
1956-03-02,0.0095601270
1956-03-05,0.0080971270
1956-03-06,-0.0010798730
1956-03-07,-0.0000158730
1956-03-08,0.0046391270
1956-03-09,0.0150131270
1956-03-12,0.0096931270
1956-03-13,-0.0000158730
1956-03-14,0.0082301270
1956-03-15,0.0079641270
1956-03-16,0.0006491270
1956-03-19,0.0076981270
1956-03-20,0.0034421270
1956-03-21,-0.0117198730
1956-03-22,0.0080971270
1956-03-23,0.0058361270
1956-03-26,0.0003831270
1956-03-27,-0.0073308730
1956-03-28,0.0050381270
1956-03-29,0.0034421270
1956-04-02,0.0087621270
1956-04-03,-0.0034738730
1956-04-04,0.0035751270
1956-04-05,-0.0056018730
1956-04-06,0.0067671270
1956-04-09,-0.0066658730
1956-04-10,-0.0177048730
1956-04-11,0.0103581270
1956-04-12,-0.0074638730
1956-04-13,0.0006491270
1956-04-16,-0.0002818730
1956-04-17,-0.0008138730
1956-04-18,-0.0028088730
1956-04-19,-0.0048038730
1956-04-20,0.0062351270
1956-04-23,-0.0005478730
1956-04-24,-0.0110548730
1956-04-25,-0.0034738730
1956-04-26,0.0103581270
1956-04-27,0.0127521270
1956-04-30,0.0090281270
1956-05-01,-0.0041388730
1956-05-02,0.0006491270
1956-05-03,0.0057031270
1956-05-04,0.0069001270
1956-05-07,-0.0040058730
1956-05-08,-0.0038728730
1956-05-09,0.0002501270
1956-05-10,-0.0179708730
1956-05-11,0.0025111270
1956-05-14,-0.0146458730
1956-05-15,-0.0071978730
1956-05-16,-0.0021438730
1956-05-17,0.0096931270
1956-05-18,-0.0037398730
1956-05-21,-0.0138478730
1956-05-22,-0.0167738730
1956-05-23,-0.0052028730
1956-05-24,-0.0171728730
1956-05-25,0.0002501270
1956-05-28,-0.0161088730
1956-05-29,0.0297761270
1956-05-31,0.0008726319
1956-06-01,0.0055548638
1956-06-04,0.0053511398
1956-06-05,0.0009687693
1956-06-06,-0.0043983530
1956-06-07,0.0079641270
1956-06-08,-0.0232908730
1956-06-11,0.0142075611
1956-06-12,0.0147949310
1956-06-13,0.0027858705
1956-06-14,-0.0028315355
1956-06-15,0.0021855816
1956-06-18,-0.0077025186
1956-06-19,0.0044305519
1956-06-20,0.0035751270
1956-06-21,0.0063681270
1956-06-22,-0.0013458730
1956-06-25,-0.0056018730
1956-06-26,0.0076981270
1956-06-27,0.0079641270
1956-06-28,0.0017131270
1956-06-29,-0.0001488730
1956-07-02,0.0001171270
1956-07-03,0.0080971270
1956-07-05,0.0108901270
1956-07-06,0.0059691270
1956-07-09,0.0047721270
1956-07-10,0.0054371270
1956-07-11,0.0033091270
1956-07-12,-0.0033408730
1956-07-13,0.0062351270
1956-07-16,0.0090281270
1956-07-17,0.0047721270
1956-07-18,-0.0009468730
1956-07-19,0.0002501270
1956-07-20,0.0027771270
1956-07-23,0.0007821270
1956-07-24,-0.0013458730
1956-07-25,0.0025111270
1956-07-26,0.0027771270
1956-07-27,-0.0087938730
1956-07-30,-0.0000158730
1956-07-31,0.0087621270
1956-08-01,0.0017131270
1956-08-02,0.0069001270
1956-08-03,-0.0021438730
1956-08-06,-0.0186358730
1956-08-07,0.0098261270
1956-08-08,0.0078311270
1956-08-09,0.0014471270
1956-08-10,-0.0057348730
1956-08-13,-0.0101238730
1956-08-14,0.0047721270
1956-08-15,-0.0002818730
1956-08-16,-0.0013458730
1956-08-17,-0.0001488730
1956-08-20,-0.0125178730
1956-08-21,-0.0143798730
1956-08-22,-0.0057348730
1956-08-23,0.0110231270
1956-08-24,0.0009151270
1956-08-27,-0.0074638730
1956-08-28,-0.0048038730
1956-08-29,-0.0053358730
1956-08-30,-0.0123848730
1956-08-31,0.0139491270
1956-09-04,0.0098261270
1956-09-05,0.0047721270
1956-09-06,0.0014471270
1956-09-07,-0.0070648730
1956-09-10,-0.0054688730
1956-09-11,-0.0085278730
1956-09-12,-0.0071978730
1956-09-13,-0.0024098730
1956-09-14,0.0053041270
1956-09-17,-0.0028088730
1956-09-18,-0.0105228730
1956-09-19,-0.0123848730
1956-09-20,-0.0034738730
1956-09-21,0.0091611270
1956-09-24,-0.0071978730
1956-09-25,-0.0183698730
1956-09-26,-0.0006808730
1956-09-27,-0.0057348730
1956-09-28,-0.0090598730
1956-10-01,-0.0202318730
1956-10-02,0.0229931270
1956-10-03,0.0190019045
1956-10-04,-0.0005898686
1956-10-05,0.0043161442
1956-10-08,-0.0000158730
1956-10-09,-0.0061666042
1956-10-10,0.0138161270
1956-10-11,0.0018251668
1956-10-12,0.0034421270
1956-10-15,0.0002501270
1956-10-16,-0.0050698730
1956-10-17,-0.0093258730
1956-10-18,0.0022451270
1956-10-19,-0.0004148730
1956-10-22,-0.0026758730
1956-10-23,-0.0009468730
1956-10-24,-0.0052028730
1956-10-25,-0.0040058730
1956-10-26,0.0116881270
1956-10-29,0.0022451270
1956-10-30,-0.0026758730
1956-10-31,-0.0182368730
1956-11-01,0.0232591270
1956-11-02,0.0108901270
1956-11-05,0.0183381270
1956-11-07,-0.0079957746
1956-11-08,-0.0095961397
1956-11-09,-0.0063668961
1956-11-12,0.0066341270
1956-11-13,-0.0004148730
1956-11-14,-0.0086608730
1956-11-15,-0.0066658730
1956-11-16,-0.0010798730
1956-11-19,-0.0135818730
1956-11-20,-0.0078628730
1956-11-21,-0.0030748730
1956-11-23,0.0123531270
1956-11-26,-0.0042718730
1956-11-27,0.0003831270
1956-11-28,-0.0131828730
1956-11-29,-0.0033408730
1956-11-30,0.0200671270
1956-12-03,0.0208651270
1956-12-04,-0.0008994663
1956-12-05,0.0123976315
1956-12-06,0.0068768489
1956-12-07,0.0034421270
1956-12-10,-0.0040058730
1956-12-11,-0.0060008730
1956-12-12,-0.0083948730
1956-12-13,0.0090281270
1956-12-14,0.0025111270
1956-12-17,-0.0006808730
1956-12-18,0.0001171270
1956-12-19,-0.0036068730
1956-12-20,-0.0082618730
1956-12-21,0.0078311270
1956-12-26,0.0033091270
1956-12-27,-0.0010798730
1956-12-28,0.0031761270
1956-12-31,0.0047721270
1957-01-02,-0.0097248730
1957-01-03,0.0104911270
1957-01-04,0.0022451270
1957-01-07,-0.0061338730
1957-01-08,-0.0017448730
1957-01-09,-0.0025428730
1957-01-10,0.0050381270
1957-01-11,-0.0013458730
1957-01-14,-0.0095918730
1957-01-15,-0.0146458730
1957-01-16,-0.0008138730
1957-01-17,-0.0040058730
1957-01-18,-0.0162418730
1957-01-21,-0.0045378730
1957-01-22,0.0042401270
1957-01-23,0.0074321270
1957-01-24,0.0033091270
1957-01-25,-0.0067988730
1957-01-28,-0.0091928730
1957-01-29,0.0030431270
1957-01-30,0.0069001270
1957-01-31,-0.0034738730
1957-02-01,-0.0000158730
1957-02-04,-0.0000158730
1957-02-05,-0.0000158730
1957-02-06,-0.0000158730
1957-02-07,-0.0000158730
1957-02-08,-0.0000158730
1957-02-11,-0.0000158730
1957-02-12,-0.0000158730
1957-02-13,-0.0000158730
1957-02-14,-0.0000158730
1957-02-15,-0.0000158730
1957-02-18,-0.0000158730
1957-02-19,-0.0000158730
1957-02-20,-0.0000158730
1957-02-21,-0.0000158730
1957-02-25,-0.0000158730
1957-02-26,-0.0000158730
1957-02-27,-0.0000158730
1957-02-28,-0.0000158730
1957-03-01,-0.0000158730
1957-03-04,-0.0000158730
1957-03-05,-0.0000158730
1957-03-06,-0.0000158730
1957-03-07,-0.0000158730
1957-03-08,-0.0000158730
1957-03-11,-0.0000158730
1957-03-12,-0.0000158730
1957-03-13,-0.0000158730
1957-03-14,-0.0000158730
1957-03-15,-0.0000158730
1957-03-18,-0.0000158730
1957-03-19,-0.0000158730
1957-03-20,-0.0000158730
1957-03-21,-0.0000158730
1957-03-22,-0.0000158730
1957-03-25,-0.0000158730
1957-03-26,-0.0000158730
1957-03-27,-0.0000158730
1957-03-28,-0.0000158730
1957-03-29,-0.0000158730
1957-04-01,-0.0001488730
1957-04-02,0.0078311270
1957-04-03,0.0046391270
1957-04-04,-0.0032078730
1957-04-05,0.0009151270
1957-04-08,0.0003831270
1957-04-09,0.0111561270
1957-04-10,0.0070331270
1957-04-11,0.0010481270
1957-04-12,0.0025111270
1957-04-15,-0.0016118730
1957-04-16,0.0009151270
1957-04-17,0.0029101270
1957-04-18,0.0091611270
1957-04-22,0.0013141270
1957-04-23,0.0075651270
1957-04-24,0.0021121270
1957-04-25,-0.0042718730
1957-04-26,-0.0016118730
1957-04-29,0.0050381270
1957-04-30,0.0014471270
1957-05-01,0.0072991270
1957-05-02,0.0096931270
1957-05-03,-0.0009468730
1957-05-06,-0.0017448730
1957-05-07,-0.0022768730
1957-05-08,0.0053041270
1957-05-09,0.0017131270
1957-05-10,0.0057031270
1957-05-13,0.0094271270
1957-05-14,-0.0056018730
1957-05-15,0.0031761270
1957-05-16,0.0055701270
1957-05-17,0.0038411270
1957-05-20,0.0035751270
1957-05-21,0.0009151270
1957-05-22,-0.0044048730
1957-05-23,-0.0010798730
1957-05-24,0.0017131270
1957-05-27,-0.0117198730
1957-05-28,-0.0018778730
1957-05-29,0.0108901270
1957-05-31,0.0059691270
1957-06-03,-0.0025428730
1957-06-04,-0.0017448730
1957-06-05,0.0002501270
1957-06-06,0.0083631270
1957-06-07,0.0003831270
1957-06-10,-0.0086608730
1957-06-11,0.0167421270
1957-06-12,0.0021121270
1957-06-13,0.0021121270
1957-06-14,-0.0002818730
1957-06-17,0.0021121270
1957-06-18,-0.0058678730
1957-06-19,-0.0122518730
1957-06-20,-0.0075968730
1957-06-21,-0.0077298730
1957-06-24,-0.0098578730
1957-06-25,0.0087621270
1957-06-26,-0.0021438730
1957-06-27,0.0047721270
1957-06-28,0.0030431270
1957-07-01,0.0023781270
1957-07-02,0.0112891270
1957-07-03,0.0104911270
1957-07-05,0.0102251270
1957-07-08,0.0049051270
1957-07-09,-0.0033408730
1957-07-10,0.0087621270
1957-07-11,-0.0052028730
1957-07-12,0.0054371270
1957-07-15,0.0009151270
1957-07-16,-0.0065328730
1957-07-17,-0.0078628730
1957-07-18,-0.0013458730
1957-07-19,0.0002501270
1957-07-22,-0.0029418730
1957-07-23,-0.0016118730
1957-07-24,0.0009151270
1957-07-25,-0.0001488730
1957-07-26,-0.0045378730
1957-07-29,-0.0149118730
1957-07-30,0.0015801270
1957-07-31,-0.0000158730
1957-08-01,-0.0033408730
1957-08-02,-0.0012128730
1957-08-05,-0.0114538730
1957-08-06,-0.0146458730
1957-08-07,0.0108901270
1957-08-08,-0.0041388730
1957-08-09,0.0002501270
1957-08-12,-0.0146458730
1957-08-13,-0.0002818730
1957-08-14,-0.0166408730
1957-08-15,0.0010481270
1957-08-16,0.0019791270
1957-08-19,-0.0255518730
1957-08-20,0.0099591270
1957-08-21,0.0074321270
1957-08-22,-0.0089268730
1957-08-23,-0.0186358730
1957-08-26,-0.0189018730
1957-08-27,0.0204661270
1957-08-28,0.0013706963
1957-08-29,-0.0055460113
1957-08-30,0.0208497016
1957-09-03,0.0048407140
1957-09-04,-0.0097330148
1957-09-05,-0.0041996312
1957-09-06,-0.0032950674
1957-09-09,-0.0106994692
1957-09-10,-0.0114265652
1957-09-11,0.0099064907
1957-09-12,0.0160074190
1957-09-13,-0.0006275634
1957-09-16,-0.0060433559
1957-09-17,0.0019791270
1957-09-18,0.0017131270
1957-09-19,-0.0081288730
1957-09-20,-0.0210298730
1957-09-23,-0.0283448730
1957-09-24,0.0073854829
1957-09-25,-0.0145338294
1957-09-26,0.0025323151
1957-09-27,-0.0003735057
1957-09-30,-0.0041191517
1957-10-01,-0.0000158730
1957-10-02,-0.0000158730
1957-10-03,-0.0000158730
1957-10-04,-0.0000158730
1957-10-07,-0.0000158730
1957-10-08,-0.0000158730
1957-10-09,-0.0000158730
1957-10-10,-0.0000158730
1957-10-11,-0.0000158730
1957-10-14,-0.0000158730
1957-10-15,-0.0000158730
1957-10-16,-0.0000158730
1957-10-17,-0.0000158730
1957-10-18,-0.0000158730
1957-10-21,-0.0000158730
1957-10-22,-0.0000158730
1957-10-23,-0.0000158730
1957-10-24,-0.0000158730
1957-10-25,-0.0000158730
1957-10-28,-0.0000158730
1957-10-29,-0.0000158730
1957-10-30,-0.0000158730
1957-10-31,-0.0000158730
1957-11-01,-0.0000158730
1957-11-04,-0.0000158730
1957-11-06,-0.0000158730
1957-11-07,-0.0000158730
1957-11-08,-0.0000158730
1957-11-11,-0.0000158730
1957-11-12,-0.0000158730
1957-11-13,-0.0000158730
1957-11-14,-0.0000158730
1957-11-15,-0.0000158730
1957-11-18,-0.0000158730
1957-11-19,-0.0000158730
1957-11-20,-0.0000158730
1957-11-21,-0.0000158730
1957-11-22,-0.0000158730
1957-11-25,-0.0000158730
1957-11-26,-0.0000158730
1957-11-27,-0.0000158730
1957-11-29,-0.0000158730
1957-12-02,-0.0000158730
1957-12-03,-0.0000158730
1957-12-04,-0.0000158730
1957-12-05,-0.0000158730
1957-12-06,-0.0000158730
1957-12-09,-0.0000158730
1957-12-10,-0.0000158730
1957-12-11,-0.0000158730
1957-12-12,-0.0000158730
1957-12-13,-0.0000158730
1957-12-16,-0.0000158730
1957-12-17,-0.0000158730
1957-12-18,-0.0000158730
1957-12-19,-0.0000158730
1957-12-20,-0.0000158730
1957-12-23,-0.0000158730
1957-12-24,-0.0000158730
1957-12-26,-0.0000158730
1957-12-27,-0.0000158730
1957-12-30,-0.0000158730
1957-12-31,-0.0000158730
1958-01-02,-0.0000158730
1958-01-03,-0.0000158730
1958-01-06,-0.0000158730
1958-01-07,-0.0000158730
1958-01-08,-0.0000158730
1958-01-09,-0.0000158730
1958-01-10,-0.0000158730
1958-01-13,-0.0000158730
1958-01-14,-0.0000158730
1958-01-15,-0.0000158730
1958-01-16,-0.0000158730
1958-01-17,-0.0000158730
1958-01-20,-0.0000158730
1958-01-21,-0.0000158730
1958-01-22,-0.0000158730
1958-01-23,-0.0000158730
1958-01-24,-0.0000158730
1958-01-27,-0.0000158730
1958-01-28,-0.0000158730
1958-01-29,-0.0000158730
1958-01-30,-0.0000158730
1958-01-31,-0.0000158730
1958-02-03,-0.0000158730
1958-02-04,-0.0000158730
1958-02-05,-0.0000158730
1958-02-06,-0.0000158730
1958-02-07,-0.0000158730
1958-02-10,-0.0000158730
1958-02-11,-0.0000158730
1958-02-12,-0.0000158730
1958-02-13,-0.0000158730
1958-02-14,-0.0000158730
1958-02-17,-0.0000158730
1958-02-18,-0.0000158730
1958-02-19,-0.0000158730
1958-02-20,-0.0000158730
1958-02-21,-0.0000158730
1958-02-24,-0.0000158730
1958-02-25,-0.0000158730
1958-02-26,-0.0000158730
1958-02-27,-0.0000158730
1958-02-28,-0.0000158730
1958-03-03,-0.0000158730
1958-03-04,-0.0000158730
1958-03-05,-0.0000158730
1958-03-06,-0.0000158730
1958-03-07,-0.0000158730
1958-03-10,-0.0000158730
1958-03-11,-0.0000158730
1958-03-12,-0.0000158730
1958-03-13,-0.0000158730
1958-03-14,-0.0000158730
1958-03-17,-0.0000158730
1958-03-18,-0.0000158730
1958-03-19,-0.0000158730
1958-03-20,-0.0000158730
1958-03-21,-0.0000158730
1958-03-24,-0.0000158730
1958-03-25,-0.0000158730
1958-03-26,-0.0000158730
1958-03-27,-0.0000158730
1958-03-28,-0.0000158730
1958-03-31,-0.0000158730
1958-04-01,-0.0000158730
1958-04-02,-0.0000158730
1958-04-03,-0.0000158730
1958-04-07,-0.0000158730
1958-04-08,-0.0000158730
1958-04-09,-0.0000158730
1958-04-10,-0.0000158730
1958-04-11,-0.0000158730
1958-04-14,-0.0000158730
1958-04-15,-0.0000158730
1958-04-16,-0.0000158730
1958-04-17,-0.0000158730
1958-04-18,-0.0000158730
1958-04-21,-0.0000158730
1958-04-22,-0.0000158730
1958-04-23,-0.0000158730
1958-04-24,-0.0000158730
1958-04-25,-0.0000158730
1958-04-28,-0.0000158730
1958-04-29,-0.0000158730
1958-04-30,-0.0000158730
1958-05-01,-0.0000158730
1958-05-02,-0.0000158730
1958-05-05,-0.0000158730
1958-05-06,-0.0000158730
1958-05-07,-0.0000158730
1958-05-08,-0.0000158730
1958-05-09,-0.0000158730
1958-05-12,-0.0000158730
1958-05-13,-0.0000158730
1958-05-14,-0.0000158730
1958-05-15,-0.0000158730
1958-05-16,-0.0000158730
1958-05-19,-0.0000158730
1958-05-20,-0.0000158730
1958-05-21,-0.0000158730
1958-05-22,-0.0000158730
1958-05-23,-0.0000158730
1958-05-26,-0.0000158730
1958-05-27,-0.0000158730
1958-05-28,-0.0000158730
1958-05-29,-0.0000158730
1958-06-02,-0.0000158730
1958-06-03,-0.0000158730
1958-06-04,-0.0000158730
1958-06-05,-0.0000158730
1958-06-06,-0.0000158730
1958-06-09,-0.0000158730
1958-06-10,-0.0000158730
1958-06-11,-0.0000158730
1958-06-12,-0.0000158730
1958-06-13,-0.0000158730
1958-06-16,-0.0000158730
1958-06-17,-0.0000158730
1958-06-18,-0.0000158730
1958-06-19,-0.0000158730
1958-06-20,-0.0000158730
1958-06-23,-0.0000158730
1958-06-24,-0.0000158730
1958-06-25,-0.0000158730
1958-06-26,-0.0000158730
1958-06-27,-0.0000158730
1958-06-30,-0.0000158730
1958-07-01,0.0011811270
1958-07-02,0.0013141270
1958-07-03,0.0046391270
1958-07-07,0.0039741270
1958-07-08,-0.0069318730
1958-07-09,-0.0044048730
1958-07-10,0.0061021270
1958-07-11,0.0084961270
1958-07-14,-0.0166408730
1958-07-15,0.0017131270
1958-07-16,0.0029101270
1958-07-17,0.0098261270
1958-07-18,0.0051711270
1958-07-21,0.0154121270
1958-07-22,0.0022451270
1958-07-23,0.0001171270
1958-07-24,0.0070331270
1958-07-25,0.0090281270
1958-07-28,0.0045061270
1958-07-29,-0.0036068730
1958-07-30,0.0051711270
1958-07-31,-0.0001488730
1958-08-01,0.0100921270
1958-08-04,0.0122201270
1958-08-05,-0.0065328730
1958-08-06,-0.0057348730
1958-08-07,0.0094271270
1958-08-08,0.0070331270
1958-08-11,0.0046391270
1958-08-12,-0.0106558730
1958-08-13,0.0029101270
1958-08-14,0.0030431270
1958-08-15,-0.0117198730
1958-08-18,-0.0071978730
1958-08-19,0.0023781270
1958-08-20,0.0018461270
1958-08-21,0.0079641270
1958-08-22,0.0025111270
1958-08-25,0.0010481270
1958-08-26,0.0050381270
1958-08-27,0.0005161270
1958-08-28,-0.0066658730
1958-08-29,0.0030431270
1958-09-02,0.0067671270
1958-09-03,0.0051711270
1958-09-04,-0.0022768730
1958-09-05,-0.0014788730
1958-09-08,0.0050381270
1958-09-09,0.0070331270
1958-09-10,-0.0034738730
1958-09-11,0.0086291270
1958-09-12,-0.0033408730
1958-09-15,0.0115551270
1958-09-16,0.0086291270
1958-09-17,-0.0010798730
1958-09-18,-0.0058678730
1958-09-19,0.0087621270
1958-09-22,-0.0054688730
1958-09-23,0.0087621270
1958-09-24,0.0050381270
1958-09-25,-0.0052028730
1958-09-26,0.0029101270
1958-09-29,0.0055701270
1958-09-30,0.0047721270
1958-10-01,-0.0028088730
1958-10-02,0.0042401270
1958-10-03,0.0054371270
1958-10-06,0.0072991270
1958-10-07,0.0067671270
1958-10-08,0.0015801270
1958-10-09,0.0005161270
1958-10-10,0.0078311270
1958-10-13,0.0047721270
1958-10-14,-0.0097248730
1958-10-15,-0.0157098730
1958-10-16,0.0100921270
1958-10-17,0.0122201270
1958-10-20,-0.0037398730
1958-10-21,-0.0005478730
1958-10-22,-0.0042718730
1958-10-23,-0.0022768730
1958-10-24,-0.0029418730
1958-10-27,-0.0101238730
1958-10-28,0.0058361270
1958-10-29,0.0147471270
1958-10-30,0.0021121270
1958-10-31,0.0021121270
1958-11-03,0.0054371270
1958-11-05,0.0138161270
1958-11-06,0.0082301270
1958-11-07,-0.0018778730
1958-11-10,0.0088951270
1958-11-11,0.0103581270
1958-11-12,0.0019791270
1958-11-13,-0.0048038730
1958-11-14,0.0066341270
1958-11-17,0.0034421270
1958-11-18,-0.0020108730
1958-11-19,0.0022451270
1958-11-20,0.0007821270
1958-11-21,-0.0121188730
1958-11-24,-0.0323348730
1958-11-25,-0.0076999412
1958-11-26,0.0238277226
1958-11-28,0.0128211341
1958-12-01,0.0045214335
1958-12-02,-0.0045226612
1958-12-03,0.0018961268
1958-12-04,0.0008608059
1958-12-05,-0.0008035498
1958-12-08,0.0027771270
1958-12-09,0.0069001270
1958-12-10,0.0151461270
1958-12-11,-0.0034738730
1958-12-12,-0.0020108730
1958-12-15,0.0033091270
1958-12-16,0.0043731270
1958-12-17,0.0087621270
1958-12-18,0.0047721270
1958-12-19,-0.0022768730
1958-12-22,-0.0082618730
1958-12-23,-0.0069318730
1958-12-24,0.0182051270
1958-12-29,0.0118211270
1958-12-30,0.0053041270
1958-12-31,0.0061021270
1959-01-02,0.0053041270
1959-01-05,0.0046391270
1959-01-06,-0.0013458730
1959-01-07,-0.0158428730
1959-01-08,0.0127521270
1959-01-09,0.0091611270
1959-01-12,0.0013141270
1959-01-13,-0.0065328730
1959-01-14,0.0037081270
1959-01-15,0.0049051270
1959-01-16,0.0001171270
1959-01-19,-0.0024098730
1959-01-20,0.0015801270
1959-01-21,0.0072991270
1959-01-22,-0.0026758730
1959-01-23,0.0013141270
1959-01-26,-0.0062668730
1959-01-27,0.0001171270
1959-01-28,-0.0146458730
1959-01-29,0.0010481270
1959-01-30,0.0055701270
1959-02-02,-0.0041388730
1959-02-03,0.0018461270
1959-02-04,-0.0040058730
1959-02-05,-0.0050698730
1959-02-06,-0.0090598730
1959-02-09,-0.0181038730
1959-02-10,0.0186041270
1959-02-11,0.0009151270
1959-02-12,-0.0074638730
1959-02-13,0.0104911270
1959-02-16,0.0029101270
1959-02-17,-0.0040058730
1959-02-18,0.0061021270
1959-02-19,0.0120871270
1959-02-20,0.0114221270
1959-02-24,-0.0004148730
1959-02-25,-0.0042718730
1959-02-26,0.0033091270
1959-02-27,0.0018461270
1959-03-02,0.0069001270
1959-03-03,0.0116881270
1959-03-04,0.0017131270
1959-03-05,0.0026441270
1959-03-06,-0.0046708730
1959-03-09,-0.0005478730
1959-03-10,0.0042401270
1959-03-11,0.0025111270
1959-03-12,0.0058361270
1959-03-13,0.0013141270
1959-03-16,-0.0142468730
1959-03-17,0.0110231270
1959-03-18,-0.0018778730
1959-03-19,-0.0017448730
1959-03-20,0.0011811270
1959-03-23,-0.0122518730
1959-03-24,0.0023781270
1959-03-25,-0.0018778730
1959-03-26,-0.0017448730
1959-03-30,-0.0081288730
1959-03-31,-0.0005478730
1959-04-01,0.0046391270
1959-04-02,0.0075651270
1959-04-03,0.0102251270
1959-04-06,0.0026441270
1959-04-07,-0.0017448730
1959-04-08,-0.0065328730
1959-04-09,-0.0004148730
1959-04-10,0.0019791270
1959-04-13,0.0045061270
1959-04-14,0.0071661270
1959-04-15,0.0053041270
1959-04-16,0.0086291270
1959-04-17,0.0106241270
1959-04-20,0.0046391270
1959-04-21,-0.0014788730
1959-04-22,-0.0082618730
1959-04-23,-0.0032078730
1959-04-24,0.0072991270
1959-04-27,0.0049051270
1959-04-28,-0.0044048730
1959-04-29,-0.0041388730
1959-04-30,-0.0025428730
1959-05-01,0.0017131270
1959-05-04,0.0003831270
1959-05-05,0.0022451270
1959-05-06,-0.0020108730
1959-05-07,-0.0167738730
1959-05-08,0.0104911270
1959-05-11,0.0055701270
1959-05-12,0.0014471270
1959-05-13,0.0069001270
1959-05-14,0.0087621270
1959-05-15,-0.0048038730
1959-05-18,-0.0008138730
1959-05-19,0.0030431270
1959-05-20,-0.0044048730
1959-05-21,0.0009151270
1959-05-22,0.0046391270
1959-05-25,-0.0060008730
1959-05-26,-0.0010798730
1959-05-27,0.0027771270
1959-05-28,0.0039741270
1959-05-29,0.0058361270
1959-06-01,-0.0016118730
1959-06-02,-0.0087938730
1959-06-03,-0.0000158730
1959-06-04,-0.0145128730
1959-06-05,-0.0017448730
1959-06-08,-0.0185028730
1959-06-09,-0.0085278730
1959-06-10,0.0195351270
1959-06-11,0.0022451270
1959-06-12,0.0002501270
1959-06-15,-0.0065328730
1959-06-16,-0.0089268730
1959-06-17,0.0123531270
1959-06-18,-0.0006808730
1959-06-19,0.0025111270
1959-06-22,-0.0002818730
1959-06-23,-0.0009468730
1959-06-24,0.0061021270
1959-06-25,0.0072991270
1959-06-26,0.0053041270
1959-06-29,0.0090281270
1959-06-30,0.0030431270
1959-07-01,0.0104911270
1959-07-02,0.0063681270
1959-07-06,0.0071661270
1959-07-07,0.0065011270
1959-07-08,0.0015801270
1959-07-09,-0.0030748730
1959-07-10,0.0005161270
1959-07-13,-0.0119858730
1959-07-14,0.0038411270
1959-07-15,0.0015801270
1959-07-16,-0.0049368730
1959-07-17,-0.0038728730
1959-07-20,-0.0065328730
1959-07-21,0.0110231270
1959-07-22,0.0046391270
1959-07-23,0.0014471270
1959-07-24,0.0001171270
1959-07-27,0.0067671270
1959-07-28,0.0067671270
1959-07-29,0.0057031270
1959-07-30,-0.0032078730
1959-07-31,0.0002501270
1959-08-03,0.0038411270
1959-08-04,-0.0026758730
1959-08-05,-0.0056018730
1959-08-06,-0.0020108730
1959-08-07,-0.0081288730
1959-08-10,-0.0252858730
1959-08-11,0.0159441270
1959-08-12,-0.0022768730
1959-08-13,-0.0028088730
1959-08-14,0.0031761270
1959-08-17,-0.0028088730
1959-08-18,-0.0119858730
1959-08-19,-0.0077298730
1959-08-20,0.0188701270
1959-08-21,-0.0009468730
1959-08-24,-0.0054688730
1959-08-25,0.0031761270
1959-08-26,0.0019791270
1959-08-27,0.0122201270
1959-08-28,-0.0025428730
1959-08-31,0.0026441270
1959-09-01,-0.0159758730
1959-09-02,0.0005161270
1959-09-03,-0.0154438730
1959-09-04,0.0072991270
1959-09-08,-0.0186358730
1959-09-09,-0.0105228730
1959-09-10,-0.0075968730
1959-09-11,0.0099591270
1959-09-14,-0.0091928730
1959-09-15,-0.0085278730
1959-09-16,0.0006491270
1959-09-17,-0.0065328730
1959-09-18,-0.0093258730
1959-09-21,-0.0202318730
1959-09-22,-0.0036068730
1959-09-23,0.0182051270
1959-09-24,0.0217961270
1959-09-25,-0.0003675504
1959-09-28,0.0080937873
1959-09-29,0.0072450371
1959-09-30,-0.0130197819
1959-10-01,0.0017564655
1959-10-02,0.0054141269
1959-10-05,-0.0017448730
1959-10-06,-0.0008138730
1959-10-07,-0.0025428730
1959-10-08,-0.0022768730
1959-10-09,0.0046391270
1959-10-12,0.0072991270
1959-10-13,-0.0040058730
1959-10-14,-0.0098578730
1959-10-15,0.0035751270
1959-10-16,0.0107571270
1959-10-19,-0.0073308730
1959-10-20,-0.0081288730
1959-10-21,-0.0024098730
1959-10-22,-0.0125178730
1959-10-23,0.0142151270
1959-10-26,0.0083631270
1959-10-27,0.0104911270
1959-10-28,0.0007821270
1959-10-29,-0.0013458730
1959-10-30,0.0023781270
1959-11-02,-0.0020108730
1959-11-04,-0.0020108730
1959-11-05,0.0013141270
1959-11-06,0.0071661270
1959-11-09,-0.0020108730
1959-11-10,0.0003831270
1959-11-11,0.0007821270
1959-11-12,-0.0066658730
1959-11-13,-0.0073308730
1959-11-16,-0.0135818730
1959-11-17,0.0031761270
1959-11-18,0.0136831270
1959-11-19,-0.0012128730
1959-11-20,0.0009151270
1959-11-23,0.0022451270
1959-11-24,0.0058361270
1959-11-25,0.0021121270
1959-11-27,0.0061021270
1959-11-30,0.0122201270
1959-12-01,0.0090281270
1959-12-02,-0.0028088730
1959-12-03,0.0035751270
1959-12-04,0.0029101270
1959-12-07,0.0037081270
1959-12-08,0.0071661270
1959-12-09,-0.0083948730
1959-12-10,0.0011811270
1959-12-11,-0.0024098730
1959-12-14,0.0033091270
1959-12-15,-0.0038728730
1959-12-16,0.0017131270
1959-12-17,-0.0018778730
1959-12-18,0.0059691270
1959-12-21,0.0013141270
1959-12-22,-0.0021438730
1959-12-23,-0.0038728730
1959-12-24,0.0011811270
1959-12-28,-0.0017448730
1959-12-29,0.0053041270
1959-12-30,0.0104911270
1959-12-31,0.0025111270
1960-01-04,-0.0004148730
1960-01-05,0.0103581270
1960-01-06,-0.0062668730
1960-01-07,-0.0086608730
1960-01-08,-0.0044048730
1960-01-11,-0.0153108730
1960-01-12,-0.0077298730
1960-01-13,-0.0070648730
1960-01-14,0.0074321270
1960-01-15,0.0001171270
1960-01-18,-0.0110548730
1960-01-19,-0.0133158730
1960-01-20,-0.0040058730
1960-01-21,0.0029101270
1960-01-22,0.0037081270
1960-01-25,-0.0139808730
1960-01-26,0.0019791270
1960-01-27,-0.0037398730
1960-01-28,-0.0131828730
1960-01-29,-0.0129168730
1960-02-01,0.0066341270
1960-02-02,0.0204661270
1960-02-03,-0.0110548730
1960-02-04,-0.0010798730
1960-02-05,-0.0066658730
1960-02-08,-0.0134488730
1960-02-09,0.0118211270
1960-02-10,-0.0075968730
1960-02-11,-0.0067988730
1960-02-12,0.0059691270
1960-02-15,-0.0065328730
1960-02-16,-0.0117198730
1960-02-17,0.0082301270
1960-02-18,0.0182051270
1960-02-19,0.0094271270
1960-02-23,-0.0066658730
1960-02-24,-0.0038728730
1960-02-25,0.0059691270
1960-02-26,0.0057031270
1960-02-29,-0.0010798730
1960-03-01,-0.0020108730
1960-03-02,-0.0093258730
1960-03-03,-0.0204978730
1960-03-04,-0.0053358730
1960-03-07,-0.0146458730
1960-03-08,-0.0125178730
1960-03-09,0.0144811270
1960-03-10,-0.0044048730
1960-03-11,0.0096931270
1960-03-14,0.0023781270
1960-03-15,0.0103581270
1960-03-16,0.0069001270
1960-03-17,-0.0024098730
1960-03-18,0.0007821270
1960-03-21,0.0010481270
1960-03-22,0.0047721270
1960-03-23,0.0100921270
1960-03-24,0.0054371270
1960-03-25,-0.0000158730
1960-03-28,-0.0032078730
1960-03-29,-0.0025428730
1960-03-30,-0.0021438730
1960-03-31,-0.0083948730
1960-04-01,-0.0000158730
1960-04-04,-0.0000158730
1960-04-05,-0.0000158730
1960-04-06,-0.0000158730
1960-04-07,-0.0000158730
1960-04-08,-0.0000158730
1960-04-11,-0.0000158730
1960-04-12,-0.0000158730
1960-04-13,-0.0000158730
1960-04-14,-0.0000158730
1960-04-18,-0.0000158730
1960-04-19,-0.0000158730
1960-04-20,-0.0000158730
1960-04-21,-0.0000158730
1960-04-22,-0.0000158730
1960-04-25,-0.0000158730
1960-04-26,-0.0000158730
1960-04-27,-0.0000158730
1960-04-28,-0.0000158730
1960-04-29,-0.0000158730
1960-05-02,-0.0000158730
1960-05-03,-0.0000158730
1960-05-04,-0.0000158730
1960-05-05,-0.0000158730
1960-05-06,-0.0000158730
1960-05-09,-0.0000158730
1960-05-10,-0.0000158730
1960-05-11,-0.0000158730
1960-05-12,-0.0000158730
1960-05-13,-0.0000158730
1960-05-16,-0.0000158730
1960-05-17,-0.0000158730
1960-05-18,-0.0000158730
1960-05-19,-0.0000158730
1960-05-20,-0.0000158730
1960-05-23,-0.0000158730
1960-05-24,-0.0000158730
1960-05-25,-0.0000158730
1960-05-26,-0.0000158730
1960-05-27,-0.0000158730
1960-05-31,-0.0000158730
1960-06-01,-0.0000158730
1960-06-02,-0.0000158730
1960-06-03,-0.0000158730
1960-06-06,-0.0000158730
1960-06-07,-0.0000158730
1960-06-08,-0.0000158730
1960-06-09,-0.0000158730
1960-06-10,-0.0000158730
1960-06-13,-0.0000158730
1960-06-14,-0.0000158730
1960-06-15,-0.0000158730
1960-06-16,-0.0000158730
1960-06-17,-0.0000158730
1960-06-20,-0.0000158730
1960-06-21,-0.0000158730
1960-06-22,-0.0000158730
1960-06-23,-0.0000158730
1960-06-24,-0.0000158730
1960-06-27,-0.0000158730
1960-06-28,-0.0000158730
1960-06-29,-0.0000158730
1960-06-30,-0.0000158730
1960-07-01,-0.0000158730
1960-07-05,-0.0000158730
1960-07-06,-0.0000158730
1960-07-07,-0.0000158730
1960-07-08,-0.0000158730
1960-07-11,-0.0000158730
1960-07-12,-0.0000158730
1960-07-13,-0.0000158730
1960-07-14,-0.0000158730
1960-07-15,-0.0000158730
1960-07-18,-0.0000158730
1960-07-19,-0.0000158730
1960-07-20,-0.0000158730
1960-07-21,-0.0000158730
1960-07-22,-0.0000158730
1960-07-25,-0.0000158730
1960-07-26,-0.0000158730
1960-07-27,-0.0000158730
1960-07-28,-0.0000158730
1960-07-29,-0.0000158730
1960-08-01,-0.0006808730
1960-08-02,-0.0109218730
1960-08-03,-0.0070648730
1960-08-04,0.0041071270
1960-08-05,0.0138161270
1960-08-08,0.0025111270
1960-08-09,0.0074321270
1960-08-10,0.0057031270
1960-08-11,0.0054371270
1960-08-12,0.0090281270
1960-08-15,-0.0002818730
1960-08-16,0.0031761270
1960-08-17,0.0038411270
1960-08-18,-0.0001488730
1960-08-19,0.0041071270
1960-08-22,0.0037081270
1960-08-23,0.0120871270
1960-08-24,0.0066341270
1960-08-25,-0.0057348730
1960-08-26,-0.0037398730
1960-08-29,-0.0030748730
1960-08-30,-0.0135818730
1960-08-31,0.0030431270
1960-09-01,0.0027771270
1960-09-02,-0.0013458730
1960-09-06,-0.0119858730
1960-09-07,-0.0162418730
1960-09-08,-0.0005478730
1960-09-09,0.0079641270
1960-09-12,-0.0086608730
1960-09-13,0.0021121270
1960-09-14,-0.0099908730
1960-09-15,-0.0053358730
1960-09-16,-0.0024098730
1960-09-19,-0.0304728730
1960-09-20,0.0037081270
1960-09-21,0.0139491270
1960-09-22,-0.0050220731
1960-09-23,-0.0122518730
1960-09-26,-0.0196998730
1960-09-27,-0.0038728730
1960-09-28,-0.0114538730
1960-09-29,0.0037081270
1960-09-30,0.0236581270
1960-10-03,-0.0000158730
1960-10-04,-0.0000158730
1960-10-05,-0.0000158730
1960-10-06,-0.0000158730
1960-10-07,-0.0000158730
1960-10-10,-0.0000158730
1960-10-11,-0.0000158730
1960-10-12,-0.0000158730
1960-10-13,-0.0000158730
1960-10-14,-0.0000158730
1960-10-17,-0.0000158730
1960-10-18,-0.0000158730
1960-10-19,-0.0000158730
1960-10-20,-0.0000158730
1960-10-21,-0.0000158730
1960-10-24,-0.0000158730
1960-10-25,-0.0000158730
1960-10-26,-0.0000158730
1960-10-27,-0.0000158730
1960-10-28,-0.0000158730
1960-10-31,-0.0000158730
1960-11-01,-0.0000158730
1960-11-02,-0.0000158730
1960-11-03,-0.0000158730
1960-11-04,-0.0000158730
1960-11-07,-0.0000158730
1960-11-09,-0.0000158730
1960-11-10,-0.0000158730
1960-11-11,-0.0000158730
1960-11-14,-0.0000158730
1960-11-15,-0.0000158730
1960-11-16,-0.0000158730
1960-11-17,-0.0000158730
1960-11-18,-0.0000158730
1960-11-21,-0.0000158730
1960-11-22,-0.0000158730
1960-11-23,-0.0000158730
1960-11-25,-0.0000158730
1960-11-28,-0.0000158730
1960-11-29,-0.0000158730
1960-11-30,-0.0000158730
1960-12-01,-0.0052028730
1960-12-02,0.0021121270
1960-12-05,-0.0025428730
1960-12-06,0.0061021270
1960-12-07,0.0124861270
1960-12-08,0.0029101270
1960-12-09,0.0118211270
1960-12-12,0.0050381270
1960-12-13,0.0017131270
1960-12-14,-0.0009468730
1960-12-15,-0.0026758730
1960-12-16,0.0120871270
1960-12-19,-0.0017448730
1960-12-20,-0.0009468730
1960-12-21,0.0095601270
1960-12-22,-0.0034738730
1960-12-23,0.0007821270
1960-12-27,0.0018461270
1960-12-28,0.0051711270
1960-12-29,0.0063681270
1960-12-30,0.0007821270
1961-01-03,-0.0115868730
1961-01-04,0.0174071270
1961-01-05,0.0051711270
1961-01-06,-0.0014788730
1961-01-09,0.0078311270
1961-01-10,0.0033091270
1961-01-11,0.0037081270
1961-01-12,0.0038411270
1961-01-13,0.0055701270
1961-01-16,-0.0005478730
1961-01-17,-0.0048038730
1961-01-18,0.0086291270
1961-01-19,0.0021121270
1961-01-20,0.0047721270
1961-01-23,0.0067671270
1961-01-24,0.0030431270
1961-01-25,0.0009151270
1961-01-26,0.0014471270
1961-01-27,0.0123531270
1961-01-30,0.0155451270
1961-01-31,-0.0041388730
1961-02-01,0.0041071270
1961-02-02,0.0088951270
1961-02-03,-0.0021438730
1961-02-06,-0.0079958730
1961-02-07,-0.0004148730
1961-02-08,0.0124861270
1961-02-09,-0.0029418730
1961-02-10,-0.0103898730
1961-02-13,-0.0070648730
1961-02-14,0.0074321270
1961-02-15,0.0099591270
1961-02-16,0.0080971270
1961-02-17,-0.0033408730
1961-02-20,0.0057031270
1961-02-21,0.0013141270
1961-02-23,0.0055701270
1961-02-24,0.0047721270
1961-02-27,0.0102251270
1961-02-28,0.0025111270
1961-03-01,-0.0001488730
1961-03-02,0.0086291270
1961-03-03,0.0018461270
1961-03-06,0.0021121270
1961-03-07,-0.0095918730
1961-03-08,0.0006491270
1961-03-09,0.0007821270
1961-03-10,0.0009151270
1961-03-13,0.0033091270
1961-03-14,-0.0052028730
1961-03-15,0.0049051270
1961-03-16,0.0131511270
1961-03-17,0.0076981270
1961-03-20,0.0055701270
1961-03-21,-0.0020108730
1961-03-22,-0.0013458730
1961-03-23,-0.0044048730
1961-03-24,-0.0017448730
1961-03-27,-0.0009468730
1961-03-28,0.0006491270
1961-03-29,0.0100921270
1961-03-30,0.0029101270
1961-04-03,0.0103581270
1961-04-04,0.0002501270
1961-04-05,-0.0041388730
1961-04-06,0.0035751270
1961-04-07,0.0066341270
1961-04-10,0.0110231270
1961-04-11,0.0005161270
1961-04-12,-0.0062668730
1961-04-13,0.0001171270
1961-04-14,0.0029101270
1961-04-17,0.0062351270
1961-04-18,-0.0097248730
1961-04-19,-0.0067988730
1961-04-20,-0.0002818730
1961-04-21,-0.0002818730
1961-04-24,-0.0292758730
1961-04-25,0.0194021270
1961-04-26,0.0053861676
1961-04-27,-0.0016118730
1961-04-28,-0.0040058730
1961-05-01,-0.0028088730
1961-05-02,0.0100921270
1961-05-03,0.0106241270
1961-05-04,0.0051711270
1961-05-05,0.0019791270
1961-05-08,-0.0008138730
1961-05-09,0.0014471270
1961-05-10,-0.0004148730
1961-05-11,0.0003831270
1961-05-12,0.0015801270
1961-05-15,0.0072991270
1961-05-16,0.0058361270
1961-05-17,0.0045061270
1961-05-18,-0.0083948730
1961-05-19,0.0061021270
1961-05-22,-0.0085278730
1961-05-23,-0.0022768730
1961-05-24,-0.0067988730
1961-05-25,-0.0040058730
1961-05-26,0.0090281270
1961-05-31,0.0014471270
1961-06-01,-0.0002818730
1961-06-02,0.0026441270
1961-06-05,0.0067671270
1961-06-06,-0.0034738730
1961-06-07,-0.0054688730
1961-06-08,0.0007821270
1961-06-09,0.0001171270
1961-06-12,-0.0093258730
1961-06-13,-0.0071978730
1961-06-14,0.0029101270
1961-06-15,-0.0058678730
1961-06-16,-0.0105228730
1961-06-19,-0.0123848730
1961-06-20,0.0111561270
1961-06-21,0.0005161270
1961-06-22,-0.0054688730
1961-06-23,0.0045061270
1961-06-26,-0.0142468730
1961-06-27,-0.0001488730
1961-06-28,0.0027771270
1961-06-29,-0.0016118730
1961-06-30,0.0022451270
1961-07-03,0.0111561270
1961-07-05,0.0082301270
1961-07-06,0.0038411270
1961-07-07,-0.0009468730
1961-07-10,-0.0008138730
1961-07-11,-0.0016118730
1961-07-12,-0.0079958730
1961-07-13,-0.0090598730
1961-07-14,0.0082301270
1961-07-17,-0.0103898730
1961-07-18,-0.0079958730
1961-07-19,0.0050381270
1961-07-20,0.0005161270
1961-07-21,0.0026441270
1961-07-24,-0.0008138730
1961-07-25,0.0076981270
1961-07-26,0.0115551270
1961-07-27,0.0147471270
1961-07-28,0.0019791270
1961-07-31,0.0013141270
1961-08-01,0.0115551270
1961-08-02,-0.0073308730
1961-08-03,0.0070331270
1961-08-04,0.0080971270
1961-08-07,0.0014471270
1961-08-08,0.0027771270
1961-08-09,-0.0000158730
1961-08-10,0.0046391270
1961-08-11,0.0026441270
1961-08-14,-0.0070648730
1961-08-15,-0.0026758730
1961-08-16,0.0043731270
1961-08-17,0.0069001270
1961-08-18,0.0037081270
1961-08-21,0.0021121270
1961-08-22,0.0001171270
1961-08-23,-0.0081288730
1961-08-24,-0.0073308730
1961-08-25,0.0017131270
1961-08-28,0.0005161270
1961-08-29,-0.0010798730
1961-08-30,0.0055701270
1961-08-31,0.0045061270
1961-09-01,0.0027771270
1961-09-05,-0.0044048730
1961-09-06,0.0087621270
1961-09-07,-0.0029418730
1961-09-08,-0.0090598730
1961-09-11,-0.0109218730
1961-09-12,0.0128851270
1961-09-13,0.0002501270
1961-09-14,-0.0099908730
1961-09-15,0.0011811270
1961-09-18,-0.0089268730
1961-09-19,-0.0105228730
1961-09-20,0.0061021270
1961-09-21,0.0005161270
1961-09-22,-0.0054688730
1961-09-25,-0.0189018730
1961-09-26,0.0002501270
1961-09-27,0.0135501270
1961-09-28,0.0026441270
1961-09-29,0.0037081270
1961-10-02,0.0003831270
1961-10-03,-0.0010798730
1961-10-04,0.0087621270
1961-10-05,0.0112891270
1961-10-06,0.0035751270
1961-10-09,0.0001171270
1961-10-10,0.0034421270
1961-10-11,-0.0002818730
1961-10-12,-0.0001488730
1961-10-13,-0.0018778730
1961-10-16,-0.0038728730
1961-10-17,0.0013141270
1961-10-18,0.0062351270
1961-10-19,0.0027771270
1961-10-20,0.0002501270
1961-10-23,-0.0081288730
1961-10-24,-0.0020108730
1961-10-25,0.0063681270
1961-10-26,0.0027771270
1961-10-27,-0.0018778730
1961-10-30,0.0013141270
1961-10-31,0.0039741270
1961-11-01,0.0026441270
1961-11-02,0.0069001270
1961-11-03,0.0075651270
1961-11-06,0.0104911270
1961-11-08,0.0155451270
1961-11-09,-0.0002818730
1961-11-10,0.0058361270
1961-11-13,0.0043731270
1961-11-14,0.0072991270
1961-11-15,-0.0004148730
1961-11-16,-0.0002818730
1961-11-17,0.0002501270
1961-11-20,0.0021121270
1961-11-21,0.0010481270
1961-11-22,-0.0009468730
1961-11-24,0.0033091270
1961-11-27,-0.0000158730
1961-11-28,-0.0000158730
1961-11-29,-0.0008138730
1961-11-30,-0.0063998730
1961-12-01,0.0079641270
1961-12-04,0.0029101270
1961-12-05,-0.0016118730
1961-12-06,0.0015801270
1961-12-07,-0.0049368730
1961-12-08,0.0058361270
1961-12-11,0.0049051270
1961-12-12,0.0039741270
1961-12-13,-0.0022768730
1961-12-14,-0.0094588730
1961-12-15,-0.0004148730
1961-12-18,-0.0050698730
1961-12-19,-0.0085278730
1961-12-20,-0.0025428730
1961-12-21,-0.0045378730
1961-12-22,0.0005161270
1961-12-26,0.0007821270
1961-12-27,0.0104911270
1961-12-28,0.0001171270
1961-12-29,-0.0020108730
1962-01-02,-0.0106558730
1962-01-03,0.0031761270
1962-01-04,-0.0111878730
1962-01-05,-0.0178378730
1962-01-08,-0.0099908730
1962-01-09,0.0002501270
1962-01-10,-0.0032078730
1962-01-11,0.0080971270
1962-01-12,0.0042401270
1962-01-15,-0.0032078730
1962-01-16,-0.0070648730
1962-01-17,-0.0134488730
1962-01-18,0.0006491270
1962-01-19,0.0072991270
1962-01-22,-0.0002818730
1962-01-23,-0.0090598730
1962-01-24,0.0026441270
1962-01-25,-0.0017448730
1962-01-26,-0.0037398730
1962-01-29,-0.0042718730
1962-01-30,0.0045061270
1962-01-31,0.0126191270
1962-02-01,0.0072991270
1962-02-02,0.0102251270
1962-02-05,0.0021121270
1962-02-06,0.0029101270
1962-02-07,0.0092941270
1962-02-08,0.0023781270
1962-02-09,-0.0013458730
1962-02-12,-0.0005478730
1962-02-13,0.0002501270
1962-02-14,-0.0006808730
1962-02-15,0.0055701270
1962-02-16,-0.0030748730
1962-02-19,-0.0032078730
1962-02-20,0.0043731270
1962-02-21,-0.0065328730
1962-02-23,-0.0028088730
1962-02-26,-0.0066658730
1962-02-27,0.0018461270
1962-02-28,0.0021121270
1962-03-01,0.0042401270
1962-03-02,-0.0009468730
1962-03-05,-0.0028088730
1962-03-06,-0.0044048730
1962-03-07,-0.0016118730
1962-03-08,0.0096931270
1962-03-09,0.0038411270
1962-03-12,-0.0002818730
1962-03-13,0.0037081270
1962-03-14,0.0051711270
1962-03-15,0.0022451270
1962-03-16,-0.0012128730
1962-03-19,-0.0025428730
1962-03-20,-0.0034738730
1962-03-21,-0.0029418730
1962-03-22,-0.0018778730
1962-03-23,0.0010481270
1962-03-26,-0.0101238730
1962-03-27,-0.0037398730
1962-03-28,0.0065011270
1962-03-29,-0.0012128730
1962-03-30,-0.0087938730
1962-04-02,-0.0041388730
1962-04-03,-0.0110548730
1962-04-04,-0.0071978730
1962-04-05,0.0080971270
1962-04-06,-0.0012128730
1962-04-09,-0.0105228730
1962-04-10,0.0042401270
1962-04-11,-0.0026758730
1962-04-12,-0.0142468730
1962-04-13,0.0017131270
1962-04-16,-0.0050698730
1962-04-17,0.0067671270
1962-04-18,0.0071661270
1962-04-19,0.0062351270
1962-04-23,-0.0016118730
1962-04-24,-0.0016118730
1962-04-25,-0.0151778730
1962-04-26,-0.0127838730
1962-04-27,-0.0145128730
1962-04-30,-0.0224928730
1962-05-01,0.0107571270
1962-05-02,0.0061021270
1962-05-03,0.0108901270
1962-05-04,-0.0063998730
1962-05-07,-0.0042718730
1962-05-08,-0.0159758730
1962-05-09,-0.0175718730
1962-05-10,-0.0146458730
1962-05-11,-0.0195668730
1962-05-14,0.0100921270
1962-05-15,0.0233921270
1962-05-16,-0.0007841164
1962-05-17,-0.0072566173
1962-05-18,-0.0014493281
1962-05-21,-0.0048954927
1962-05-22,-0.0262111740
1962-05-23,-0.0233490546
1962-05-24,-0.0095250060
1962-05-25,-0.0215762848
1962-05-28,-0.0774242612
1962-05-29,0.0269278292
1962-05-31,0.0118850934
1962-06-01,-0.0000158730
1962-06-04,-0.0000158730
1962-06-05,-0.0000158730
1962-06-06,-0.0000158730
1962-06-07,-0.0000158730
1962-06-08,-0.0000158730
1962-06-11,-0.0000158730
1962-06-12,-0.0000158730
1962-06-13,-0.0000158730
1962-06-14,-0.0000158730
1962-06-15,-0.0000158730
1962-06-18,-0.0000158730
1962-06-19,-0.0000158730
1962-06-20,-0.0000158730
1962-06-21,-0.0000158730
1962-06-22,-0.0000158730
1962-06-25,-0.0000158730
1962-06-26,-0.0000158730
1962-06-27,-0.0000158730
1962-06-28,-0.0000158730
1962-06-29,-0.0000158730
1962-07-02,-0.0000158730
1962-07-03,-0.0000158730
1962-07-05,-0.0000158730
1962-07-06,-0.0000158730
1962-07-09,-0.0000158730
1962-07-10,-0.0000158730
1962-07-11,-0.0000158730
1962-07-12,-0.0000158730
1962-07-13,-0.0000158730
1962-07-16,-0.0000158730
1962-07-17,-0.0000158730
1962-07-18,-0.0000158730
1962-07-19,-0.0000158730
1962-07-20,-0.0000158730
1962-07-23,-0.0000158730
1962-07-24,-0.0000158730
1962-07-25,-0.0000158730
1962-07-26,-0.0000158730
1962-07-27,-0.0000158730
1962-07-30,-0.0000158730
1962-07-31,-0.0000158730
1962-08-01,-0.0000158730
1962-08-02,-0.0000158730
1962-08-03,-0.0000158730
1962-08-06,-0.0000158730
1962-08-07,-0.0000158730
1962-08-08,-0.0000158730
1962-08-09,-0.0000158730
1962-08-10,-0.0000158730
1962-08-13,-0.0000158730
1962-08-14,-0.0000158730
1962-08-15,-0.0000158730
1962-08-16,-0.0000158730
1962-08-17,-0.0000158730
1962-08-20,-0.0000158730
1962-08-21,-0.0000158730
1962-08-22,-0.0000158730
1962-08-23,-0.0000158730
1962-08-24,-0.0000158730
1962-08-27,-0.0000158730
1962-08-28,-0.0000158730
1962-08-29,-0.0000158730
1962-08-30,-0.0000158730
1962-08-31,-0.0000158730
1962-09-04,-0.0000158730
1962-09-05,-0.0000158730
1962-09-06,-0.0000158730
1962-09-07,-0.0000158730
1962-09-10,-0.0000158730
1962-09-11,-0.0000158730
1962-09-12,-0.0000158730
1962-09-13,-0.0000158730
1962-09-14,-0.0000158730
1962-09-17,-0.0000158730
1962-09-18,-0.0000158730
1962-09-19,-0.0000158730
1962-09-20,-0.0000158730
1962-09-21,-0.0000158730
1962-09-24,-0.0000158730
1962-09-25,-0.0000158730
1962-09-26,-0.0000158730
1962-09-27,-0.0000158730
1962-09-28,-0.0000158730
1962-10-01,-0.0000158730
1962-10-02,-0.0000158730
1962-10-03,-0.0000158730
1962-10-04,-0.0000158730
1962-10-05,-0.0000158730
1962-10-08,-0.0000158730
1962-10-09,-0.0000158730
1962-10-10,-0.0000158730
1962-10-11,-0.0000158730
1962-10-12,-0.0000158730
1962-10-15,-0.0000158730
1962-10-16,-0.0000158730
1962-10-17,-0.0000158730
1962-10-18,-0.0000158730
1962-10-19,-0.0000158730
1962-10-22,-0.0000158730
1962-10-23,-0.0000158730
1962-10-24,-0.0000158730
1962-10-25,-0.0000158730
1962-10-26,-0.0000158730
1962-10-29,-0.0000158730
1962-10-30,-0.0000158730
1962-10-31,-0.0000158730
1962-11-01,-0.0000158730
1962-11-02,-0.0000158730
1962-11-05,-0.0000158730
1962-11-07,-0.0000158730
1962-11-08,-0.0000158730
1962-11-09,-0.0000158730
1962-11-12,-0.0000158730
1962-11-13,-0.0000158730
1962-11-14,-0.0000158730
1962-11-15,-0.0000158730
1962-11-16,-0.0000158730
1962-11-19,-0.0000158730
1962-11-20,-0.0000158730
1962-11-21,-0.0000158730
1962-11-23,-0.0000158730
1962-11-26,-0.0000158730
1962-11-27,-0.0000158730
1962-11-28,-0.0000158730
1962-11-29,-0.0000158730
1962-11-30,-0.0000158730
1962-12-03,-0.0000158730
1962-12-04,-0.0000158730
1962-12-05,-0.0000158730
1962-12-06,-0.0000158730
1962-12-07,-0.0000158730
1962-12-10,-0.0000158730
1962-12-11,-0.0000158730
1962-12-12,-0.0000158730
1962-12-13,-0.0000158730
1962-12-14,-0.0000158730
1962-12-17,-0.0000158730
1962-12-18,-0.0000158730
1962-12-19,-0.0000158730
1962-12-20,-0.0000158730
1962-12-21,-0.0000158730
1962-12-24,-0.0000158730
1962-12-26,-0.0000158730
1962-12-27,-0.0000158730
1962-12-28,-0.0000158730
1962-12-31,-0.0000158730
1963-01-02,-0.0000158730
1963-01-03,-0.0000158730
1963-01-04,-0.0000158730
1963-01-07,-0.0000158730
1963-01-08,-0.0000158730
1963-01-09,-0.0000158730
1963-01-10,-0.0000158730
1963-01-11,-0.0000158730
1963-01-14,-0.0000158730
1963-01-15,-0.0000158730
1963-01-16,-0.0000158730
1963-01-17,-0.0000158730
1963-01-18,-0.0000158730
1963-01-21,-0.0000158730
1963-01-22,-0.0000158730
1963-01-23,-0.0000158730
1963-01-24,-0.0000158730
1963-01-25,-0.0000158730
1963-01-28,-0.0000158730
1963-01-29,-0.0000158730
1963-01-30,-0.0000158730
1963-01-31,-0.0000158730
1963-02-01,-0.0000158730
1963-02-04,-0.0000158730
1963-02-05,-0.0000158730
1963-02-06,-0.0000158730
1963-02-07,-0.0000158730
1963-02-08,-0.0000158730
1963-02-11,-0.0000158730
1963-02-12,-0.0000158730
1963-02-13,-0.0000158730
1963-02-14,-0.0000158730
1963-02-15,-0.0000158730
1963-02-18,-0.0000158730
1963-02-19,-0.0000158730
1963-02-20,-0.0000158730
1963-02-21,-0.0000158730
1963-02-25,-0.0000158730
1963-02-26,-0.0000158730
1963-02-27,-0.0000158730
1963-02-28,-0.0000158730
1963-03-01,-0.0045378730
1963-03-04,0.0120871270
1963-03-05,-0.0004148730
1963-03-06,0.0022451270
1963-03-07,0.0076981270
1963-03-08,0.0017131270
1963-03-11,0.0027771270
1963-03-12,0.0031761270
1963-03-13,0.0041071270
1963-03-14,-0.0060008730
1963-03-15,0.0051711270
1963-03-18,-0.0057348730
1963-03-19,-0.0030748730
1963-03-20,0.0094271270
1963-03-21,-0.0017448730
1963-03-22,0.0058361270
1963-03-25,0.0003831270
1963-03-26,0.0034421270
1963-03-27,0.0053041270
1963-03-28,-0.0017448730
1963-03-29,-0.0000158730
1963-04-01,0.0047721270
1963-04-02,-0.0004148730
1963-04-03,0.0094271270
1963-04-04,0.0082301270
1963-04-05,0.0072991270
1963-04-08,0.0043731270
1963-04-09,-0.0010798730
1963-04-10,-0.0034738730
1963-04-11,0.0087621270
1963-04-15,0.0050381270
1963-04-16,0.0010481270
1963-04-17,-0.0030748730
1963-04-18,0.0010481270
1963-04-19,0.0062351270
1963-04-22,0.0006491270
1963-04-23,0.0047721270
1963-04-24,0.0034421270
1963-04-25,0.0007821270
1963-04-26,-0.0008138730
1963-04-29,-0.0012128730
1963-04-30,0.0026441270
1963-05-01,0.0033091270
1963-05-02,0.0033091270
1963-05-03,-0.0024098730
1963-05-06,-0.0085278730
1963-05-07,-0.0005478730
1963-05-08,0.0103581270
1963-05-09,0.0057031270
1963-05-10,0.0041071270
1963-05-13,0.0003831270
1963-05-14,-0.0037398730
1963-05-15,0.0033091270
1963-05-16,-0.0030748730
1963-05-17,0.0010481270
1963-05-20,-0.0053358730
1963-05-21,0.0029101270
1963-05-22,0.0005161270
1963-05-23,-0.0010798730
1963-05-24,-0.0014788730
1963-05-27,-0.0014788730
1963-05-28,0.0023781270
1963-05-29,0.0057031270
1963-05-31,0.0072991270
1963-06-03,-0.0010798730
1963-06-04,-0.0001488730
1963-06-05,-0.0033408730
1963-06-06,0.0001171270
1963-06-07,-0.0025428730
1963-06-10,-0.0074638730
1963-06-11,0.0011811270
1963-06-12,0.0065011270
1963-06-13,-0.0034738730
1963-06-14,0.0009151270
1963-06-17,-0.0052028730
1963-06-18,0.0017131270
1963-06-19,0.0009151270
1963-06-20,-0.0013458730
1963-06-21,0.0041071270
1963-06-24,-0.0012128730
1963-06-25,-0.0032078730
1963-06-26,-0.0122518730
1963-06-27,-0.0065328730
1963-06-28,0.0053041270
1963-07-01,-0.0089268730
1963-07-02,0.0104911270
1963-07-03,0.0083631270
1963-07-05,0.0053041270
1963-07-08,-0.0083948730
1963-07-09,0.0059691270
1963-07-10,-0.0024098730
1963-07-11,-0.0021438730
1963-07-12,-0.0016118730
1963-07-15,-0.0082618730
1963-07-16,-0.0009468730
1963-07-17,-0.0044048730
1963-07-18,-0.0071978730
1963-07-19,-0.0030748730
1963-07-22,-0.0093258730
1963-07-23,0.0001171270
1963-07-24,0.0061021270
1963-07-25,-0.0005478730
1963-07-26,0.0046391270
1963-07-29,0.0014471270
1963-07-30,0.0111561270
1963-07-31,-0.0017448730
1963-08-01,-0.0010798730
1963-08-02,0.0038411270
1963-08-05,0.0075651270
1963-08-06,0.0079641270
1963-08-07,-0.0025428730
1963-08-08,0.0018461270
1963-08-09,0.0079641270
1963-08-12,0.0031761270
1963-08-13,0.0035751270
1963-08-14,0.0038411270
1963-08-15,0.0057031270
1963-08-16,0.0019791270
1963-08-19,-0.0006808730
1963-08-20,-0.0006808730
1963-08-21,-0.0014788730
1963-08-22,0.0050381270
1963-08-23,0.0045061270
1963-08-26,0.0023781270
1963-08-27,-0.0058678730
1963-08-28,0.0102251270
1963-08-29,0.0023781270
1963-08-30,0.0058361270
1963-09-03,0.0030431270
1963-09-04,-0.0001488730
1963-09-05,0.0062351270
1963-09-06,-0.0036068730
1963-09-09,-0.0048038730
1963-09-10,0.0069001270
1963-09-11,0.0031761270
1963-09-12,-0.0012128730
1963-09-13,0.0002501270
1963-09-16,-0.0021438730
1963-09-17,0.0003831270
1963-09-18,-0.0057348730
1963-09-19,0.0069001270
1963-09-20,0.0005161270
1963-09-23,-0.0066658730
1963-09-24,0.0046391270
1963-09-25,-0.0077298730
1963-09-26,-0.0109218730
1963-09-27,-0.0024098730
1963-09-30,-0.0079958730
1963-10-01,0.0086291270
1963-10-02,0.0013141270
1963-10-03,0.0087621270
1963-10-04,-0.0000158730
1963-10-07,-0.0030748730
1963-10-08,-0.0018778730
1963-10-09,-0.0081288730
1963-10-10,0.0010481270
1963-10-11,0.0017131270
1963-10-14,0.0006491270
1963-10-15,0.0022451270
1963-10-16,0.0118211270
1963-10-17,0.0018461270
1963-10-18,0.0011811270
1963-10-21,0.0005161270
1963-10-22,-0.0071978730
1963-10-23,0.0003831270
1963-10-24,0.0046391270
1963-10-25,0.0112891270
1963-10-28,0.0054371270
1963-10-29,-0.0005478730
1963-10-30,-0.0105228730
1963-10-31,0.0027771270
1963-11-01,-0.0024098730
1963-11-04,-0.0057348730
1963-11-06,-0.0102568730
1963-11-07,0.0043731270
1963-11-08,0.0071661270
1963-11-11,0.0026441270
1963-11-12,-0.0049368730
1963-11-13,0.0006491270
1963-11-14,-0.0054688730
1963-11-15,-0.0099908730
1963-11-18,-0.0098578730
1963-11-19,0.0013141270
1963-11-20,0.0100921270
1963-11-21,-0.0166408730
1963-11-22,-0.0384528730
1963-11-26,0.0452464413
1963-11-27,-0.0011668528
1963-11-29,0.0100852777
1963-12-02,0.0040191260
1963-12-03,-0.0004133994
1963-12-04,0.0020659754
1963-12-05,0.0049579782
1963-12-06,-0.0029279205
1963-12-09,-0.0009628518
1963-12-10,0.0006778174
1963-12-11,-0.0014701606
1963-12-12,-0.0003417780
1963-12-13,0.0018051977
1963-12-16,0.0029658729
1963-12-17,0.0054772394
1963-12-18,-0.0023558588
1963-12-19,-0.0045378730
1963-12-20,-0.0026758730
1963-12-23,-0.0079958730
1963-12-24,0.0030431270
1963-12-26,0.0062351270
1963-12-27,0.0021121270
1963-12-30,0.0013141270
1963-12-31,0.0074321270
1964-01-02,0.0079641270
1964-01-03,0.0022451270
1964-01-06,0.0031761270
1964-01-07,0.0009151270
1964-01-08,0.0042401270
1964-01-09,0.0038411270
1964-01-10,-0.0006808730
1964-01-13,-0.0014788730
1964-01-14,0.0021121270
1964-01-15,0.0031761270
1964-01-16,-0.0012128730
1964-01-17,-0.0001488730
1964-01-20,-0.0028088730
1964-01-21,0.0034421270
1964-01-22,0.0062351270
1964-01-23,0.0010481270
1964-01-24,0.0003831270
1964-01-27,-0.0012128730
1964-01-28,-0.0000158730
1964-01-29,-0.0077298730
1964-01-30,0.0005161270
1964-01-31,0.0050381270
1964-02-03,-0.0000158730
1964-02-04,-0.0017448730
1964-02-05,-0.0010798730
1964-02-06,0.0031761270
1964-02-07,0.0049051270
1964-02-10,-0.0017448730
1964-02-11,0.0043731270
1964-02-12,0.0039741270
1964-02-13,0.0010481270
1964-02-14,-0.0004148730
1964-02-17,0.0003831270
1964-02-18,0.0001171270
1964-02-19,0.0015801270
1964-02-20,0.0013141270
1964-02-24,0.0013141270
1964-02-25,0.0005161270
1964-02-26,0.0037081270
1964-02-27,-0.0037398730
1964-02-28,0.0027771270
1964-03-02,0.0029101270
1964-03-03,0.0034421270
1964-03-04,-0.0026758730
1964-03-05,-0.0000158730
1964-03-06,0.0042401270
1964-03-09,0.0001171270
1964-03-10,0.0037081270
1964-03-11,0.0053041270
1964-03-12,0.0023781270
1964-03-13,0.0011811270
1964-03-16,0.0003831270
1964-03-17,0.0025111270
1964-03-18,0.0013141270
1964-03-19,-0.0012128730
1964-03-20,-0.0056018730
1964-03-23,0.0001171270
1964-03-24,-0.0024098730
1964-03-25,0.0031761270
1964-03-26,0.0034421270
1964-03-30,-0.0013458730
1964-03-31,-0.0025428730
1964-04-01,0.0045061270
1964-04-02,0.0075651270
1964-04-03,0.0029101270
1964-04-06,0.0009151270
1964-04-07,-0.0045378730
1964-04-08,0.0001171270
1964-04-09,-0.0000158730
1964-04-10,0.0025111270
1964-04-13,-0.0010798730
1964-04-14,0.0025111270
1964-04-15,0.0014471270
1964-04-16,0.0010481270
1964-04-17,0.0050381270
1964-04-20,-0.0009468730
1964-04-21,-0.0001488730
1964-04-22,-0.0006808730
1964-04-23,-0.0022768730
1964-04-24,-0.0103898730
1964-04-27,-0.0071978730
1964-04-28,0.0086291270
1964-04-29,-0.0053358730
1964-04-30,-0.0032078730
1964-05-01,0.0103581270
1964-05-04,0.0059691270
1964-05-05,0.0061021270
1964-05-06,0.0034421270
1964-05-07,0.0014471270
1964-05-08,-0.0024098730
1964-05-11,-0.0004148730
1964-05-12,0.0042401270
1964-05-13,-0.0033408730
1964-05-14,-0.0016118730
1964-05-15,0.0019791270
1964-05-18,-0.0044048730
1964-05-19,-0.0058678730
1964-05-20,0.0055701270
1964-05-21,0.0009151270
1964-05-22,0.0006491270
1964-05-25,-0.0016118730
1964-05-26,-0.0022768730
1964-05-27,-0.0020108730
1964-05-28,0.0021121270
1964-06-01,-0.0046708730
1964-06-02,-0.0069318730
1964-06-03,-0.0034738730
1964-06-04,-0.0137148730
1964-06-05,0.0057031270
1964-06-08,-0.0061338730
1964-06-09,0.0074321270
1964-06-10,0.0049051270
1964-06-11,0.0039741270
1964-06-12,-0.0030748730
1964-06-15,0.0061021270
1964-06-16,0.0067671270
1964-06-17,0.0067671270
1964-06-18,-0.0000158730
1964-06-19,0.0013141270
1964-06-22,0.0033091270
1964-06-23,-0.0050698730
1964-06-24,0.0046391270
1964-06-25,0.0026441270
1964-06-26,0.0034421270
1964-06-29,0.0023781270
1964-06-30,0.0003831270
1964-07-01,0.0082301270
1964-07-02,0.0051711270
1964-07-06,0.0054371270
1964-07-07,0.0018461270
1964-07-08,0.0002501270
1964-07-09,0.0017131270
1964-07-10,0.0025111270
1964-07-13,-0.0009468730
1964-07-14,-0.0038728730
1964-07-15,0.0047721270
1964-07-16,0.0041071270
1964-07-17,0.0058361270
1964-07-20,-0.0041388730
1964-07-21,-0.0025428730
1964-07-22,0.0002501270
1964-07-23,-0.0004148730
1964-07-24,-0.0004148730
1964-07-27,-0.0063998730
1964-07-28,-0.0032078730
1964-07-29,0.0017131270
1964-07-30,0.0017131270
1964-07-31,0.0009151270
1964-08-03,-0.0032078730
1964-08-04,-0.0150448730
1964-08-05,0.0021121270
1964-08-06,-0.0115868730
1964-08-07,0.0074321270
1964-08-10,0.0002501270
1964-08-11,-0.0001488730
1964-08-12,0.0066341270
1964-08-13,0.0037081270
1964-08-14,-0.0013458730
1964-08-17,-0.0001488730
1964-08-18,0.0007821270
1964-08-19,-0.0012128730
1964-08-20,-0.0058678730
1964-08-21,0.0021121270
1964-08-24,-0.0026758730
1964-08-25,-0.0066658730
1964-08-26,-0.0024098730
1964-08-27,0.0063681270
1964-08-28,0.0042401270
1964-08-31,-0.0026758730
1964-09-01,0.0061021270
1964-09-02,0.0026441270
1964-09-03,0.0033091270
1964-09-04,0.0027771270
1964-09-08,0.0015801270
1964-09-09,0.0025111270
1964-09-10,0.0010481270
1964-09-11,0.0043731270
1964-09-14,-0.0032078730
1964-09-15,-0.0030748730
1964-09-16,0.0035751270
1964-09-17,0.0078311270
1964-09-18,-0.0045378730
1964-09-21,0.0053041270
1964-09-22,0.0005161270
1964-09-23,0.0001171270
1964-09-24,0.0013141270
1964-09-25,0.0026441270
1964-09-28,0.0009151270
1964-09-29,-0.0002818730
1964-09-30,-0.0004148730
1964-10-01,-0.0018778730
1964-10-02,0.0031761270
1964-10-05,0.0054371270
1964-10-06,0.0002501270
1964-10-07,-0.0004148730
1964-10-08,0.0031761270
1964-10-09,0.0025111270
1964-10-12,0.0007821270
1964-10-13,-0.0033408730
1964-10-14,-0.0022768730
1964-10-15,-0.0093258730
1964-10-16,0.0092941270
1964-10-19,0.0017131270
1964-10-20,0.0033091270
1964-10-21,-0.0008138730
1964-10-22,-0.0021438730
1964-10-23,0.0026441270
1964-10-26,-0.0022768730
1964-10-27,-0.0005478730
1964-10-28,-0.0046708730
1964-10-29,0.0006491270
1964-10-30,0.0023781270
1964-11-02,0.0057031270
1964-11-04,-0.0005478730
1964-11-05,-0.0000158730
1964-11-06,0.0025111270
1964-11-09,-0.0006808730
1964-11-10,-0.0054688730
1964-11-11,0.0034421270
1964-11-12,0.0023781270
1964-11-13,0.0013141270
1964-11-16,0.0057031270
1964-11-17,0.0059691270
1964-11-18,0.0031761270
1964-11-19,-0.0001488730
1964-11-20,0.0011811270
1964-11-23,-0.0033408730
1964-11-24,-0.0034738730
1964-11-25,-0.0028088730
1964-11-27,-0.0040058730
1964-11-30,-0.0114538730
1964-12-01,-0.0133158730
1964-12-02,0.0037081270
1964-12-03,0.0051711270
1964-12-04,0.0023781270
1964-12-07,-0.0001488730
1964-12-08,-0.0049368730
1964-12-09,-0.0089268730
1964-12-10,-0.0004148730
1964-12-11,0.0029101270
1964-12-14,-0.0034738730
1964-12-15,-0.0046708730
1964-12-16,0.0054371270
1964-12-17,0.0047721270
1964-12-18,0.0062351270
1964-12-21,0.0009151270
1964-12-22,-0.0009468730
1964-12-23,-0.0026758730
1964-12-24,0.0001171270
1964-12-28,-0.0014788730
1964-12-29,-0.0041388730
1964-12-30,0.0075651270
1964-12-31,0.0065011270
1965-01-04,-0.0060008730
1965-01-05,0.0065011270
1965-01-06,0.0045061270
1965-01-07,0.0053041270
1965-01-08,0.0022451270
1965-01-11,0.0007821270
1965-01-12,0.0037081270
1965-01-13,0.0037081270
1965-01-14,-0.0000158730
1965-01-15,0.0054371270
1965-01-18,0.0037081270
1965-01-19,0.0021121270
1965-01-20,-0.0004148730
1965-01-21,-0.0012128730
1965-01-22,0.0031761270
1965-01-25,0.0021121270
1965-01-26,0.0013141270
1965-01-27,0.0037081270
1965-01-28,0.0034421270
1965-01-29,0.0017131270
1965-02-01,0.0003831270
1965-02-02,0.0006491270
1965-02-03,0.0018461270
1965-02-04,-0.0000158730
1965-02-05,-0.0033408730
1965-02-08,-0.0042718730
1965-02-09,0.0041071270
1965-02-10,-0.0111878730
1965-02-11,-0.0131828730
1965-02-12,0.0087621270
1965-02-15,-0.0006808730
1965-02-16,-0.0046708730
1965-02-17,0.0018461270
1965-02-18,0.0041071270
1965-02-19,0.0026441270
1965-02-23,0.0063681270
1965-02-24,0.0083631270
1965-02-25,0.0009151270
1965-02-26,0.0033091270
1965-03-01,-0.0018778730
1965-03-02,0.0023781270
1965-03-03,-0.0006808730
1965-03-04,-0.0038728730
1965-03-05,-0.0025428730
1965-03-08,0.0005161270
1965-03-09,-0.0021438730
1965-03-10,-0.0013458730
1965-03-11,0.0050381270
1965-03-12,0.0039741270
1965-03-15,0.0007821270
1965-03-16,-0.0016118730
1965-03-17,-0.0020108730
1965-03-18,-0.0034738730
1965-03-19,-0.0001488730
1965-03-22,-0.0001488730
1965-03-23,0.0005161270
1965-03-24,0.0023781270
1965-03-25,-0.0038728730
1965-03-26,-0.0093258730
1965-03-29,-0.0032078730
1965-03-30,0.0025111270
1965-03-31,0.0001171270
1965-04-01,0.0021121270
1965-04-02,0.0033091270
1965-04-05,0.0001171270
1965-04-06,-0.0005478730
1965-04-07,0.0007821270
1965-04-08,0.0069001270
1965-04-09,0.0074321270
1965-04-12,0.0058361270
1965-04-13,0.0015801270
1965-04-14,0.0022451270
1965-04-15,-0.0008138730
1965-04-19,0.0049051270
1965-04-20,-0.0004148730
1965-04-21,-0.0030748730
1965-04-22,0.0059691270
1965-04-23,0.0017131270
1965-04-26,-0.0000158730
1965-04-27,0.0022451270
1965-04-28,-0.0006808730
1965-04-29,-0.0009468730
1965-04-30,0.0017131270
1965-05-03,0.0010481270
1965-05-04,0.0035751270
1965-05-05,0.0031761270
1965-05-06,0.0031761270
1965-05-07,-0.0009468730
1965-05-10,-0.0016118730
1965-05-11,-0.0012128730
1965-05-12,0.0049051270
1965-05-13,0.0042401270
1965-05-14,-0.0021438730
1965-05-17,-0.0071978730
1965-05-18,-0.0009468730
1965-05-19,0.0026441270
1965-05-20,-0.0070648730
1965-05-21,-0.0060008730
1965-05-24,-0.0098578730
1965-05-25,0.0071661270
1965-05-26,-0.0036068730
1965-05-27,-0.0077298730
1965-05-28,0.0080971270
1965-06-01,-0.0093258730
1965-06-02,-0.0103898730
1965-06-03,-0.0032078730
1965-06-04,0.0027771270
1965-06-07,-0.0045378730
1965-06-08,-0.0142468730
1965-06-09,-0.0138478730
1965-06-10,-0.0057348730
1965-06-11,0.0055701270
1965-06-14,-0.0181038730
1965-06-15,0.0062351270
1965-06-16,0.0118211270
1965-06-17,0.0078311270
1965-06-18,-0.0058678730
1965-06-21,-0.0050698730
1965-06-22,0.0023781270
1965-06-23,-0.0083948730
1965-06-24,-0.0179708730
1965-06-25,-0.0085278730
1965-06-28,-0.0250198730
1965-06-29,0.0106241270
1965-06-30,0.0292441270
1965-07-01,0.0048045588
1965-07-02,0.0087723285
1965-07-06,-0.0020010713
1965-07-07,-0.0039393117
1965-07-08,0.0096047951
1965-07-09,0.0048556221
1965-07-12,-0.0000158730
1965-07-13,-0.0017437705
1965-07-14,0.0039741270
1965-07-15,-0.0013458730
1965-07-16,-0.0005478730
1965-07-19,-0.0012128730
1965-07-20,-0.0165078730
1965-07-21,-0.0073308730
1965-07-22,-0.0030748730
1965-07-23,0.0031761270
1965-07-26,-0.0004148730
1965-07-27,-0.0024098730
1965-07-28,0.0021121270
1965-07-29,0.0096931270
1965-07-30,0.0088951270
1965-08-02,0.0026441270
1965-08-03,0.0015801270
1965-08-04,0.0054371270
1965-08-05,0.0002501270
1965-08-06,0.0046391270
1965-08-09,-0.0018778730
1965-08-10,0.0005161270
1965-08-11,0.0043731270
1965-08-12,0.0038411270
1965-08-13,0.0057031270
1965-08-16,0.0014471270
1965-08-17,0.0021121270
1965-08-18,0.0002501270
1965-08-19,-0.0032078730
1965-08-20,-0.0010798730
1965-08-23,-0.0017448730
1965-08-24,0.0023781270
1965-08-25,0.0018461270
1965-08-26,0.0049051270
1965-08-27,0.0015801270
1965-08-30,0.0005161270
1965-08-31,-0.0006808730
1965-09-01,0.0006491270
1965-09-02,0.0071661270
1965-09-03,0.0061021270
1965-09-07,0.0042401270
1965-09-08,0.0037081270
1965-09-09,0.0031761270
1965-09-10,0.0030431270
1965-09-13,0.0033091270
1965-09-14,-0.0057348730
1965-09-15,0.0062351270
1965-09-16,0.0069001270
1965-09-17,0.0003831270
1965-09-20,0.0005161270
1965-09-21,-0.0036068730
1965-09-22,0.0062351270
1965-09-23,-0.0052028730
1965-09-24,0.0030431270
1965-09-27,0.0076981270
1965-09-28,-0.0032078730
1965-09-29,-0.0062668730
1965-09-30,-0.0009468730
1965-10-01,-0.0008138730
1965-10-04,0.0031761270
1965-10-05,0.0074321270
1965-10-06,-0.0010798730
1965-10-07,-0.0006808730
1965-10-08,0.0063681270
1965-10-11,0.0075651270
1965-10-12,-0.0006808730
1965-10-13,0.0001171270
1965-10-14,-0.0020108730
1965-10-15,0.0029101270
1965-10-18,0.0035751270
1965-10-19,0.0014471270
1965-10-20,-0.0001488730
1965-10-21,0.0019791270
1965-10-22,-0.0006808730
1965-10-25,-0.0053358730
1965-10-26,0.0066341270
1965-10-27,0.0047721270
1965-10-28,-0.0041388730
1965-10-29,0.0034421270
1965-11-01,-0.0013458730
1965-11-03,0.0013141270
1965-11-04,0.0025111270
1965-11-05,0.0014471270
1965-11-08,-0.0045378730
1965-11-09,-0.0032078730
1965-11-10,-0.0012128730
1965-11-11,0.0035751270
1965-11-12,0.0063681270
1965-11-15,0.0014471270
1965-11-16,-0.0016118730
1965-11-17,0.0019791270
1965-11-18,-0.0046708730
1965-11-19,0.0003831270
1965-11-22,-0.0070648730
1965-11-23,0.0022451270
1965-11-24,0.0025111270
1965-11-26,0.0034421270
1965-11-29,-0.0020108730
1965-11-30,-0.0020108730
1965-12-01,-0.0004148730
1965-12-02,-0.0032078730
1965-12-03,0.0009151270
1965-12-06,-0.0105228730
1965-12-07,0.0127521270
1965-12-08,-0.0009468730
1965-12-09,0.0038411270
1965-12-10,0.0037081270
1965-12-13,0.0013141270
1965-12-14,0.0007821270
1965-12-15,0.0023781270
1965-12-16,0.0021121270
1965-12-17,0.0005161270
1965-12-20,-0.0070648730
1965-12-21,0.0045061270
1965-12-22,0.0021121270
1965-12-23,-0.0021438730
1965-12-27,-0.0087938730
1965-12-28,-0.0006808730
1965-12-29,0.0038411270
1965-12-30,0.0047721270
1965-12-31,0.0034421270
1966-01-03,-0.0029418730
1966-01-04,0.0013141270
1966-01-05,0.0075651270
1966-01-06,0.0023781270
1966-01-07,0.0013141270
1966-01-10,0.0026441270
1966-01-11,0.0006491270
1966-01-12,-0.0020108730
1966-01-13,0.0029101270
1966-01-14,0.0019791270
1966-01-17,0.0043731270
1966-01-18,0.0023781270
1966-01-19,-0.0037398730
1966-01-20,-0.0040058730
1966-01-21,0.0010481270
1966-01-24,0.0034421270
1966-01-25,0.0023781270
1966-01-26,-0.0016118730
1966-01-27,-0.0004148730
1966-01-28,-0.0044048730
1966-01-31,-0.0060008730
1966-02-01,-0.0107888730
1966-02-02,0.0053041270
1966-02-03,0.0019791270
1966-02-04,0.0078311270
1966-02-07,0.0045061270
1966-02-08,-0.0004148730
1966-02-09,0.0075651270
1966-02-10,-0.0022768730
1966-02-11,0.0001171270
1966-02-14,-0.0014788730
1966-02-15,-0.0057348730
1966-02-16,0.0003831270
1966-02-17,-0.0067988730
1966-02-18,-0.0029418730
1966-02-21,-0.0074638730
1966-02-23,-0.0056018730
1966-02-24,-0.0069318730
1966-02-25,0.0042401270
1966-02-28,0.0021121270
1966-03-01,-0.0171728730
1966-03-02,-0.0137148730
1966-03-03,0.0051711270
1966-03-04,-0.0037398730
1966-03-07,-0.0171728730
1966-03-08,0.0005161270
1966-03-09,0.0118211270
1966-03-10,-0.0001488730
1966-03-11,-0.0010798730
1966-03-14,-0.0147788730
1966-03-15,-0.0098578730
1966-03-16,0.0071661270
1966-03-17,0.0041071270
1966-03-18,0.0063681270
1966-03-21,0.0108901270
1966-03-22,0.0035751270
1966-03-23,-0.0042718730
1966-03-24,0.0023781270
1966-03-25,0.0043731270
1966-03-28,0.0021121270
1966-03-29,-0.0054688730
1966-03-30,-0.0114538730
1966-03-31,0.0072991270
1966-04-01,0.0100921270
1966-04-04,0.0119541270
1966-04-05,0.0076981270
1966-04-06,0.0033091270
1966-04-07,0.0039741270
1966-04-11,0.0013141270
1966-04-12,-0.0038728730
1966-04-13,0.0011811270
1966-04-14,0.0039741270
1966-04-15,0.0013141270
1966-04-18,-0.0057348730
1966-04-19,0.0002501270
1966-04-20,0.0067671270
1966-04-21,0.0045061270
1966-04-22,-0.0026758730
1966-04-25,-0.0024098730
1966-04-26,-0.0014788730
1966-04-27,-0.0038728730
1966-04-28,-0.0087938730
1966-04-29,0.0002501270
1966-05-02,-0.0014788730
1966-05-03,-0.0147788730
1966-05-04,-0.0073308730
1966-05-05,-0.0231578730
1966-05-06,-0.0037398730
1966-05-09,-0.0212958730
1966-05-10,0.0114221270
1966-05-11,0.0025111270
1966-05-12,-0.0167738730
1966-05-13,-0.0127838730
1966-05-16,-0.0199658730
1966-05-17,-0.0121188730
1966-05-18,0.0248551270
1966-05-19,-0.0013574355
1966-05-20,0.0058328389
1966-05-23,0.0105591823
1966-05-24,0.0085372779
1966-05-25,0.0046055302
1966-05-26,0.0004760904
1966-05-27,0.0038515532
1966-05-31,-0.0178378730
1966-06-01,-0.0000158730
1966-06-02,-0.0008095672
1966-06-03,0.0014471270
1966-06-06,-0.0098578730
1966-06-07,-0.0093258730
1966-06-08,0.0019791270
1966-06-09,0.0095601270
1966-06-10,0.0144811270
1966-06-13,0.0063681270
1966-06-14,0.0043731270
1966-06-15,-0.0050698730
1966-06-16,-0.0030748730
1966-06-17,0.0001171270
1966-06-20,-0.0006808730
1966-06-21,0.0046391270
1966-06-22,0.0023781270
1966-06-23,-0.0053358730
1966-06-24,0.0001171270
1966-06-27,-0.0082618730
1966-06-28,-0.0063998730
1966-06-29,-0.0133158730
1966-06-30,-0.0024098730
1966-07-01,0.0131511270
1966-07-05,0.0018461270
1966-07-06,0.0183381270
1966-07-07,0.0046391270
1966-07-08,0.0021121270
1966-07-11,-0.0020108730
1966-07-12,-0.0066658730
1966-07-13,-0.0082618730
1966-07-14,0.0072991270
1966-07-15,0.0038411270
1966-07-18,-0.0017448730
1966-07-19,-0.0098578730
1966-07-20,-0.0118528730
1966-07-21,-0.0005478730
1966-07-22,-0.0014788730
1966-07-25,-0.0256848730
1966-07-26,-0.0033408730
1966-07-27,0.0063681270
1966-07-28,-0.0048038730
1966-07-29,-0.0026758730
1966-08-01,-0.0000158730
1966-08-02,-0.0000158730
1966-08-03,-0.0000158730
1966-08-04,-0.0000158730
1966-08-05,-0.0000158730
1966-08-08,-0.0000158730
1966-08-09,-0.0000158730
1966-08-10,-0.0000158730
1966-08-11,-0.0000158730
1966-08-12,-0.0000158730
1966-08-15,-0.0000158730
1966-08-16,-0.0000158730
1966-08-17,-0.0000158730
1966-08-18,-0.0000158730
1966-08-19,-0.0000158730
1966-08-22,-0.0000158730
1966-08-23,-0.0000158730
1966-08-24,-0.0000158730
1966-08-25,-0.0000158730
1966-08-26,-0.0000158730
1966-08-29,-0.0000158730
1966-08-30,-0.0000158730
1966-08-31,-0.0000158730
1966-09-01,-0.0000158730
1966-09-02,-0.0000158730
1966-09-06,-0.0000158730
1966-09-07,-0.0000158730
1966-09-08,-0.0000158730
1966-09-09,-0.0000158730
1966-09-12,-0.0000158730
1966-09-13,-0.0000158730
1966-09-14,-0.0000158730
1966-09-15,-0.0000158730
1966-09-16,-0.0000158730
1966-09-19,-0.0000158730
1966-09-20,-0.0000158730
1966-09-21,-0.0000158730
1966-09-22,-0.0000158730
1966-09-23,-0.0000158730
1966-09-26,-0.0000158730
1966-09-27,-0.0000158730
1966-09-28,-0.0000158730
1966-09-29,-0.0000158730
1966-09-30,-0.0000158730
1966-10-03,-0.0000158730
1966-10-04,-0.0000158730
1966-10-05,-0.0000158730
1966-10-06,-0.0000158730
1966-10-07,-0.0000158730
1966-10-10,-0.0000158730
1966-10-11,-0.0000158730
1966-10-12,-0.0000158730
1966-10-13,-0.0000158730
1966-10-14,-0.0000158730
1966-10-17,-0.0000158730
1966-10-18,-0.0000158730
1966-10-19,-0.0000158730
1966-10-20,-0.0000158730
1966-10-21,-0.0000158730
1966-10-24,-0.0000158730
1966-10-25,-0.0000158730
1966-10-26,-0.0000158730
1966-10-27,-0.0000158730
1966-10-28,-0.0000158730
1966-10-31,-0.0000158730
1966-11-01,-0.0000158730
1966-11-02,-0.0000158730
1966-11-03,-0.0000158730
1966-11-04,-0.0000158730
1966-11-07,-0.0000158730
1966-11-09,-0.0000158730
1966-11-10,-0.0000158730
1966-11-11,-0.0000158730
1966-11-14,-0.0000158730
1966-11-15,-0.0000158730
1966-11-16,-0.0000158730
1966-11-17,-0.0000158730
1966-11-18,-0.0000158730
1966-11-21,-0.0000158730
1966-11-22,-0.0000158730
1966-11-23,-0.0000158730
1966-11-25,-0.0000158730
1966-11-28,-0.0000158730
1966-11-29,-0.0000158730
1966-11-30,-0.0000158730
1966-12-01,-0.0000158730
1966-12-02,-0.0000158730
1966-12-05,-0.0000158730
1966-12-06,-0.0000158730
1966-12-07,-0.0000158730
1966-12-08,-0.0000158730
1966-12-09,-0.0000158730
1966-12-12,-0.0000158730
1966-12-13,-0.0000158730
1966-12-14,-0.0000158730
1966-12-15,-0.0000158730
1966-12-16,-0.0000158730
1966-12-19,-0.0000158730
1966-12-20,-0.0000158730
1966-12-21,-0.0000158730
1966-12-22,-0.0000158730
1966-12-23,-0.0000158730
1966-12-27,-0.0000158730
1966-12-28,-0.0000158730
1966-12-29,-0.0000158730
1966-12-30,-0.0000158730
1967-01-03,-0.0000158730
1967-01-04,-0.0000158730
1967-01-05,-0.0000158730
1967-01-06,-0.0000158730
1967-01-09,-0.0000158730
1967-01-10,-0.0000158730
1967-01-11,-0.0000158730
1967-01-12,-0.0000158730
1967-01-13,-0.0000158730
1967-01-16,-0.0000158730
1967-01-17,-0.0000158730
1967-01-18,-0.0000158730
1967-01-19,-0.0000158730
1967-01-20,-0.0000158730
1967-01-23,-0.0000158730
1967-01-24,-0.0000158730
1967-01-25,-0.0000158730
1967-01-26,-0.0000158730
1967-01-27,-0.0000158730
1967-01-30,-0.0000158730
1967-01-31,-0.0000158730
1967-02-01,-0.0020108730
1967-02-02,0.0045061270
1967-02-03,0.0094271270
1967-02-06,-0.0020108730
1967-02-07,-0.0024098730
1967-02-08,0.0116881270
1967-02-09,-0.0052028730
1967-02-10,0.0034421270
1967-02-13,0.0018461270
1967-02-14,0.0096931270
1967-02-15,0.0006491270
1967-02-16,-0.0057348730
1967-02-17,0.0002501270
1967-02-20,-0.0066658730
1967-02-21,-0.0001488730
1967-02-23,0.0015801270
1967-02-24,0.0010481270
1967-02-27,-0.0146458730
1967-02-28,0.0051711270
1967-03-01,0.0130181270
1967-03-02,0.0069001270
1967-03-03,0.0021121270
1967-03-06,-0.0017448730
1967-03-07,0.0021121270
1967-03-08,0.0022451270
1967-03-09,0.0038411270
1967-03-10,0.0049051270
1967-03-13,-0.0063998730
1967-03-14,-0.0014788730
1967-03-15,0.0118211270
1967-03-16,0.0119541270
1967-03-17,0.0017131270
1967-03-20,-0.0001488730
1967-03-21,-0.0037398730
1967-03-22,0.0037081270
1967-03-23,0.0090281270
1967-03-27,-0.0008138730
1967-03-28,0.0011811270
1967-03-29,-0.0018778730
1967-03-30,0.0005161270
1967-03-31,-0.0067988730
1967-04-03,-0.0150448730
1967-04-04,0.0001171270
1967-04-05,0.0083631270
1967-04-06,0.0026441270
1967-04-07,-0.0082618730
1967-04-10,-0.0165078730
1967-04-11,0.0094271270
1967-04-12,-0.0013458730
1967-04-13,0.0086291270
1967-04-14,0.0134171270
1967-04-17,0.0084961270
1967-04-18,0.0112891270
1967-04-19,0.0015801270
1967-04-20,0.0025111270
1967-04-21,0.0034421270
1967-04-24,0.0035751270
1967-04-25,0.0072991270
1967-04-26,-0.0014788730
1967-04-27,0.0107571270
1967-04-28,0.0019791270
1967-05-01,-0.0009468730
1967-05-02,-0.0002818730
1967-05-03,0.0037081270
1967-05-04,0.0043731270
1967-05-05,0.0015801270
1967-05-08,0.0027771270
1967-05-09,-0.0137148730
1967-05-10,-0.0017448730
1967-05-11,0.0065011270
1967-05-12,-0.0026758730
1967-05-15,-0.0098578730
1967-05-16,0.0063681270
1967-05-17,-0.0036068730
1967-05-18,-0.0025428730
1967-05-19,-0.0056018730
1967-05-22,-0.0045378730
1967-05-23,-0.0057348730
1967-05-24,-0.0159758730
1967-05-25,0.0131511270
1967-05-26,-0.0014788730
1967-05-29,-0.0063998730
1967-05-31,-0.0220938730
1967-06-01,0.0156781270
1967-06-02,-0.0053358730
1967-06-05,-0.0219608730
1967-06-06,0.0268336143
1967-06-07,0.0091046531
1967-06-08,0.0061766462
1967-06-09,0.0029058154
1967-06-12,0.0073919190
1967-06-13,0.0072685442
1967-06-14,-0.0021539610
1967-06-15,0.0022106082
1967-06-16,0.0003831270
1967-06-19,0.0003831270
1967-06-20,-0.0004148730
1967-06-21,-0.0033408730
1967-06-22,-0.0026758730
1967-06-23,0.0009151270
1967-06-26,-0.0053358730
1967-06-27,-0.0045378730
1967-06-28,0.0009151270
1967-06-29,-0.0062668730
1967-06-30,-0.0020108730
1967-07-03,0.0046391270
1967-07-05,0.0070331270
1967-07-06,-0.0008138730
1967-07-07,0.0062351270
1967-07-10,0.0059691270
1967-07-11,0.0057031270
1967-07-12,-0.0004148730
1967-07-13,0.0007821270
1967-07-14,0.0049051270
1967-07-17,0.0009151270
1967-07-18,0.0092941270
1967-07-19,0.0011811270
1967-07-20,0.0018461270
1967-07-21,0.0005161270
1967-07-24,-0.0049368730
1967-07-25,0.0002501270
1967-07-26,0.0055701270
1967-07-27,0.0045061270
1967-07-28,0.0022451270
1967-07-31,0.0037081270
1967-08-01,0.0082301270
1967-08-02,0.0045061270
1967-08-03,-0.0024098730
1967-08-04,0.0034421270
1967-08-07,-0.0021438730
1967-08-08,0.0011811270
1967-08-09,0.0014471270
1967-08-10,-0.0036068730
1967-08-11,-0.0062668730
1967-08-14,-0.0066658730
1967-08-15,0.0013141270
1967-08-16,-0.0033408730
1967-08-17,0.0017131270
1967-08-18,0.0022451270
1967-08-21,-0.0066658730
1967-08-22,-0.0071978730
1967-08-23,-0.0013458730
1967-08-24,-0.0069318730
1967-08-25,-0.0056018730
1967-08-28,0.0003831270
1967-08-29,0.0033091270
1967-08-30,0.0038411270
1967-08-31,0.0086291270
1967-09-01,0.0019791270
1967-09-05,0.0070331270
1967-09-06,0.0022451270
1967-09-07,-0.0008138730
1967-09-08,0.0001171270
1967-09-11,0.0019791270
1967-09-12,0.0065011270
1967-09-13,0.0128851270
1967-09-14,0.0018461270
1967-09-15,0.0007821270
1967-09-18,0.0034421270
1967-09-19,-0.0058678730
1967-09-20,0.0006491270
1967-09-21,0.0074321270
1967-09-22,0.0037081270
1967-09-25,0.0063681270
1967-09-26,-0.0115868730
1967-09-27,0.0007821270
1967-09-28,0.0010481270
1967-09-29,-0.0000158730
1967-10-02,-0.0053358730
1967-10-03,0.0042401270
1967-10-04,-0.0017448730
1967-10-05,0.0026441270
1967-10-06,0.0075651270
1967-10-09,0.0026441270
1967-10-10,-0.0097248730
1967-10-11,-0.0061338730
1967-10-12,-0.0081288730
1967-10-13,0.0029101270
1967-10-16,-0.0107888730
1967-10-17,-0.0025428730
1967-10-18,0.0031761270
1967-10-19,0.0011811270
1967-10-20,-0.0016118730
1967-10-23,-0.0063998730
1967-10-24,-0.0075968730
1967-10-25,0.0018461270
1967-10-26,0.0057031270
1967-10-27,0.0001171270
1967-10-30,-0.0021438730
1967-10-31,-0.0118528730
1967-11-01,-0.0162418730
1967-11-02,-0.0065328730
1967-11-03,-0.0063998730
1967-11-06,-0.0041388730
1967-11-08,-0.0050698730
1967-11-09,0.0055701270
1967-11-10,0.0076981270
1967-11-13,-0.0041388730
1967-11-14,-0.0097248730
1967-11-15,0.0054371270
1967-11-16,0.0124861270
1967-11-17,0.0046391270
1967-11-20,-0.0185028730
1967-11-21,0.0227271270
1967-11-22,0.0087621270
1967-11-24,0.0027771270
1967-11-27,0.0046391270
1967-11-28,0.0067671270
1967-11-29,0.0007821270
1967-11-30,-0.0060008730
1967-12-01,0.0071661270
1967-12-04,0.0083631270
1967-12-05,0.0014471270
1967-12-06,0.0047721270
1967-12-07,-0.0012128730
1967-12-08,-0.0012128730
1967-12-11,-0.0022768730
1967-12-12,-0.0001488730
1967-12-13,0.0057031270
1967-12-14,0.0021121270
1967-12-15,-0.0075968730
1967-12-18,-0.0038728730
1967-12-19,-0.0013458730
1967-12-20,0.0075651270
1967-12-21,0.0031761270
1967-12-22,-0.0016118730
1967-12-26,0.0019791270
1967-12-27,0.0088951270
1967-12-28,-0.0006808730
1967-12-29,0.0084961270
1968-01-02,-0.0034738730
1968-01-03,-0.0074638730
1968-01-04,-0.0040058730
1968-01-05,0.0084961270
1968-01-08,0.0092941270
1968-01-09,-0.0020108730
1968-01-10,0.0019791270
1968-01-11,0.0033091270
1968-01-12,0.0026441270
1968-01-15,-0.0020108730
1968-01-16,-0.0074638730
1968-01-17,-0.0013458730
1968-01-18,-0.0001488730
1968-01-19,-0.0046708730
1968-01-22,-0.0183698730
1968-01-23,-0.0067988730
1968-01-24,-0.0054688730
1968-01-25,0.0005161270
1968-01-26,0.0027771270
1968-01-29,-0.0022768730
1968-01-30,-0.0074638730
1968-01-31,-0.0110548730
1968-02-01,0.0038411270
1968-02-02,-0.0044048730
1968-02-05,-0.0062668730
1968-02-06,0.0009151270
1968-02-07,0.0019791270
1968-02-08,-0.0187688730
1968-02-09,-0.0158428730
1968-02-13,-0.0139808730
1968-02-14,0.0164761270
1968-02-15,0.0031761270
1968-02-16,-0.0052028730
1968-02-19,0.0046391270
1968-02-20,0.0082301270
1968-02-21,0.0055701270
1968-02-23,-0.0063998730
1968-02-26,-0.0105228730
1968-02-27,0.0053041270
1968-02-28,-0.0071978730
1968-02-29,-0.0117198730
1968-03-01,-0.0060008730
1968-03-04,-0.0207638730
1968-03-05,-0.0056018730
1968-03-06,0.0239241270
1968-03-07,-0.0020251629
1968-03-08,-0.0013323511
1968-03-11,0.0179391270
1968-03-12,0.0022514069
1968-03-13,-0.0023869704
1968-03-14,-0.0278128730
1968-03-15,0.0087943944
1968-03-18,0.0074459780
1968-03-19,-0.0075068583
1968-03-20,-0.0009808400
1968-03-21,-0.0102579264
1968-03-22,0.0001129553
1968-03-25,-0.0017448730
1968-03-26,0.0087621270
1968-03-27,0.0114221270
1968-03-28,-0.0010798730
1968-03-29,0.0092941270
1968-04-01,0.0316381270
1968-04-02,0.0022587582
1968-04-03,0.0103540425
1968-04-04,0.0056270814
1968-04-05,-0.0069531727
1968-04-08,0.0222728452
1968-04-10,0.0087548544
1968-04-11,0.0118773550
1968-04-15,0.0025678321
1968-04-16,0.0019791270
1968-04-17,0.0039741270
1968-04-18,0.0039741270
1968-04-19,-0.0163748730
1968-04-22,-0.0063998730
1968-04-23,0.0170081270
1968-04-24,0.0035418742
1968-04-25,0.0045061270
1968-04-26,0.0045061270
1968-04-29,0.0039741270
1968-04-30,0.0018461270
1968-05-01,0.0042401270
1968-05-02,0.0082301270
1968-05-03,0.0010481270
1968-05-06,-0.0024098730
1968-05-07,0.0075651270
1968-05-08,0.0007821270
1968-05-09,-0.0069318730
1968-05-10,0.0047721270
1968-05-13,-0.0022768730
1968-05-14,-0.0009468730
1968-05-15,-0.0008138730
1968-05-16,-0.0058678730
1968-05-17,-0.0078628730
1968-05-20,-0.0061338730
1968-05-21,0.0076981270
1968-05-22,0.0042401270
1968-05-23,-0.0017448730
1968-05-24,0.0041071270
1968-05-27,-0.0005478730
1968-05-28,0.0082301270
1968-05-29,0.0042401270
1968-05-31,0.0100921270
1968-06-03,0.0167421270
1968-06-04,0.0070331270
1968-06-05,-0.0062668730
1968-06-06,0.0118211270
1968-06-07,0.0088951270
1968-06-10,0.0014471270
1968-06-11,0.0031761270
1968-06-13,-0.0057348730
1968-06-14,-0.0021438730
1968-06-17,-0.0149118730
1968-06-18,-0.0016118730
1968-06-20,0.0067671270
1968-06-21,0.0018461270
1968-06-24,-0.0050698730
1968-06-25,-0.0058678730
1968-06-27,-0.0022768730
1968-06-28,-0.0045378730
1968-07-01,-0.0030748730
1968-07-02,0.0054371270
1968-07-03,0.0166091270
1968-07-08,0.0140821270
1968-07-09,0.0033091270
1968-07-11,0.0013141270
1968-07-12,-0.0008138730
1968-07-15,-0.0021438730
1968-07-16,-0.0071978730
1968-07-18,-0.0045378730
1968-07-19,-0.0134488730
1968-07-22,-0.0181038730
1968-07-23,-0.0033408730
1968-07-25,-0.0174388730
1968-07-26,0.0035751270
1968-07-29,-0.0115868730
1968-07-30,0.0014471270
1968-08-01,-0.0071978730
1968-08-02,-0.0075968730
1968-08-05,0.0051711270
1968-08-06,0.0059691270
1968-08-08,-0.0032078730
1968-08-09,0.0003831270
1968-08-12,0.0131511270
1968-08-13,0.0058361270
1968-08-15,-0.0052028730
1968-08-16,0.0078311270
1968-08-19,0.0045061270
1968-08-20,0.0001171270
1968-08-22,-0.0042718730
1968-08-23,0.0003831270
1968-08-26,0.0030431270
1968-08-27,-0.0025428730
1968-08-29,-0.0014788730
1968-08-30,0.0027771270
1968-09-03,0.0049051270
1968-09-04,0.0080971270
1968-09-05,0.0092941270
1968-09-06,0.0055701270
1968-09-09,0.0017131270
1968-09-10,-0.0066658730
1968-09-12,-0.0026758730
1968-09-13,0.0047721270
1968-09-16,0.0050381270
1968-09-17,0.0031761270
1968-09-19,0.0021121270
1968-09-20,0.0014471270
1968-09-23,0.0075651270
1968-09-24,0.0049051270
1968-09-26,-0.0026758730
1968-09-27,0.0009151270
1968-09-30,0.0054371270
1968-10-01,0.0021121270
1968-10-03,0.0045061270
1968-10-04,0.0034421270
1968-10-07,-0.0004148730
1968-10-08,-0.0006808730
1968-10-10,-0.0056018730
1968-10-11,-0.0000158730
1968-10-14,0.0021121270
1968-10-15,0.0025111270
1968-10-17,0.0065011270
1968-10-18,0.0091611270
1968-10-21,0.0018461270
1968-10-22,-0.0045378730
1968-10-24,-0.0083948730
1968-10-25,0.0041071270
1968-10-28,-0.0042718730
1968-10-29,-0.0077298730
1968-10-31,0.0006491270
1968-11-01,-0.0049368730
1968-11-04,0.0002501270
1968-11-06,0.0022451270
1968-11-07,0.0035751270
1968-11-08,0.0069001270
1968-11-12,0.0098261270
1968-11-13,0.0074321270
1968-11-14,0.0013141270
1968-11-15,0.0071661270
1968-11-18,0.0021121270
1968-11-19,0.0037081270
1968-11-21,-0.0006808730
1968-11-22,0.0059691270
1968-11-25,0.0034421270
1968-11-26,0.0087621270
1968-11-27,0.0055701270
1968-11-29,0.0074321270
1968-12-02,-0.0025428730
1968-12-03,-0.0013458730
1968-12-05,-0.0038728730
1968-12-06,0.0034421270
1968-12-09,-0.0024098730
1968-12-10,-0.0024098730
1968-12-12,-0.0005478730
1968-12-13,0.0035751270
1968-12-16,-0.0052028730
1968-12-17,-0.0061338730
1968-12-19,0.0030431270
1968-12-20,-0.0065328730
1968-12-23,-0.0139808730
1968-12-24,-0.0017448730
1968-12-26,0.0014471270
1968-12-27,-0.0050698730
1968-12-30,-0.0138478730
1968-12-31,0.0009151270
1969-01-02,0.0010481270
1969-01-03,-0.0001488730
1969-01-06,-0.0200988730
1969-01-07,-0.0182368730
1969-01-08,-0.0067988730
1969-01-09,0.0053041270
1969-01-10,-0.0040058730
1969-01-13,-0.0097248730
1969-01-14,0.0096931270
1969-01-15,0.0079641270
1969-01-16,0.0072991270
1969-01-17,-0.0013458730
1969-01-20,-0.0026758730
1969-01-21,-0.0014788730
1969-01-22,0.0051711270
1969-01-23,0.0069001270
1969-01-24,-0.0009468730
1969-01-27,-0.0001488730
1969-01-28,0.0003831270
1969-01-29,0.0009151270
1969-01-30,-0.0004148730
1969-01-31,0.0049051270
1969-02-03,-0.0012128730
1969-02-04,-0.0000158730
1969-02-05,0.0018461270
1969-02-06,0.0041071270
1969-02-07,0.0010481270
1969-02-11,0.0010481270
1969-02-12,-0.0006808730
1969-02-13,0.0003831270
1969-02-14,-0.0014788730
1969-02-17,-0.0170398730
1969-02-18,-0.0159758730
1969-02-19,-0.0107888730
1969-02-20,-0.0127838730
1969-02-24,-0.0170398730
1969-02-25,-0.0099908730
1969-02-26,0.0054371270
1969-02-27,-0.0061338730
1969-02-28,-0.0006808730
1969-03-03,0.0022451270
1969-03-04,0.0131511270
1969-03-05,0.0043731270
1969-03-06,-0.0157098730
1969-03-07,-0.0024098730
1969-03-10,0.0046391270
1969-03-11,0.0051711270
1969-03-12,-0.0038728730
1969-03-13,-0.0095918730
1969-03-14,-0.0069318730
1969-03-17,0.0027771270
1969-03-18,0.0038411270
1969-03-19,0.0095601270
1969-03-20,0.0082301270
1969-03-21,-0.0026758730
1969-03-24,-0.0021438730
1969-03-25,0.0015801270
1969-03-26,0.0084961270
1969-03-27,0.0090281270
1969-03-28,0.0051711270
1969-04-01,-0.0018778730
1969-04-02,-0.0094588730
1969-04-03,-0.0012128730
1969-04-07,-0.0115868730
1969-04-08,0.0026441270
1969-04-09,0.0104911270
1969-04-10,0.0061021270
1969-04-11,0.0011811270
1969-04-14,-0.0018778730
1969-04-15,-0.0013458730
1969-04-16,-0.0119858730
1969-04-17,0.0014471270
1969-04-18,0.0051711270
1969-04-21,-0.0102568730
1969-04-22,0.0021121270
1969-04-23,0.0013141270
1969-04-24,0.0055701270
1969-04-25,0.0058361270
1969-04-28,0.0045061270
1969-04-29,0.0110231270
1969-04-30,0.0114221270
1969-05-01,-0.0013458730
1969-05-02,0.0062351270
1969-05-05,0.0059691270
1969-05-06,0.0059691270
1969-05-07,-0.0028088730
1969-05-08,0.0045061270
1969-05-09,0.0011811270
1969-05-12,-0.0025428730
1969-05-13,0.0053041270
1969-05-14,0.0091611270
1969-05-15,-0.0040058730
1969-05-16,0.0002501270
1969-05-19,-0.0117198730
1969-05-20,-0.0111878730
1969-05-21,0.0055701270
1969-05-22,0.0025111270
1969-05-23,-0.0002818730
1969-05-26,-0.0026758730
1969-05-27,-0.0105228730
1969-05-28,-0.0034738730
1969-05-29,0.0029101270
1969-06-02,-0.0071978730
1969-06-03,-0.0045378730
1969-06-04,-0.0000158730
1969-06-05,0.0010481270
1969-06-06,-0.0091928730
1969-06-09,-0.0129168730
1969-06-10,-0.0105228730
1969-06-11,-0.0133158730
1969-06-12,-0.0189018730
1969-06-13,0.0041071270
1969-06-16,-0.0052028730
1969-06-17,-0.0070648730
1969-06-18,-0.0029418730
1969-06-19,-0.0115868730
1969-06-20,-0.0098578730
1969-06-23,-0.0087938730
1969-06-24,0.0144811270
1969-06-25,-0.0053358730
1969-06-26,0.0022451270
1969-06-27,0.0010481270
1969-06-30,0.0061021270
1969-07-01,0.0059691270
1969-07-02,0.0114221270
1969-07-03,0.0098261270
1969-07-07,-0.0090598730
1969-07-08,-0.0183698730
1969-07-09,-0.0106558730
1969-07-10,-0.0212958730
1969-07-11,0.0038411270
1969-07-14,-0.0182368730
1969-07-15,-0.0057348730
1969-07-16,0.0142151270
1969-07-17,0.0068343534
1969-07-18,-0.0103898730
1969-07-22,-0.0207638730
1969-07-23,-0.0067017968
1969-07-24,-0.0056018730
1969-07-25,-0.0138478730
1969-07-28,-0.0299408730
1969-07-29,-0.0114530527
1969-07-30,0.0066489157
1969-07-31,0.0276810119
1969-08-01,-0.0000158730
1969-08-04,-0.0000158730
1969-08-05,-0.0000158730
1969-08-06,-0.0000158730
1969-08-07,-0.0000158730
1969-08-08,-0.0000158730
1969-08-11,-0.0000158730
1969-08-12,-0.0000158730
1969-08-13,-0.0000158730
1969-08-14,-0.0000158730
1969-08-15,-0.0000158730
1969-08-18,-0.0000158730
1969-08-19,-0.0000158730
1969-08-20,-0.0000158730
1969-08-21,-0.0000158730
1969-08-22,-0.0000158730
1969-08-25,-0.0000158730
1969-08-26,-0.0000158730
1969-08-27,-0.0000158730
1969-08-28,-0.0000158730
1969-08-29,-0.0000158730
1969-09-02,-0.0000158730
1969-09-03,-0.0000158730
1969-09-04,-0.0000158730
1969-09-05,-0.0000158730
1969-09-08,-0.0000158730
1969-09-09,-0.0000158730
1969-09-10,-0.0000158730
1969-09-11,-0.0000158730
1969-09-12,-0.0000158730
1969-09-15,-0.0000158730
1969-09-16,-0.0000158730
1969-09-17,-0.0000158730
1969-09-18,-0.0000158730
1969-09-19,-0.0000158730
1969-09-22,-0.0000158730
1969-09-23,-0.0000158730
1969-09-24,-0.0000158730
1969-09-25,-0.0000158730
1969-09-26,-0.0000158730
1969-09-29,-0.0000158730
1969-09-30,-0.0000158730
1969-10-01,-0.0000158730
1969-10-02,-0.0000158730
1969-10-03,-0.0000158730
1969-10-06,-0.0000158730
1969-10-07,-0.0000158730
1969-10-08,-0.0000158730
1969-10-09,-0.0000158730
1969-10-10,-0.0000158730
1969-10-13,-0.0000158730
1969-10-14,-0.0000158730
1969-10-15,-0.0000158730
1969-10-16,-0.0000158730
1969-10-17,-0.0000158730
1969-10-20,-0.0000158730
1969-10-21,-0.0000158730
1969-10-22,-0.0000158730
1969-10-23,-0.0000158730
1969-10-24,-0.0000158730
1969-10-27,-0.0000158730
1969-10-28,-0.0000158730
1969-10-29,-0.0000158730
1969-10-30,-0.0000158730
1969-10-31,-0.0000158730
1969-11-03,-0.0000158730
1969-11-04,-0.0000158730
1969-11-05,-0.0000158730
1969-11-06,-0.0000158730
1969-11-07,-0.0000158730
1969-11-10,-0.0000158730
1969-11-11,-0.0000158730
1969-11-12,-0.0000158730
1969-11-13,-0.0000158730
1969-11-14,-0.0000158730
1969-11-17,-0.0000158730
1969-11-18,-0.0000158730
1969-11-19,-0.0000158730
1969-11-20,-0.0000158730
1969-11-21,-0.0000158730
1969-11-24,-0.0000158730
1969-11-25,-0.0000158730
1969-11-26,-0.0000158730
1969-11-28,-0.0000158730
1969-12-01,-0.0000158730
1969-12-02,-0.0000158730
1969-12-03,-0.0000158730
1969-12-04,-0.0000158730
1969-12-05,-0.0000158730
1969-12-08,-0.0000158730
1969-12-09,-0.0000158730
1969-12-10,-0.0000158730
1969-12-11,-0.0000158730
1969-12-12,-0.0000158730
1969-12-15,-0.0000158730
1969-12-16,-0.0000158730
1969-12-17,-0.0000158730
1969-12-18,-0.0000158730
1969-12-19,-0.0000158730
1969-12-22,-0.0000158730
1969-12-23,-0.0000158730
1969-12-24,-0.0000158730
1969-12-26,-0.0000158730
1969-12-29,-0.0000158730
1969-12-30,-0.0000158730
1969-12-31,-0.0000158730
1970-01-02,-0.0000158730
1970-01-05,-0.0000158730
1970-01-06,-0.0000158730
1970-01-07,-0.0000158730
1970-01-08,-0.0000158730
1970-01-09,-0.0000158730
1970-01-12,-0.0000158730
1970-01-13,-0.0000158730
1970-01-14,-0.0000158730
1970-01-15,-0.0000158730
1970-01-16,-0.0000158730
1970-01-19,-0.0000158730
1970-01-20,-0.0000158730
1970-01-21,-0.0000158730
1970-01-22,-0.0000158730
1970-01-23,-0.0000158730
1970-01-26,-0.0000158730
1970-01-27,-0.0000158730
1970-01-28,-0.0000158730
1970-01-29,-0.0000158730
1970-01-30,-0.0000158730
1970-02-02,-0.0000158730
1970-02-03,-0.0000158730
1970-02-04,-0.0000158730
1970-02-05,-0.0000158730
1970-02-06,-0.0000158730
1970-02-09,-0.0000158730
1970-02-10,-0.0000158730
1970-02-11,-0.0000158730
1970-02-12,-0.0000158730
1970-02-13,-0.0000158730
1970-02-16,-0.0000158730
1970-02-17,-0.0000158730
1970-02-18,-0.0000158730
1970-02-19,-0.0000158730
1970-02-20,-0.0000158730
1970-02-24,-0.0000158730
1970-02-25,-0.0000158730
1970-02-26,-0.0000158730
1970-02-27,-0.0000158730
1970-03-02,-0.0000158730
1970-03-03,-0.0000158730
1970-03-04,-0.0000158730
1970-03-05,-0.0000158730
1970-03-06,-0.0000158730
1970-03-09,-0.0000158730
1970-03-10,-0.0000158730
1970-03-11,-0.0000158730
1970-03-12,-0.0000158730
1970-03-13,-0.0000158730
1970-03-16,-0.0000158730
1970-03-17,-0.0000158730
1970-03-18,-0.0000158730
1970-03-19,-0.0000158730
1970-03-20,-0.0000158730
1970-03-23,-0.0000158730
1970-03-24,-0.0000158730
1970-03-25,-0.0000158730
1970-03-26,-0.0000158730
1970-03-30,-0.0000158730
1970-03-31,-0.0000158730
1970-04-01,-0.0000158730
1970-04-02,-0.0000158730
1970-04-03,-0.0000158730
1970-04-06,-0.0000158730
1970-04-07,-0.0000158730
1970-04-08,-0.0000158730
1970-04-09,-0.0000158730
1970-04-10,-0.0000158730
1970-04-13,-0.0000158730
1970-04-14,-0.0000158730
1970-04-15,-0.0000158730
1970-04-16,-0.0000158730
1970-04-17,-0.0000158730
1970-04-20,-0.0000158730
1970-04-21,-0.0000158730
1970-04-22,-0.0000158730
1970-04-23,-0.0000158730
1970-04-24,-0.0000158730
1970-04-27,-0.0000158730
1970-04-28,-0.0000158730
1970-04-29,-0.0000158730
1970-04-30,-0.0000158730
1970-05-01,-0.0000158730
1970-05-04,-0.0000158730
1970-05-05,-0.0000158730
1970-05-06,-0.0000158730
1970-05-07,-0.0000158730
1970-05-08,-0.0000158730
1970-05-11,-0.0000158730
1970-05-12,-0.0000158730
1970-05-13,-0.0000158730
1970-05-14,-0.0000158730
1970-05-15,-0.0000158730
1970-05-18,-0.0000158730
1970-05-19,-0.0000158730
1970-05-20,-0.0000158730
1970-05-21,-0.0000158730
1970-05-22,-0.0000158730
1970-05-25,-0.0000158730
1970-05-26,-0.0000158730
1970-05-27,-0.0000158730
1970-05-28,-0.0000158730
1970-05-29,-0.0000158730
1970-06-01,-0.0000158730
1970-06-02,-0.0000158730
1970-06-03,-0.0000158730
1970-06-04,-0.0000158730
1970-06-05,-0.0000158730
1970-06-08,-0.0000158730
1970-06-09,-0.0000158730
1970-06-10,-0.0000158730
1970-06-11,-0.0000158730
1970-06-12,-0.0000158730
1970-06-15,-0.0000158730
1970-06-16,-0.0000158730
1970-06-17,-0.0000158730
1970-06-18,-0.0000158730
1970-06-19,-0.0000158730
1970-06-22,-0.0000158730
1970-06-23,-0.0000158730
1970-06-24,-0.0000158730
1970-06-25,-0.0000158730
1970-06-26,-0.0000158730
1970-06-29,-0.0000158730
1970-06-30,-0.0000158730
1970-07-01,-0.0000158730
1970-07-02,-0.0000158730
1970-07-06,-0.0000158730
1970-07-07,-0.0000158730
1970-07-08,-0.0000158730
1970-07-09,-0.0000158730
1970-07-10,-0.0000158730
1970-07-13,-0.0000158730
1970-07-14,-0.0000158730
1970-07-15,-0.0000158730
1970-07-16,-0.0000158730
1970-07-17,-0.0000158730
1970-07-20,-0.0000158730
1970-07-21,-0.0000158730
1970-07-22,-0.0000158730
1970-07-23,-0.0000158730
1970-07-24,-0.0000158730
1970-07-27,-0.0000158730
1970-07-28,-0.0000158730
1970-07-29,-0.0000158730
1970-07-30,-0.0000158730
1970-07-31,-0.0000158730
1970-08-03,-0.0000158730
1970-08-04,-0.0000158730
1970-08-05,-0.0000158730
1970-08-06,-0.0000158730
1970-08-07,-0.0000158730
1970-08-10,-0.0000158730
1970-08-11,-0.0000158730
1970-08-12,-0.0000158730
1970-08-13,-0.0000158730
1970-08-14,-0.0000158730
1970-08-17,-0.0000158730
1970-08-18,-0.0000158730
1970-08-19,-0.0000158730
1970-08-20,-0.0000158730
1970-08-21,-0.0000158730
1970-08-24,-0.0000158730
1970-08-25,-0.0000158730
1970-08-26,-0.0000158730
1970-08-27,-0.0000158730
1970-08-28,-0.0000158730
1970-08-31,-0.0000158730
1970-09-01,-0.0000158730
1970-09-02,-0.0000158730
1970-09-03,-0.0000158730
1970-09-04,-0.0000158730
1970-09-08,-0.0000158730
1970-09-09,-0.0000158730
1970-09-10,-0.0000158730
1970-09-11,-0.0000158730
1970-09-14,-0.0000158730
1970-09-15,-0.0000158730
1970-09-16,-0.0000158730
1970-09-17,-0.0000158730
1970-09-18,-0.0000158730
1970-09-21,-0.0000158730
1970-09-22,-0.0000158730
1970-09-23,-0.0000158730
1970-09-24,-0.0000158730
1970-09-25,-0.0000158730
1970-09-28,-0.0000158730
1970-09-29,-0.0000158730
1970-09-30,-0.0000158730
1970-10-01,-0.0000158730
1970-10-02,-0.0000158730
1970-10-05,-0.0000158730
1970-10-06,-0.0000158730
1970-10-07,-0.0000158730
1970-10-08,-0.0000158730
1970-10-09,-0.0000158730
1970-10-12,-0.0000158730
1970-10-13,-0.0000158730
1970-10-14,-0.0000158730
1970-10-15,-0.0000158730
1970-10-16,-0.0000158730
1970-10-19,-0.0000158730
1970-10-20,-0.0000158730
1970-10-21,-0.0000158730
1970-10-22,-0.0000158730
1970-10-23,-0.0000158730
1970-10-26,-0.0000158730
1970-10-27,-0.0000158730
1970-10-28,-0.0000158730
1970-10-29,-0.0000158730
1970-10-30,-0.0000158730
1970-11-02,-0.0000158730
1970-11-03,-0.0000158730
1970-11-04,-0.0000158730
1970-11-05,-0.0000158730
1970-11-06,-0.0000158730
1970-11-09,-0.0000158730
1970-11-10,-0.0000158730
1970-11-11,-0.0000158730
1970-11-12,-0.0000158730
1970-11-13,-0.0000158730
1970-11-16,-0.0000158730
1970-11-17,-0.0000158730
1970-11-18,-0.0000158730
1970-11-19,-0.0000158730
1970-11-20,-0.0000158730
1970-11-23,-0.0000158730
1970-11-24,-0.0000158730
1970-11-25,-0.0000158730
1970-11-27,-0.0000158730
1970-11-30,-0.0000158730
1970-12-01,0.0038411270
1970-12-02,0.0162101270
1970-12-03,0.0061021270
1970-12-04,0.0075651270
1970-12-07,0.0076981270
1970-12-08,-0.0069318730
1970-12-09,0.0001171270
1970-12-10,0.0045061270
1970-12-11,0.0050381270
1970-12-14,-0.0075968730
1970-12-15,-0.0024098730
1970-12-16,0.0015801270
1970-12-17,0.0041071270
1970-12-18,0.0027771270
1970-12-21,-0.0038728730
1970-12-22,0.0014471270
1970-12-23,0.0018461270
1970-12-24,0.0091611270
1970-12-28,0.0070331270
1970-12-29,0.0147471270
1970-12-30,0.0023781270
1970-12-31,-0.0013458730
1971-01-04,-0.0131828730
1971-01-05,0.0108901270
1971-01-06,0.0098261270
1971-01-07,0.0006491270
1971-01-08,-0.0017448730
1971-01-11,-0.0014788730
1971-01-12,0.0130181270
1971-01-13,-0.0012128730
1971-01-14,0.0038411270
1971-01-15,0.0037081270
1971-01-18,0.0045061270
1971-01-19,0.0037081270
1971-01-20,0.0010481270
1971-01-21,0.0062351270
1971-01-22,0.0088951270
1971-01-25,0.0062351270
1971-01-26,0.0037081270
1971-01-27,-0.0098578730
1971-01-28,0.0050381270
1971-01-29,0.0087621270
1971-02-01,0.0088951270
1971-02-02,0.0007821270
1971-02-03,0.0038411270
1971-02-04,0.0018461270
1971-02-05,0.0059691270
1971-02-08,0.0079641270
1971-02-09,-0.0005478730
1971-02-10,-0.0014788730
1971-02-11,0.0069001270
1971-02-12,0.0078311270
1971-02-16,0.0031761270
1971-02-17,-0.0063998730
1971-02-18,-0.0090598730
1971-02-19,-0.0123848730
1971-02-22,-0.0141138730
1971-02-23,0.0066341270
1971-02-24,0.0098261270
1971-02-25,0.0021121270
1971-02-26,-0.0033408730
1971-03-01,0.0038411270
1971-03-02,0.0005161270
1971-03-03,0.0001171270
1971-03-04,0.0138161270
1971-03-05,0.0140821270
1971-03-08,0.0062351270
1971-03-09,0.0018461270
1971-03-10,-0.0016118730
1971-03-11,-0.0001488730
1971-03-12,0.0019791270
1971-03-15,0.0150131270
1971-03-16,0.0062351270
1971-03-17,0.0001171270
1971-03-18,0.0014471270
1971-03-19,-0.0022768730
1971-03-22,-0.0053358730
1971-03-23,-0.0044048730
1971-03-24,-0.0081288730
1971-03-25,0.0001171270
1971-03-26,0.0051711270
1971-03-29,0.0010481270
1971-03-30,0.0027771270
1971-03-31,0.0011811270
1971-04-01,0.0007821270
1971-04-02,0.0026441270
1971-04-05,0.0022451270
1971-04-06,0.0078311270
1971-04-07,0.0057031270
1971-04-08,0.0018461270
1971-04-12,0.0088951270
1971-04-13,0.0005161270
1971-04-14,0.0046391270
1971-04-15,0.0019791270
1971-04-16,-0.0000158730
1971-04-19,0.0054371270
1971-04-20,-0.0065328730
1971-04-21,-0.0036068730
1971-04-22,0.0038411270
1971-04-23,0.0066341270
1971-04-26,-0.0000158730
1971-04-27,0.0058361270
1971-04-28,0.0045061270
1971-04-29,-0.0034738730
1971-04-30,-0.0086608730
1971-05-03,-0.0075968730
1971-05-04,0.0072991270
1971-05-05,-0.0004148730
1971-05-06,-0.0077298730
1971-05-07,-0.0042718730
1971-05-10,-0.0065328730
1971-05-11,0.0038411270
1971-05-12,0.0030431270
1971-05-13,-0.0025428730
1971-05-14,-0.0056018730
1971-05-17,-0.0202318730
1971-05-18,0.0006491270
1971-05-19,0.0030431270
1971-05-20,0.0033091270
1971-05-21,-0.0046708730
1971-05-24,-0.0110548730
1971-05-25,-0.0086608730
1971-05-26,0.0019791270
1971-05-27,-0.0014788730
1971-05-28,0.0037081270
1971-06-01,0.0080971270
1971-06-02,0.0111561270
1971-06-03,0.0023781270
1971-06-04,0.0033091270
1971-06-07,-0.0020108730
1971-06-08,-0.0105228730
1971-06-09,-0.0009468730
1971-06-10,0.0038411270
1971-06-11,0.0045061270
1971-06-14,-0.0109218730
1971-06-15,0.0002501270
1971-06-16,0.0021121270
1971-06-17,-0.0004148730
1971-06-18,-0.0203648730
1971-06-21,-0.0169068730
1971-06-22,-0.0040058730
1971-06-23,0.0114221270
1971-06-24,-0.0024098730
1971-06-25,-0.0026758730
1971-06-28,-0.0034738730
1971-06-29,0.0147471270
1971-06-30,0.0122201270
1971-07-01,0.0013141270
1971-07-02,0.0005161270
1971-07-06,0.0007821270
1971-07-07,0.0046391270
1971-07-08,0.0043731270
1971-07-09,0.0045061270
1971-07-12,0.0014471270
1971-07-13,-0.0171728730
1971-07-14,-0.0022768730
1971-07-15,0.0003831270
1971-07-16,-0.0028088730
1971-07-19,-0.0032078730
1971-07-20,0.0049051270
1971-07-21,-0.0010798730
1971-07-22,-0.0033408730
1971-07-23,-0.0022768730
1971-07-26,-0.0045378730
1971-07-27,-0.0130498730
1971-07-28,-0.0111878730
1971-07-29,-0.0167738730
1971-07-30,-0.0062668730
1971-08-02,0.0065011270
1971-08-03,-0.0218278730
1971-08-04,-0.0077298730
1971-08-05,0.0031761270
1971-08-06,0.0034421270
1971-08-09,-0.0102568730
1971-08-10,-0.0000158730
1971-08-11,0.0160771270
1971-08-12,0.0187371270
1971-08-13,-0.0040058730
1971-08-16,0.0460021270
1971-08-17,0.0098090149
1971-08-18,-0.0122991169
1971-08-19,-0.0041544702
1971-08-20,0.0015342846
1971-08-23,0.0084913864
1971-08-24,0.0090338282
1971-08-25,0.0008959242
1971-08-26,-0.0012887932
1971-08-27,0.0025272292
1971-08-30,-0.0106796528
1971-08-31,-0.0056228590
1971-09-01,0.0004557190
1971-09-02,0.0030738899
1971-09-03,0.0179568148
1971-09-07,0.0060201912
1971-09-08,0.0025545815
1971-09-09,-0.0063998730
1971-09-10,-0.0046708730
1971-09-13,-0.0048038730
1971-09-14,-0.0101238730
1971-09-15,0.0047721270
1971-09-16,-0.0024098730
1971-09-17,0.0039741270
1971-09-20,-0.0042718730
1971-09-21,-0.0042718730
1971-09-22,-0.0117198730
1971-09-23,-0.0013458730
1971-09-24,-0.0024098730
1971-09-27,-0.0075968730
1971-09-28,0.0025111270
1971-09-29,0.0001171270
1971-09-30,0.0061021270
1971-10-01,0.0079641270
1971-10-04,0.0034421270
1971-10-05,-0.0014788730
1971-10-06,0.0095601270
1971-10-07,0.0027771270
1971-10-08,-0.0081288730
1971-10-11,-0.0029418730
1971-10-12,0.0046391270
1971-10-13,-0.0067988730
1971-10-14,-0.0122518730
1971-10-15,-0.0056018730
1971-10-18,-0.0067988730
1971-10-19,-0.0056018730
1971-10-20,-0.0185028730
1971-10-21,-0.0001488730
1971-10-22,-0.0006808730
1971-10-25,-0.0058678730
1971-10-26,-0.0069318730
1971-10-27,-0.0142468730
1971-10-28,0.0015801270
1971-10-29,0.0062351270
1971-11-01,-0.0196998730
1971-11-02,0.0035751270
1971-11-03,0.0225941270
1971-11-04,-0.0000158730
1971-11-05,-0.0037398730
1971-11-08,-0.0012128730
1971-11-09,0.0009151270
1971-11-10,-0.0151778730
1971-11-11,-0.0183698730
1971-11-12,-0.0005478730
1971-11-15,-0.0048038730
1971-11-16,0.0120871270
1971-11-17,0.0009151270
1971-11-18,-0.0098578730
1971-11-19,-0.0081288730
1971-11-22,-0.0133158730
1971-11-23,-0.0106558730
1971-11-24,0.0022451270
1971-11-26,0.0240571270
1971-11-29,0.0229515989
1971-11-30,0.0081957059
1971-12-01,0.0197005370
1971-12-02,0.0030884328
1971-12-03,0.0130008876
1971-12-06,-0.0052395376
1971-12-07,0.0049521812
1971-12-08,0.0016778049
1971-12-09,0.0002374655
1971-12-10,0.0106988005
1971-12-13,0.0049051270
1971-12-14,-0.0053358730
1971-12-15,0.0108901270
1971-12-16,0.0147471270
1971-12-17,0.0066341270
1971-12-20,0.0162101270
1971-12-21,0.0030431270
1971-12-22,-0.0078628730
1971-12-23,-0.0058678730
1971-12-27,0.0018461270
1971-12-28,0.0122201270
1971-12-29,0.0042401270
1971-12-30,-0.0044048730
1971-12-31,0.0053041270
1972-01-03,-0.0049368730
1972-01-04,0.0051711270
1972-01-05,0.0128851270
1972-01-06,0.0058361270
1972-01-07,-0.0001488730
1972-01-10,-0.0005478730
1972-01-11,0.0051711270
1972-01-12,-0.0009468730
1972-01-13,-0.0078628730
1972-01-14,0.0053041270
1972-01-17,0.0042401270
1972-01-18,0.0051711270
1972-01-19,-0.0020108730
1972-01-20,-0.0010798730
1972-01-21,-0.0025428730
1972-01-24,-0.0145128730
1972-01-25,0.0021121270
1972-01-26,-0.0021438730
1972-01-27,0.0146141270
1972-01-28,0.0096931270
1972-01-31,-0.0009468730
1972-02-01,0.0018461270
1972-02-02,0.0082301270
1972-02-03,-0.0002818730
1972-02-04,0.0047721270
1972-02-07,-0.0046708730
1972-02-08,0.0017131270
1972-02-09,0.0095601270
1972-02-10,0.0003831270
1972-02-11,-0.0053358730
1972-02-14,-0.0053358730
1972-02-15,0.0059691270
1972-02-16,0.0065011270
1972-02-17,-0.0005478730
1972-02-18,-0.0032078730
1972-02-22,-0.0001488730
1972-02-23,0.0014471270
1972-02-24,0.0019791270
1972-02-25,0.0083631270
1972-02-28,0.0007821270
1972-02-29,0.0054371270
1972-03-01,0.0106241270
1972-03-02,0.0006491270
1972-03-03,0.0076981270
1972-03-06,0.0099591270
1972-03-07,0.0015801270
1972-03-08,0.0023781270
1972-03-09,0.0003831270
1972-03-10,-0.0071978730
1972-03-13,-0.0126508730
1972-03-14,0.0037081270
1972-03-15,0.0009151270
1972-03-16,-0.0037398730
1972-03-17,0.0035751270
1972-03-20,-0.0050698730
1972-03-21,-0.0125178730
1972-03-22,0.0021121270
1972-03-23,0.0126191270
1972-03-24,-0.0028088730
1972-03-27,-0.0028088730
1972-03-28,-0.0013458730
1972-03-29,-0.0079958730
1972-03-30,0.0080971270
1972-04-03,0.0030431270
1972-04-04,0.0080971270
1972-04-05,0.0108901270
1972-04-06,0.0053041270
1972-04-07,0.0034421270
1972-04-10,-0.0020108730
1972-04-11,0.0047721270
1972-04-12,0.0047721270
1972-04-13,-0.0036068730
1972-04-14,0.0003831270
1972-04-17,-0.0034738730
1972-04-18,0.0022451270
1972-04-19,-0.0083948730
1972-04-20,-0.0024098730
1972-04-21,-0.0021438730
1972-04-24,-0.0087938730
1972-04-25,-0.0131828730
1972-04-26,-0.0032078730
1972-04-27,0.0011811270
1972-04-28,0.0067671270
1972-05-01,-0.0121188730
1972-05-02,-0.0078628730
1972-05-03,-0.0030748730
1972-05-04,0.0030431270
1972-05-05,0.0047721270
1972-05-08,-0.0066658730
1972-05-09,-0.0193008730
1972-05-10,0.0092941270
1972-05-11,0.0054371270
1972-05-12,0.0091611270
1972-05-15,0.0066341270
1972-05-16,-0.0030748730
1972-05-17,0.0026441270
1972-05-18,0.0120871270
1972-05-19,0.0122201270
1972-05-22,0.0074321270
1972-05-23,0.0003831270
1972-05-24,0.0053041270
1972-05-25,0.0026441270
1972-05-26,0.0021121270
1972-05-30,-0.0045378730
1972-05-31,-0.0097248730
1972-06-01,0.0029101270
1972-06-02,0.0014471270
1972-06-05,-0.0106558730
1972-06-06,-0.0074638730
1972-06-07,-0.0066658730
1972-06-08,-0.0040058730
1972-06-09,-0.0061338730
1972-06-12,0.0009151270
1972-06-13,0.0055701270
1972-06-14,0.0099591270
1972-06-15,-0.0008138730
1972-06-16,-0.0012128730
1972-06-19,-0.0025428730
1972-06-20,0.0047721270
1972-06-21,0.0019791270
1972-06-22,-0.0022768730
1972-06-23,-0.0056018730
1972-06-26,-0.0093258730
1972-06-27,-0.0016118730
1972-06-28,-0.0048038730
1972-06-29,-0.0026758730
1972-06-30,0.0051711270
1972-07-03,0.0045061270
1972-07-05,0.0074321270
1972-07-06,0.0100921270
1972-07-07,-0.0041388730
1972-07-10,-0.0074638730
1972-07-11,-0.0099908730
1972-07-12,-0.0071978730
1972-07-13,-0.0083948730
1972-07-14,0.0061021270
1972-07-17,-0.0123848730
1972-07-18,-0.0012128730
1972-07-19,0.0030431270
1972-07-20,-0.0044048730
1972-07-21,0.0095601270
1972-07-24,0.0143481270
1972-07-25,-0.0041388730
1972-07-26,-0.0013458730
1972-07-27,-0.0044048730
1972-07-28,0.0003831270
1972-07-31,-0.0009468730
1972-08-01,0.0124861270
1972-08-02,0.0110231270
1972-08-03,0.0098261270
1972-08-04,0.0045061270
1972-08-07,0.0014471270
1972-08-08,0.0009151270
1972-08-09,0.0015801270
1972-08-10,0.0029101270
1972-08-11,0.0108901270
1972-08-14,0.0055701270
1972-08-15,-0.0057348730
1972-08-16,-0.0037398730
1972-08-17,-0.0029418730
1972-08-18,0.0054371270
1972-08-21,-0.0010798730
1972-08-22,0.0067671270
1972-08-23,-0.0020108730
1972-08-24,-0.0142468730
1972-08-25,-0.0037398730
1972-08-28,-0.0062668730
1972-08-29,0.0017131270
1972-08-30,0.0017131270
1972-08-31,0.0058361270
1972-09-01,0.0053041270
1972-09-05,-0.0038728730
1972-09-06,-0.0079958730
1972-09-07,-0.0044048730
1972-09-08,-0.0018778730
1972-09-11,-0.0091928730
1972-09-12,-0.0126508730
1972-09-13,0.0043731270
1972-09-14,0.0002501270
1972-09-15,-0.0013458730
1972-09-18,-0.0026758730
1972-09-19,-0.0008138730
1972-09-20,-0.0008138730
1972-09-21,-0.0026758730
1972-09-22,0.0009151270
1972-09-25,-0.0061338730
1972-09-26,0.0011811270
1972-09-27,0.0182051270
1972-09-28,0.0079641270
1972-09-29,0.0013141270
1972-10-02,-0.0042718730
1972-10-03,0.0009151270
1972-10-04,-0.0034738730
1972-10-05,-0.0147788730
1972-10-06,0.0083631270
1972-10-09,0.0029101270
1972-10-10,0.0013141270
1972-10-11,-0.0061338730
1972-10-12,-0.0111878730
1972-10-13,-0.0090598730
1972-10-16,-0.0139808730
1972-10-17,0.0079641270
1972-10-18,0.0076981270
1972-10-19,-0.0016118730
1972-10-20,0.0135501270
1972-10-23,0.0124861270
1972-10-24,0.0041071270
1972-10-25,-0.0005478730
1972-10-26,0.0045061270
1972-10-27,-0.0038728730
1972-10-30,-0.0005478730
1972-10-31,0.0124861270
1972-11-01,0.0135501270
1972-11-02,0.0062351270
1972-11-03,0.0111561270
1972-11-06,-0.0022768730
1972-11-08,-0.0063998730
1972-11-09,0.0009151270
1972-11-10,0.0039741270
1972-11-13,0.0011811270
1972-11-14,0.0110231270
1972-11-15,-0.0045378730
1972-11-16,0.0066341270
1972-11-17,0.0041071270
1972-11-20,0.0002501270
1972-11-21,0.0062351270
1972-11-22,0.0078311270
1972-11-24,0.0037081270
1972-11-27,-0.0050698730
1972-11-28,-0.0025428730
1972-11-29,0.0002501270
1972-11-30,0.0034421270
1972-12-01,0.0086291270
1972-12-04,0.0041071270
1972-12-05,-0.0028088730
1972-12-06,0.0042401270
1972-12-07,0.0055701270
1972-12-08,0.0025111270
1972-12-11,0.0023781270
1972-12-12,-0.0054688730
1972-12-13,-0.0025428730
1972-12-14,-0.0044048730
1972-12-15,0.0005161270
1972-12-18,-0.0149118730
1972-12-19,-0.0060008730
1972-12-20,-0.0049368730
1972-12-21,-0.0087938730
1972-12-22,0.0078311270
1972-12-26,0.0033091270
1972-12-27,0.0051711270
1972-12-29,0.0139491270
1973-01-02,0.0115551270
1973-01-03,0.0046391270
1973-01-04,-0.0030748730
1973-01-05,0.0039741270
1973-01-08,-0.0004148730
1973-01-09,-0.0012128730
1973-01-10,-0.0034738730
1973-01-11,0.0072991270
1973-01-12,-0.0113208730
1973-01-15,-0.0113208730
1973-01-16,-0.0048038730
1973-01-17,0.0047721270
1973-01-18,0.0017131270
1973-01-19,-0.0025428730
1973-01-22,-0.0070648730
1973-01-23,-0.0021438730
1973-01-24,-0.0185028730
1973-01-26,-0.0049368730
1973-01-29,-0.0067988730
1973-01-30,-0.0022768730
1973-01-31,0.0015801270
1973-02-01,-0.0153108730
1973-02-02,-0.0054688730
1973-02-05,-0.0025428730
1973-02-06,0.0025111270
1973-02-07,-0.0102568730
1973-02-08,-0.0058678730
1973-02-09,0.0178061270
1973-02-12,0.0142151270
1973-02-13,0.0065011270
1973-02-14,-0.0187688730
1973-02-15,-0.0091928730
1973-02-16,0.0047721270
1973-02-20,0.0033091270
1973-02-21,-0.0098578730
1973-02-22,-0.0040058730
1973-02-23,-0.0143798730
1973-02-26,-0.0117198730
1973-02-27,-0.0153108730
1973-02-28,0.0082301270
1973-03-01,-0.0089268730
1973-03-02,0.0111561270
1973-03-05,0.0049051270
1973-03-06,0.0167421270
1973-03-07,0.0049051270
1973-03-08,-0.0028088730
1973-03-09,-0.0048038730
1973-03-12,-0.0002818730
1973-03-13,0.0055701270
1973-03-14,0.0034421270
1973-03-15,-0.0094588730
1973-03-16,-0.0069318730
1973-03-19,-0.0163748730
1973-03-20,-0.0044048730
1973-03-21,-0.0171728730
1973-03-22,-0.0223598730
1973-03-23,-0.0000158730
1973-03-26,0.0099591270
1973-03-27,0.0190031270
1973-03-28,0.0003553281
1973-03-29,0.0126773736
1973-03-30,-0.0116773400
1973-04-02,-0.0000158730
1973-04-03,-0.0000158730
1973-04-04,-0.0000158730
1973-04-05,-0.0000158730
1973-04-06,-0.0000158730
1973-04-09,-0.0000158730
1973-04-10,-0.0000158730
1973-04-11,-0.0000158730
1973-04-12,-0.0000158730
1973-04-13,-0.0000158730
1973-04-16,-0.0000158730
1973-04-17,-0.0000158730
1973-04-18,-0.0000158730
1973-04-19,-0.0000158730
1973-04-23,-0.0000158730
1973-04-24,-0.0000158730
1973-04-25,-0.0000158730
1973-04-26,-0.0000158730
1973-04-27,-0.0000158730
1973-04-30,-0.0000158730
1973-05-01,-0.0000158730
1973-05-02,-0.0000158730
1973-05-03,-0.0000158730
1973-05-04,-0.0000158730
1973-05-07,-0.0000158730
1973-05-08,-0.0000158730
1973-05-09,-0.0000158730
1973-05-10,-0.0000158730
1973-05-11,-0.0000158730
1973-05-14,-0.0000158730
1973-05-15,-0.0000158730
1973-05-16,-0.0000158730
1973-05-17,-0.0000158730
1973-05-18,-0.0000158730
1973-05-21,-0.0000158730
1973-05-22,-0.0000158730
1973-05-23,-0.0000158730
1973-05-24,-0.0000158730
1973-05-25,-0.0000158730
1973-05-29,-0.0000158730
1973-05-30,-0.0000158730
1973-05-31,-0.0000158730
1973-06-01,-0.0000158730
1973-06-04,-0.0000158730
1973-06-05,-0.0000158730
1973-06-06,-0.0000158730
1973-06-07,-0.0000158730
1973-06-08,-0.0000158730
1973-06-11,-0.0000158730
1973-06-12,-0.0000158730
1973-06-13,-0.0000158730
1973-06-14,-0.0000158730
1973-06-15,-0.0000158730
1973-06-18,-0.0000158730
1973-06-19,-0.0000158730
1973-06-20,-0.0000158730
1973-06-21,-0.0000158730
1973-06-22,-0.0000158730
1973-06-25,-0.0000158730
1973-06-26,-0.0000158730
1973-06-27,-0.0000158730
1973-06-28,-0.0000158730
1973-06-29,-0.0000158730
1973-07-02,-0.0000158730
1973-07-03,-0.0000158730
1973-07-05,-0.0000158730
1973-07-06,-0.0000158730
1973-07-09,-0.0000158730
1973-07-10,-0.0000158730
1973-07-11,-0.0000158730
1973-07-12,-0.0000158730
1973-07-13,-0.0000158730
1973-07-16,-0.0000158730
1973-07-17,-0.0000158730
1973-07-18,-0.0000158730
1973-07-19,-0.0000158730
1973-07-20,-0.0000158730
1973-07-23,-0.0000158730
1973-07-24,-0.0000158730
1973-07-25,-0.0000158730
1973-07-26,-0.0000158730
1973-07-27,-0.0000158730
1973-07-30,-0.0000158730
1973-07-31,-0.0000158730
1973-08-01,-0.0000158730
1973-08-02,-0.0000158730
1973-08-03,-0.0000158730
1973-08-06,-0.0000158730
1973-08-07,-0.0000158730
1973-08-08,-0.0000158730
1973-08-09,-0.0000158730
1973-08-10,-0.0000158730
1973-08-13,-0.0000158730
1973-08-14,-0.0000158730
1973-08-15,-0.0000158730
1973-08-16,-0.0000158730
1973-08-17,-0.0000158730
1973-08-20,-0.0000158730
1973-08-21,-0.0000158730
1973-08-22,-0.0000158730
1973-08-23,-0.0000158730
1973-08-24,-0.0000158730
1973-08-27,-0.0000158730
1973-08-28,-0.0000158730
1973-08-29,-0.0000158730
1973-08-30,-0.0000158730
1973-08-31,-0.0000158730
1973-09-04,-0.0000158730
1973-09-05,-0.0000158730
1973-09-06,-0.0000158730
1973-09-07,-0.0000158730
1973-09-10,-0.0000158730
1973-09-11,-0.0000158730
1973-09-12,-0.0000158730
1973-09-13,-0.0000158730
1973-09-14,-0.0000158730
1973-09-17,-0.0000158730
1973-09-18,-0.0000158730
1973-09-19,-0.0000158730
1973-09-20,-0.0000158730
1973-09-21,-0.0000158730
1973-09-24,-0.0000158730
1973-09-25,-0.0000158730
1973-09-26,-0.0000158730
1973-09-27,-0.0000158730
1973-09-28,-0.0000158730
1973-10-01,-0.0000158730
1973-10-02,-0.0000158730
1973-10-03,-0.0000158730
1973-10-04,-0.0000158730
1973-10-05,-0.0000158730
1973-10-08,-0.0000158730
1973-10-09,-0.0000158730
1973-10-10,-0.0000158730
1973-10-11,-0.0000158730
1973-10-12,-0.0000158730
1973-10-15,-0.0000158730
1973-10-16,-0.0000158730
1973-10-17,-0.0000158730
1973-10-18,-0.0000158730
1973-10-19,-0.0000158730
1973-10-22,-0.0000158730
1973-10-23,-0.0000158730
1973-10-24,-0.0000158730
1973-10-25,-0.0000158730
1973-10-26,-0.0000158730
1973-10-29,-0.0000158730
1973-10-30,-0.0000158730
1973-10-31,-0.0000158730
1973-11-01,-0.0000158730
1973-11-02,-0.0000158730
1973-11-05,-0.0000158730
1973-11-06,-0.0000158730
1973-11-07,-0.0000158730
1973-11-08,-0.0000158730
1973-11-09,-0.0000158730
1973-11-12,-0.0000158730
1973-11-13,-0.0000158730
1973-11-14,-0.0000158730
1973-11-15,-0.0000158730
1973-11-16,-0.0000158730
1973-11-19,-0.0000158730
1973-11-20,-0.0000158730
1973-11-21,-0.0000158730
1973-11-23,-0.0000158730
1973-11-26,-0.0000158730
1973-11-27,-0.0000158730
1973-11-28,-0.0000158730
1973-11-29,-0.0000158730
1973-11-30,-0.0000158730
1973-12-03,-0.0000158730
1973-12-04,-0.0000158730
1973-12-05,-0.0000158730
1973-12-06,-0.0000158730
1973-12-07,-0.0000158730
1973-12-10,-0.0000158730
1973-12-11,-0.0000158730
1973-12-12,-0.0000158730
1973-12-13,-0.0000158730
1973-12-14,-0.0000158730
1973-12-17,-0.0000158730
1973-12-18,-0.0000158730
1973-12-19,-0.0000158730
1973-12-20,-0.0000158730
1973-12-21,-0.0000158730
1973-12-24,-0.0000158730
1973-12-26,-0.0000158730
1973-12-27,-0.0000158730
1973-12-28,-0.0000158730
1973-12-31,-0.0000158730
1974-01-02,-0.0000158730
1974-01-03,-0.0000158730
1974-01-04,-0.0000158730
1974-01-07,-0.0000158730
1974-01-08,-0.0000158730
1974-01-09,-0.0000158730
1974-01-10,-0.0000158730
1974-01-11,-0.0000158730
1974-01-14,-0.0000158730
1974-01-15,-0.0000158730
1974-01-16,-0.0000158730
1974-01-17,-0.0000158730
1974-01-18,-0.0000158730
1974-01-21,-0.0000158730
1974-01-22,-0.0000158730
1974-01-23,-0.0000158730
1974-01-24,-0.0000158730
1974-01-25,-0.0000158730
1974-01-28,-0.0000158730
1974-01-29,-0.0000158730
1974-01-30,-0.0000158730
1974-01-31,-0.0000158730
1974-02-01,-0.0000158730
1974-02-04,-0.0000158730
1974-02-05,-0.0000158730
1974-02-06,-0.0000158730
1974-02-07,-0.0000158730
1974-02-08,-0.0000158730
1974-02-11,-0.0000158730
1974-02-12,-0.0000158730
1974-02-13,-0.0000158730
1974-02-14,-0.0000158730
1974-02-15,-0.0000158730
1974-02-19,-0.0000158730
1974-02-20,-0.0000158730
1974-02-21,-0.0000158730
1974-02-22,-0.0000158730
1974-02-25,-0.0000158730
1974-02-26,-0.0000158730
1974-02-27,-0.0000158730
1974-02-28,-0.0000158730
1974-03-01,-0.0000158730
1974-03-04,-0.0000158730
1974-03-05,-0.0000158730
1974-03-06,-0.0000158730
1974-03-07,-0.0000158730
1974-03-08,-0.0000158730
1974-03-11,-0.0000158730
1974-03-12,-0.0000158730
1974-03-13,-0.0000158730
1974-03-14,-0.0000158730
1974-03-15,-0.0000158730
1974-03-18,-0.0000158730
1974-03-19,-0.0000158730
1974-03-20,-0.0000158730
1974-03-21,-0.0000158730
1974-03-22,-0.0000158730
1974-03-25,-0.0000158730
1974-03-26,-0.0000158730
1974-03-27,-0.0000158730
1974-03-28,-0.0000158730
1974-03-29,-0.0000158730
1974-04-01,-0.0000158730
1974-04-02,-0.0000158730
1974-04-03,-0.0000158730
1974-04-04,-0.0000158730
1974-04-05,-0.0000158730
1974-04-08,-0.0000158730
1974-04-09,-0.0000158730
1974-04-10,-0.0000158730
1974-04-11,-0.0000158730
1974-04-15,-0.0000158730
1974-04-16,-0.0000158730
1974-04-17,-0.0000158730
1974-04-18,-0.0000158730
1974-04-19,-0.0000158730
1974-04-22,-0.0000158730
1974-04-23,-0.0000158730
1974-04-24,-0.0000158730
1974-04-25,-0.0000158730
1974-04-26,-0.0000158730
1974-04-29,-0.0000158730
1974-04-30,-0.0000158730
1974-05-01,-0.0000158730
1974-05-02,-0.0000158730
1974-05-03,-0.0000158730
1974-05-06,-0.0000158730
1974-05-07,-0.0000158730
1974-05-08,-0.0000158730
1974-05-09,-0.0000158730
1974-05-10,-0.0000158730
1974-05-13,-0.0000158730
1974-05-14,-0.0000158730
1974-05-15,-0.0000158730
1974-05-16,-0.0000158730
1974-05-17,-0.0000158730
1974-05-20,-0.0000158730
1974-05-21,-0.0000158730
1974-05-22,-0.0000158730
1974-05-23,-0.0000158730
1974-05-24,-0.0000158730
1974-05-28,-0.0000158730
1974-05-29,-0.0000158730
1974-05-30,-0.0000158730
1974-05-31,-0.0000158730
1974-06-03,-0.0000158730
1974-06-04,-0.0000158730
1974-06-05,-0.0000158730
1974-06-06,-0.0000158730
1974-06-07,-0.0000158730
1974-06-10,-0.0000158730
1974-06-11,-0.0000158730
1974-06-12,-0.0000158730
1974-06-13,-0.0000158730
1974-06-14,-0.0000158730
1974-06-17,-0.0000158730
1974-06-18,-0.0000158730
1974-06-19,-0.0000158730
1974-06-20,-0.0000158730
1974-06-21,-0.0000158730
1974-06-24,-0.0000158730
1974-06-25,-0.0000158730
1974-06-26,-0.0000158730
1974-06-27,-0.0000158730
1974-06-28,-0.0000158730
1974-07-01,-0.0000158730
1974-07-02,-0.0000158730
1974-07-03,-0.0000158730
1974-07-05,-0.0000158730
1974-07-08,-0.0000158730
1974-07-09,-0.0000158730
1974-07-10,-0.0000158730
1974-07-11,-0.0000158730
1974-07-12,-0.0000158730
1974-07-15,-0.0000158730
1974-07-16,-0.0000158730
1974-07-17,-0.0000158730
1974-07-18,-0.0000158730
1974-07-19,-0.0000158730
1974-07-22,-0.0000158730
1974-07-23,-0.0000158730
1974-07-24,-0.0000158730
1974-07-25,-0.0000158730
1974-07-26,-0.0000158730
1974-07-29,-0.0000158730
1974-07-30,-0.0000158730
1974-07-31,-0.0000158730
1974-08-01,-0.0000158730
1974-08-02,-0.0000158730
1974-08-05,-0.0000158730
1974-08-06,-0.0000158730
1974-08-07,-0.0000158730
1974-08-08,-0.0000158730
1974-08-09,-0.0000158730
1974-08-12,-0.0000158730
1974-08-13,-0.0000158730
1974-08-14,-0.0000158730
1974-08-15,-0.0000158730
1974-08-16,-0.0000158730
1974-08-19,-0.0000158730
1974-08-20,-0.0000158730
1974-08-21,-0.0000158730
1974-08-22,-0.0000158730
1974-08-23,-0.0000158730
1974-08-26,-0.0000158730
1974-08-27,-0.0000158730
1974-08-28,-0.0000158730
1974-08-29,-0.0000158730
1974-08-30,-0.0000158730
1974-09-03,-0.0000158730
1974-09-04,-0.0000158730
1974-09-05,-0.0000158730
1974-09-06,-0.0000158730
1974-09-09,-0.0000158730
1974-09-10,-0.0000158730
1974-09-11,-0.0000158730
1974-09-12,-0.0000158730
1974-09-13,-0.0000158730
1974-09-16,-0.0000158730
1974-09-17,-0.0000158730
1974-09-18,-0.0000158730
1974-09-19,-0.0000158730
1974-09-20,-0.0000158730
1974-09-23,-0.0000158730
1974-09-24,-0.0000158730
1974-09-25,-0.0000158730
1974-09-26,-0.0000158730
1974-09-27,-0.0000158730
1974-09-30,-0.0000158730
1974-10-01,-0.0000158730
1974-10-02,-0.0000158730
1974-10-03,-0.0000158730
1974-10-04,-0.0000158730
1974-10-07,-0.0000158730
1974-10-08,-0.0000158730
1974-10-09,-0.0000158730
1974-10-10,-0.0000158730
1974-10-11,-0.0000158730
1974-10-14,-0.0000158730
1974-10-15,-0.0000158730
1974-10-16,-0.0000158730
1974-10-17,-0.0000158730
1974-10-18,-0.0000158730
1974-10-21,-0.0000158730
1974-10-22,-0.0000158730
1974-10-23,-0.0000158730
1974-10-24,-0.0000158730
1974-10-25,-0.0000158730
1974-10-28,-0.0000158730
1974-10-29,-0.0000158730
1974-10-30,-0.0000158730
1974-10-31,-0.0000158730
1974-11-01,-0.0000158730
1974-11-04,-0.0000158730
1974-11-05,-0.0000158730
1974-11-06,-0.0000158730
1974-11-07,-0.0000158730
1974-11-08,-0.0000158730
1974-11-11,-0.0000158730
1974-11-12,-0.0000158730
1974-11-13,-0.0000158730
1974-11-14,-0.0000158730
1974-11-15,-0.0000158730
1974-11-18,-0.0000158730
1974-11-19,-0.0000158730
1974-11-20,-0.0000158730
1974-11-21,-0.0000158730
1974-11-22,-0.0000158730
1974-11-25,-0.0000158730
1974-11-26,-0.0000158730
1974-11-27,-0.0000158730
1974-11-29,-0.0000158730
1974-12-02,-0.0000158730
1974-12-03,-0.0000158730
1974-12-04,-0.0000158730
1974-12-05,-0.0000158730
1974-12-06,-0.0000158730
1974-12-09,-0.0000158730
1974-12-10,-0.0000158730
1974-12-11,-0.0000158730
1974-12-12,-0.0000158730
1974-12-13,-0.0000158730
1974-12-16,-0.0000158730
1974-12-17,-0.0000158730
1974-12-18,-0.0000158730
1974-12-19,-0.0000158730
1974-12-20,-0.0000158730
1974-12-23,-0.0000158730
1974-12-24,-0.0000158730
1974-12-26,-0.0000158730
1974-12-27,-0.0000158730
1974-12-30,-0.0000158730
1974-12-31,-0.0000158730
1975-01-02,-0.0000158730
1975-01-03,-0.0000158730
1975-01-06,-0.0000158730
1975-01-07,-0.0000158730
1975-01-08,-0.0000158730
1975-01-09,-0.0000158730
1975-01-10,-0.0000158730
1975-01-13,-0.0000158730
1975-01-14,-0.0000158730
1975-01-15,-0.0000158730
1975-01-16,-0.0000158730
1975-01-17,-0.0000158730
1975-01-20,-0.0000158730
1975-01-21,-0.0000158730
1975-01-22,-0.0000158730
1975-01-23,-0.0000158730
1975-01-24,-0.0000158730
1975-01-27,-0.0000158730
1975-01-28,-0.0000158730
1975-01-29,-0.0000158730
1975-01-30,-0.0000158730
1975-01-31,-0.0000158730
1975-02-03,-0.0000158730
1975-02-04,-0.0000158730
1975-02-05,-0.0000158730
1975-02-06,-0.0000158730
1975-02-07,-0.0000158730
1975-02-10,-0.0000158730
1975-02-11,-0.0000158730
1975-02-12,-0.0000158730
1975-02-13,-0.0000158730
1975-02-14,-0.0000158730
1975-02-18,-0.0000158730
1975-02-19,-0.0000158730
1975-02-20,-0.0000158730
1975-02-21,-0.0000158730
1975-02-24,-0.0000158730
1975-02-25,-0.0000158730
1975-02-26,-0.0000158730
1975-02-27,-0.0000158730
1975-02-28,-0.0000158730
1975-03-03,-0.0000158730
1975-03-04,-0.0000158730
1975-03-05,-0.0000158730
1975-03-06,-0.0000158730
1975-03-07,-0.0000158730
1975-03-10,-0.0000158730
1975-03-11,-0.0000158730
1975-03-12,-0.0000158730
1975-03-13,-0.0000158730
1975-03-14,-0.0000158730
1975-03-17,-0.0000158730
1975-03-18,-0.0000158730
1975-03-19,-0.0000158730
1975-03-20,-0.0000158730
1975-03-21,-0.0000158730
1975-03-24,-0.0000158730
1975-03-25,-0.0000158730
1975-03-26,-0.0000158730
1975-03-27,-0.0000158730
1975-03-31,-0.0000158730
1975-04-01,-0.0083530435
1975-04-02,-0.0024276598
1975-04-03,-0.0113175867
1975-04-04,-0.0065257482
1975-04-07,-0.0078071280
1975-04-08,0.0068648262
1975-04-09,0.0240862076
1975-04-10,0.0105534276
1975-04-11,0.0060655631
1975-04-14,0.0168907757
1975-04-15,0.0069827344
1975-04-16,0.0042971789
1975-04-17,0.0084462044
1975-04-18,-0.0108725387
1975-04-21,0.0125921862
1975-04-22,-0.0032150708
1975-04-23,-0.0126977280
1975-04-24,-0.0002502969
1975-04-25,0.0085712990
1975-04-28,-0.0048215991
1975-04-29,-0.0100325735
1975-04-30,0.0214082446
1975-05-01,0.0102042876
1975-05-02,0.0150999715
1975-05-05,0.0117839429
1975-05-06,-0.0160121808
1975-05-07,0.0053327182
1975-05-08,0.0086738456
1975-05-09,0.0141829944
1975-05-12,0.0006075715
1975-05-13,0.0105021679
1975-05-14,0.0098261270
1975-05-15,-0.0101238730
1975-05-16,-0.0125178730
1975-05-19,0.0008762130
1975-05-20,-0.0054688730
1975-05-21,-0.0150448730
1975-05-22,0.0050402175
1975-05-23,0.0171411270
1975-05-27,-0.0013050611
1975-05-28,-0.0087938730
1975-05-29,0.0001171270
1975-05-30,0.0215301270
1975-06-02,0.0181206103
1975-06-03,0.0040599699
1975-06-04,-0.0024759117
1975-06-05,0.0014471270
1975-06-06,-0.0014788730
1975-06-09,-0.0165078730
1975-06-10,-0.0110952716
1975-06-11,0.0015586069
1975-06-12,-0.0067988730
1975-06-13,0.0063681270
1975-06-16,0.0127521270
1975-06-17,-0.0111878730
1975-06-18,-0.0026758730
1975-06-19,0.0236581270
1975-06-20,0.0085326401
1975-06-23,0.0139984008
1975-06-24,0.0084371018
1975-06-25,0.0055701270
1975-06-26,0.0029101270
1975-06-27,0.0002501270
1975-06-30,0.0062351270
1975-07-01,-0.0054688730
1975-07-02,-0.0105228730
1975-07-03,0.0046391270
1975-07-07,-0.0109218730
1975-07-08,-0.0024098730
1975-07-09,0.0202001270
1975-07-10,0.0007821270
1975-07-11,-0.0002818730
1975-07-14,0.0072991270
1975-07-15,0.0059691270
1975-07-16,-0.0131828730
1975-07-17,-0.0119858730
1975-07-18,-0.0046708730
1975-07-21,-0.0095918730
1975-07-22,-0.0151778730
1975-07-23,-0.0194338730
1975-07-24,-0.0048038730
1975-07-25,-0.0109218730
1975-07-28,-0.0098578730
1975-07-29,-0.0086608730
1975-07-30,0.0091611270
1975-07-31,-0.0001488730
1975-08-01,-0.0130498730
1975-08-04,-0.0130498730
1975-08-05,-0.0150448730
1975-08-06,-0.0001488730
1975-08-07,-0.0006808730
1975-08-08,-0.0046708730
1975-08-11,0.0062351270
1975-08-12,0.0086291270
1975-08-13,-0.0162418730
1975-08-14,-0.0077298730
1975-08-15,0.0098261270
1975-08-18,-0.0029418730
1975-08-19,-0.0208968730
1975-08-20,-0.0270148730
1975-08-21,-0.0015590711
1975-08-22,0.0184711270
1975-08-25,0.0110163904
1975-08-26,-0.0133807280
1975-08-27,0.0054393611
1975-08-28,0.0262024275
1975-08-29,0.0069077184
1975-09-02,-0.0154832441
1975-09-03,0.0044637185
1975-09-04,0.0015669499
1975-09-05,-0.0066443938
1975-09-08,0.0015883246
1975-09-09,-0.0152323344
1975-09-10,-0.0127762415
1975-09-11,-0.0042929996
1975-09-12,-0.0027730696
1975-09-15,-0.0066393366
1975-09-16,-0.0119592870
1975-09-17,0.0024282889
1975-09-18,0.0242309723
1975-09-19,0.0244791310
1975-09-22,-0.0079979047
1975-09-23,-0.0014684457
1975-09-24,0.0096191620
1975-09-25,-0.0018681090
1975-09-26,0.0054705984
1975-09-29,-0.0138832066
1975-09-30,-0.0154421801
1975-10-01,-0.0122348300
1975-10-02,0.0094201774
1975-10-03,0.0251751600
1975-10-06,0.0091865987
1975-10-07,-0.0014003472
1975-10-08,0.0116514884
1975-10-09,0.0043702940
1975-10-10,-0.0010362465
1975-10-13,0.0142446194
1975-10-14,-0.0004411803
1975-10-15,-0.0007916324
1975-10-16,0.0019470602
1975-10-17,-0.0072751973
1975-10-20,0.0114626772
1975-10-21,0.0096689361
1975-10-22,0.0022907066
1975-10-23,0.0065011270
1975-10-24,-0.0177048730
1975-10-27,-0.0013905654
1975-10-28,0.0100310604
1975-10-29,-0.0178378730
1975-10-30,-0.0022199865
1975-10-31,-0.0033436364
1975-11-03,-0.0125178730
1975-11-04,0.0054150473
1975-11-05,0.0110231270
1975-11-06,0.0057031270
1975-11-07,-0.0021438730
1975-11-10,-0.0000158730
1975-11-11,0.0079641270
1975-11-12,0.0195351270
1975-11-13,-0.0006808730
1975-11-14,-0.0016118730
1975-11-17,0.0065011270
1975-11-18,-0.0069318730
1975-11-19,-0.0145128730
1975-11-20,-0.0054688730
1975-11-21,-0.0008138730
1975-11-24,0.0037081270
1975-11-25,0.0123531270
1975-11-26,0.0039741270
1975-11-28,0.0035751270
1975-12-01,-0.0078628730
1975-12-02,-0.0206308730
1975-12-03,-0.0275468730
1975-12-04,0.0015502780
1975-12-05,-0.0134175370
1975-12-08,0.0017522999
1975-12-09,0.0011620443
1975-12-10,0.0119541270
1975-12-11,-0.0033075486
1975-12-12,-0.0010798730
1975-12-15,0.0026441270
1975-12-16,0.0124861270
1975-12-17,0.0038411270
1975-12-18,0.0046391270
1975-12-19,-0.0086608730
1975-12-22,-0.0097248730
1975-12-23,0.0078311270
1975-12-24,0.0108901270
1975-12-26,0.0119541270
1975-12-29,-0.0021438730
1975-12-30,-0.0049368730
1975-12-31,0.0082301270
1976-01-02,0.0104911270
1976-01-05,0.0236581270
1976-01-06,0.0158111270
1976-01-07,0.0070331270
1976-01-08,0.0090281270
1976-01-09,0.0057031270
1976-01-12,0.0172741270
1976-01-13,-0.0095918730
1976-01-14,0.0209981270
1976-01-15,-0.0060008730
1976-01-16,0.0058361270
1976-01-19,0.0160771270
1976-01-20,0.0065011270
1976-01-21,-0.0065328730
1976-01-22,-0.0025428730
1976-01-23,0.0152791270
1976-01-26,0.0054371270
1976-01-27,-0.0070648730
1976-01-28,-0.0061338730
1976-01-29,0.0221951270
1976-01-30,0.0096931270
1976-02-02,0.0018461270
1976-02-03,0.0055701270
1976-02-04,0.0115551270
1976-02-05,-0.0174388730
1976-02-06,-0.0113208730
1976-02-09,0.0034945506
1976-02-10,0.0104911270
1976-02-11,0.0057031270
1976-02-12,-0.0048038730
1976-02-13,-0.0054688730
1976-02-17,-0.0069318730
1976-02-18,0.0104911270
1976-02-19,0.0211311270
1976-02-20,0.0088951270
1976-02-23,-0.0040058730
1976-02-24,0.0065011270
1976-02-25,-0.0021438730
1976-02-26,-0.0196998730
1976-02-27,-0.0090598730
1976-03-01,0.0042401270
1976-03-02,0.0076981270
1976-03-03,-0.0074638730
1976-03-04,-0.0127838730
1976-03-05,0.0015801270
1976-03-08,0.0134171270
1976-03-09,0.0035751270
1976-03-10,0.0046391270
1976-03-11,0.0110231270
1976-03-12,-0.0115868730
1976-03-15,-0.0149118730
1976-03-16,0.0130181270
1976-03-17,-0.0004148730
1976-03-18,-0.0054688730
1976-03-19,0.0013141270
1976-03-22,0.0007821270
1976-03-23,0.0172741270
1976-03-24,0.0136831270
1976-03-25,-0.0073308730
1976-03-26,0.0013141270
1976-03-29,-0.0053358730
1976-03-30,-0.0057348730
1976-03-31,0.0082301270
1976-04-01,-0.0057348730
1976-04-02,0.0003831270
1976-04-05,0.0152791270
1976-04-06,-0.0012128730
1976-04-07,-0.0157098730
1976-04-08,-0.0130498730
1976-04-09,-0.0138478730
1976-04-12,-0.0026758730
1976-04-13,0.0086291270
1976-04-14,-0.0082618730
1976-04-15,0.0043731270
1976-04-19,0.0090281270
1976-04-20,0.0192691270
1976-04-21,0.0047721270
1976-04-22,-0.0026758730
1976-04-23,-0.0087938730
1976-04-26,0.0009151270
1976-04-27,-0.0069318730
1976-04-28,0.0022451270
1976-04-29,-0.0004148730
1976-04-30,-0.0053358730
1976-05-03,-0.0110548730
1976-05-04,0.0074321270
1976-05-05,-0.0060008730
1976-05-06,0.0038411270
1976-05-07,0.0100921270
1976-05-10,0.0162101270
1976-05-11,-0.0012128730
1976-05-12,-0.0022768730
1976-05-13,-0.0074638730
1976-05-14,-0.0101238730
1976-05-17,-0.0037398730
1976-05-18,0.0014471270
1976-05-19,-0.0006808730
1976-05-20,0.0083631270
1976-05-21,-0.0071978730
1976-05-24,-0.0220938730
1976-05-25,-0.0010798730
1976-05-26,-0.0008138730
1976-05-27,-0.0013458730
1976-05-28,0.0098261270
1976-06-01,-0.0037398730
1976-06-02,0.0038411270
1976-06-03,-0.0008138730
1976-06-04,-0.0117198730
1976-06-07,-0.0069318730
1976-06-08,0.0018461270
1976-06-09,-0.0008138730
1976-06-10,0.0102251270
1976-06-11,0.0155451270
1976-06-14,0.0131511270
1976-06-15,-0.0056018730
1976-06-16,0.0072991270
1976-06-17,0.0190031270
1976-06-18,0.0023781270
1976-06-21,0.0051711270
1976-06-22,-0.0093258730
1976-06-23,-0.0029418730
1976-06-24,0.0078311270
1976-06-25,0.0001171270
1976-06-28,-0.0032078730
1976-06-29,0.0049051270
1976-06-30,0.0061021270
1976-07-01,-0.0089268730
1976-07-02,0.0062351270
1976-07-06,-0.0061338730
1976-07-07,0.0033091270
1976-07-08,0.0019791270
1976-07-09,0.0114221270
1976-07-12,0.0100921270
1976-07-13,-0.0028088730
1976-07-14,0.0033091270
1976-07-15,-0.0079958730
1976-07-16,-0.0063998730
1976-07-19,-0.0041388730
1976-07-20,-0.0083948730
1976-07-21,0.0007821270
1976-07-22,0.0015801270
1976-07-23,0.0015801270
1976-07-26,-0.0010798730
1976-07-27,-0.0066658730
1976-07-28,-0.0053358730
1976-07-29,-0.0021438730
1976-07-30,0.0053041270
1976-08-02,-0.0020108730
1976-08-03,0.0118211270
1976-08-04,0.0029101270
1976-08-05,-0.0057348730
1976-08-06,-0.0004148730
1976-08-09,-0.0030748730
1976-08-10,0.0102251270
1976-08-11,-0.0032078730
1976-08-12,0.0009151270
1976-08-13,0.0006491270
1976-08-16,0.0021121270
1976-08-17,0.0039741270
1976-08-18,-0.0026758730
1976-08-19,-0.0155768730
1976-08-20,-0.0121188730
1976-08-23,-0.0057348730
1976-08-24,-0.0082618730
1976-08-25,0.0099591270
1976-08-26,-0.0083948730
1976-08-27,0.0011811270
1976-08-30,0.0070331270
1976-08-31,0.0091611270
1976-09-01,0.0135501270
1976-09-02,-0.0005478730
1976-09-03,0.0049051270
1976-09-07,0.0082301270
1976-09-08,-0.0014788730
1976-09-09,-0.0060008730
1976-09-10,0.0031761270
1976-09-13,-0.0038728730
1976-09-14,-0.0040058730
1976-09-15,0.0026441270
1976-09-16,0.0116881270
1976-09-17,0.0115551270
1976-09-20,0.0013141270
1976-09-21,0.0163431270
1976-09-22,-0.0038728730
1976-09-23,-0.0061338730
1976-09-24,-0.0012128730
1976-09-27,0.0047721270
1976-09-28,-0.0149118730
1976-09-29,-0.0069318730
1976-09-30,-0.0017448730
1976-10-01,-0.0122518730
1976-10-04,-0.0020108730
1976-10-05,-0.0097248730
1976-10-06,-0.0057348730
1976-10-07,0.0076981270
1976-10-08,-0.0111878730
1976-10-11,-0.0123848730
1976-10-12,-0.0103898730
1976-10-13,0.0144811270
1976-10-14,-0.0153108730
1976-10-15,0.0013141270
1976-10-18,0.0072991270
1976-10-19,-0.0006808730
1976-10-20,0.0030431270
1976-10-21,-0.0109218730
1976-10-22,-0.0099908730
1976-10-25,0.0011811270
1976-10-26,0.0115551270
1976-10-27,0.0074321270
1976-10-28,-0.0013458730
1976-10-29,0.0158111270
1976-11-01,0.0030431270
1976-11-03,-0.0155768730
1976-11-04,0.0102251270
1976-11-05,-0.0159758730
1976-11-08,-0.0150448730
1976-11-09,-0.0045378730
1976-11-10,-0.0062668730
1976-11-11,0.0094271270
1976-11-12,-0.0042718730
1976-11-15,0.0069001270
1976-11-16,0.0034421270
1976-11-17,0.0083631270
1976-11-18,0.0164761270
1976-11-19,0.0018461270
1976-11-22,0.0083631270
1976-11-23,-0.0054688730
1976-11-24,0.0069001270
1976-11-26,0.0092941270
1976-11-29,-0.0075968730
1976-11-30,-0.0042718730
1976-12-01,0.0057031270
1976-12-02,-0.0038728730
1976-12-03,0.0072991270
1976-12-06,0.0103581270
1976-12-07,0.0003831270
1976-12-08,0.0070331270
1976-12-09,0.0075651270
1976-12-10,0.0029101270
1976-12-13,0.0009151270
1976-12-14,0.0053041270
1976-12-15,0.0007821270
1976-12-16,-0.0037398730
1976-12-17,-0.0057348730
1976-12-20,-0.0073308730
1976-12-21,0.0058361270
1976-12-22,0.0061021270
1976-12-23,0.0006491270
1976-12-27,0.0142151270
1976-12-28,0.0082301270
1976-12-29,-0.0042718730
1976-12-30,0.0070331270
1976-12-31,0.0076981270
1977-01-03,-0.0042718730
1977-01-04,-0.0130498730
1977-01-05,-0.0098578730
1977-01-06,0.0023781270
1977-01-07,0.0011811270
1977-01-10,0.0015801270
1977-01-11,-0.0123848730
1977-01-12,-0.0090598730
1977-01-13,0.0108901270
1977-01-14,-0.0002818730
1977-01-17,-0.0028088730
1977-01-18,-0.0038728730
1977-01-19,0.0066341270
1977-01-20,-0.0098578730
1977-01-21,0.0047721270
1977-01-24,0.0001171270
1977-01-25,-0.0005478730
1977-01-26,-0.0087938730
1977-01-27,-0.0077298730
1977-01-28,0.0003831270
1977-01-31,-0.0001488730
1977-02-01,0.0066341270
1977-02-02,-0.0014788730
1977-02-03,-0.0052028730
1977-02-04,0.0021121270
1977-02-07,0.0007821270
1977-02-08,-0.0033408730
1977-02-09,-0.0111878730
1977-02-10,0.0013141270
1977-02-11,-0.0070648730
1977-02-14,0.0057031270
1977-02-15,0.0038411270
1977-02-16,0.0050381270
1977-02-17,-0.0069318730
1977-02-18,-0.0038728730
1977-02-22,-0.0004148730
1977-02-23,-0.0040058730
1977-02-24,-0.0082618730
1977-02-25,-0.0022768730
1977-02-28,0.0026441270
1977-03-01,0.0112891270
1977-03-02,-0.0029418730
1977-03-03,0.0058361270
1977-03-04,0.0046391270
1977-03-07,0.0015801270
1977-03-08,-0.0045378730
1977-03-09,-0.0093258730
1977-03-10,0.0063681270
1977-03-11,0.0009151270
1977-03-14,0.0083631270
1977-03-15,0.0058361270
1977-03-16,0.0025111270
1977-03-17,-0.0012128730
1977-03-18,-0.0029418730
1977-03-21,-0.0060008730
1977-03-22,-0.0029418730
1977-03-23,-0.0103898730
1977-03-24,-0.0062668730
1977-03-25,-0.0078628730
1977-03-28,-0.0020108730
1977-03-29,0.0072991270
1977-03-30,-0.0145128730
1977-03-31,-0.0018778730
1977-04-01,0.0099591270
1977-04-04,-0.0118528730
1977-04-05,-0.0037398730
1977-04-06,-0.0009468730
1977-04-07,0.0041071270
1977-04-11,0.0065011270
1977-04-12,0.0159441270
1977-04-13,0.0003831270
1977-04-14,0.0111561270
1977-04-15,0.0005161270
1977-04-18,-0.0053358730
1977-04-19,-0.0044048730
1977-04-20,0.0045061270
1977-04-21,-0.0086608730
1977-04-22,-0.0159758730
1977-04-25,-0.0166408730
1977-04-26,-0.0008138730
1977-04-27,0.0112891270
1977-04-28,0.0026441270
1977-04-29,0.0033091270
1977-05-02,0.0070331270
1977-05-03,0.0062351270
1977-05-04,0.0075651270
1977-05-05,0.0035751270
1977-05-06,-0.0054688730
1977-05-09,-0.0028088730
1977-05-10,0.0039741270
1977-05-11,-0.0073308730
1977-05-12,-0.0004148730
1977-05-13,0.0042401270
1977-05-16,0.0053041270
1977-05-17,0.0033091270
1977-05-18,0.0065011270
1977-05-19,-0.0044048730
1977-05-20,-0.0049368730
1977-05-23,-0.0150448730
1977-05-24,-0.0062668730
1977-05-25,-0.0109218730
1977-05-26,0.0021121270
1977-05-27,-0.0086608730
1977-05-31,-0.0032078730
1977-06-01,0.0098261270
1977-06-02,-0.0018778730
1977-06-03,0.0115551270
1977-06-06,-0.0052028730
1977-06-07,0.0058361270
1977-06-08,0.0067671270
1977-06-09,-0.0004148730
1977-06-10,0.0038411270
1977-06-13,0.0042401270
1977-06-14,0.0131511270
1977-06-15,-0.0026758730
1977-06-16,0.0038411270
1977-06-17,0.0019791270
1977-06-20,0.0057031270
1977-06-21,0.0042401270
1977-06-22,-0.0025428730
1977-06-23,0.0029101270
1977-06-24,0.0074321270
1977-06-27,-0.0013458730
1977-06-28,-0.0095918730
1977-06-29,-0.0009468730
1977-06-30,0.0046391270
1977-07-01,-0.0034738730
1977-07-05,0.0001171270
1977-07-06,-0.0060008730
1977-07-07,0.0041071270
1977-07-08,-0.0001488730
1977-07-11,-0.0034738730
1977-07-12,-0.0013458730
1977-07-13,0.0021121270
1977-07-15,0.0079641270
1977-07-18,0.0082301270
1977-07-19,0.0082301270
1977-07-20,-0.0002818730
1977-07-21,-0.0014788730
1977-07-22,0.0009151270
1977-07-25,-0.0089268730
1977-07-26,-0.0070648730
1977-07-27,-0.0212958730
1977-07-28,-0.0006808730
1977-07-29,-0.0002818730
1977-08-01,0.0046391270
1977-08-02,-0.0081288730
1977-08-03,-0.0029418730
1977-08-04,0.0065011270
1977-08-05,0.0001171270
1977-08-08,-0.0078628730
1977-08-09,0.0009151270
1977-08-10,0.0092941270
1977-08-11,-0.0071978730
1977-08-12,-0.0041388730
1977-08-15,0.0027771270
1977-08-16,-0.0048038730
1977-08-17,-0.0006808730
1977-08-18,0.0001171270
1977-08-19,-0.0030748730
1977-08-22,0.0035751270
1977-08-23,-0.0020108730
1977-08-24,-0.0050698730
1977-08-25,-0.0121188730
1977-08-26,-0.0012128730
1977-08-29,0.0106241270
1977-08-30,-0.0062668730
1977-08-31,0.0031761270
1977-09-01,0.0018461270
1977-09-02,0.0083631270
1977-09-06,0.0022451270
1977-09-07,0.0034421270
1977-09-08,-0.0083948730
1977-09-09,-0.0113208730
1977-09-12,-0.0041388730
1977-09-13,-0.0000158730
1977-09-14,0.0047721270
1977-09-15,0.0041071270
1977-09-16,-0.0040058730
1977-09-19,-0.0078628730
1977-09-20,0.0001171270
1977-09-21,-0.0099908730
1977-09-22,-0.0008138730
1977-09-23,-0.0002818730
1977-09-26,0.0033091270
1977-09-27,-0.0018778730
1977-09-28,0.0006491270
1977-09-29,0.0069001270
1977-09-30,0.0091611270
1977-10-03,0.0037081270
1977-10-04,-0.0081288730
1977-10-05,-0.0048038730
1977-10-06,0.0047721270
1977-10-07,-0.0001488730
1977-10-10,-0.0022768730
1977-10-11,-0.0101238730
1977-10-12,-0.0150448730
1977-10-13,-0.0091928730
1977-10-14,0.0002501270
1977-10-17,-0.0014788730
1977-10-18,-0.0002818730
1977-10-19,-0.0139808730
1977-10-20,0.0025111270
1977-10-21,-0.0030748730
1977-10-24,-0.0105228730
1977-10-25,-0.0110548730
1977-10-26,0.0130181270
1977-10-27,0.0047721270
1977-10-28,0.0045061270
1977-10-31,-0.0025428730
1977-11-01,-0.0000158730
1977-11-02,-0.0000158730
1977-11-03,-0.0000158730
1977-11-04,-0.0000158730
1977-11-07,-0.0000158730
1977-11-08,-0.0000158730
1977-11-09,-0.0000158730
1977-11-10,-0.0000158730
1977-11-11,-0.0000158730
1977-11-14,-0.0000158730
1977-11-15,-0.0000158730
1977-11-16,-0.0000158730
1977-11-17,-0.0000158730
1977-11-18,-0.0000158730
1977-11-21,-0.0000158730
1977-11-22,-0.0000158730
1977-11-23,-0.0000158730
1977-11-25,-0.0000158730
1977-11-28,-0.0000158730
1977-11-29,-0.0000158730
1977-11-30,-0.0000158730
1977-12-01,0.0005161270
1977-12-02,0.0001171270
1977-12-05,-0.0048038730
1977-12-06,-0.0202318730
1977-12-07,-0.0018778730
1977-12-08,0.0026441270
1977-12-09,0.0091611270
1977-12-12,0.0007821270
1977-12-13,-0.0008138730
1977-12-14,0.0042401270
1977-12-15,-0.0053358730
1977-12-16,-0.0014788730
1977-12-19,-0.0094588730
1977-12-20,-0.0048038730
1977-12-21,0.0076981270
1977-12-22,0.0087621270
1977-12-23,0.0116881270
1977-12-27,-0.0002818730
1977-12-28,0.0002501270
1977-12-29,0.0041071270
1977-12-30,0.0023781270
1978-01-03,-0.0171728730
1978-01-04,-0.0053358730
1978-01-05,-0.0097248730
1978-01-06,-0.0163748730
1978-01-09,-0.0157098730
1978-01-10,-0.0085278730
1978-01-11,-0.0070648730
1978-01-12,0.0025111270
1978-01-13,-0.0004148730
1978-01-16,-0.0045378730
1978-01-17,0.0069001270
1978-01-18,0.0090281270
1978-01-19,-0.0045378730
1978-01-20,-0.0028088730
1978-01-23,-0.0086608730
1978-01-24,0.0002501270
1978-01-25,0.0022451270
1978-01-26,-0.0102568730
1978-01-27,-0.0002818730
1978-01-30,0.0102251270
1978-01-31,-0.0012128730
1978-02-01,-0.0000158730
1978-02-02,-0.0000158730
1978-02-03,-0.0000158730
1978-02-06,-0.0000158730
1978-02-07,-0.0000158730
1978-02-08,-0.0000158730
1978-02-09,-0.0000158730
1978-02-10,-0.0000158730
1978-02-13,-0.0000158730
1978-02-14,-0.0000158730
1978-02-15,-0.0000158730
1978-02-16,-0.0000158730
1978-02-17,-0.0000158730
1978-02-21,-0.0000158730
1978-02-22,-0.0000158730
1978-02-23,-0.0000158730
1978-02-24,-0.0000158730
1978-02-27,-0.0000158730
1978-02-28,-0.0000158730
1978-03-01,-0.0000158730
1978-03-02,-0.0000158730
1978-03-03,-0.0000158730
1978-03-06,-0.0000158730
1978-03-07,-0.0000158730
1978-03-08,-0.0000158730
1978-03-09,-0.0000158730
1978-03-10,-0.0000158730
1978-03-13,-0.0000158730
1978-03-14,-0.0000158730
1978-03-15,-0.0000158730
1978-03-16,-0.0000158730
1978-03-17,-0.0000158730
1978-03-20,-0.0000158730
1978-03-21,-0.0000158730
1978-03-22,-0.0000158730
1978-03-23,-0.0000158730
1978-03-27,-0.0000158730
1978-03-28,-0.0000158730
1978-03-29,-0.0000158730
1978-03-30,-0.0000158730
1978-03-31,-0.0000158730
1978-04-03,-0.0094588730
1978-04-04,0.0050381270
1978-04-05,0.0107571270
1978-04-06,0.0031761270
1978-04-07,0.0062351270
1978-04-10,0.0041071270
1978-04-11,-0.0028088730
1978-04-12,-0.0004148730
1978-04-13,0.0128851270
1978-04-14,0.0247221270
1978-04-17,0.0184711270
1978-04-18,-0.0137148730
1978-04-19,0.0047721270
1978-04-20,0.0095601270
1978-04-21,-0.0013458730
1978-04-24,0.0166091270
1978-04-25,0.0103581270
1978-04-26,0.0022451270
1978-04-27,-0.0114538730
1978-04-28,0.0115551270
1978-05-01,0.0111561270
1978-05-02,-0.0034738730
1978-05-03,-0.0097248730
1978-05-04,-0.0006808730
1978-05-05,0.0090281270
1978-05-08,-0.0034738730
1978-05-09,-0.0022768730
1978-05-10,0.0011811270
1978-05-11,0.0150131270
1978-05-12,0.0110231270
1978-05-15,0.0079641270
1978-05-16,0.0088951270
1978-05-17,0.0038411270
1978-05-18,-0.0099908730
1978-05-19,-0.0057348730
1978-05-22,0.0111561270
1978-05-23,-0.0113208730
1978-05-24,-0.0129168730
1978-05-25,-0.0024098730
1978-05-26,-0.0021438730
1978-05-30,0.0030431270
1978-05-31,0.0053041270
1978-06-01,0.0014471270
1978-06-02,0.0098261270
1978-06-05,0.0211311270
1978-06-06,0.0057031270
1978-06-07,-0.0018778730
1978-06-08,0.0027771270
1978-06-09,-0.0018778730
1978-06-12,-0.0037398730
1978-06-13,0.0011811270
1978-06-14,-0.0008138730
1978-06-15,-0.0127838730
1978-06-16,-0.0113208730
1978-06-19,-0.0025428730
1978-06-20,-0.0126508730
1978-06-21,-0.0086608730
1978-06-22,0.0027771270
1978-06-23,-0.0037398730
1978-06-26,-0.0169068730
1978-06-27,0.0027771270
1978-06-28,0.0049051270
1978-06-29,0.0027771270
1978-06-30,-0.0010798730
1978-07-03,-0.0041388730
1978-07-05,-0.0115868730
1978-07-06,-0.0004148730
1978-07-07,0.0075651270
1978-07-10,0.0045061270
1978-07-11,0.0080971270
1978-07-12,0.0046391270
1978-07-13,0.0002501270
1978-07-14,0.0163431270
1978-07-17,0.0030431270
1978-07-18,-0.0103898730
1978-07-19,0.0146141270
1978-07-20,-0.0000158730
1978-07-21,-0.0042718730
1978-07-24,-0.0013458730
1978-07-25,0.0090281270
1978-07-26,0.0079641270
1978-07-27,0.0069001270
1978-07-28,0.0061021270
1978-07-31,0.0094271270
1978-08-01,0.0015801270
1978-08-02,0.0283131270
1978-08-03,0.0057031270
1978-08-04,0.0057031270
1978-08-07,-0.0022768730
1978-08-08,0.0063681270
1978-08-09,0.0069001270
1978-08-10,-0.0078628730
1978-08-11,0.0042401270
1978-08-14,0.0011811270
1978-08-15,-0.0018778730
1978-08-16,0.0095601270
1978-08-17,0.0072991270
1978-08-18,-0.0030748730
1978-08-21,-0.0106558730
1978-08-22,0.0038411270
1978-08-23,0.0080971270
1978-08-24,0.0035751270
1978-08-25,0.0006491270
1978-08-28,-0.0097248730
1978-08-29,-0.0077298730
1978-08-30,0.0019791270
1978-08-31,-0.0026758730
1978-09-01,0.0051711270
1978-09-05,0.0070331270
1978-09-06,0.0111561270
1978-09-07,0.0015801270
1978-09-08,0.0166091270
1978-09-11,0.0027771270
1978-09-12,0.0009151270
1978-09-13,-0.0073308730
1978-09-14,-0.0141138730
1978-09-15,-0.0126508730
1978-09-18,-0.0141138730
1978-09-19,-0.0099908730
1978-09-20,-0.0123848730
1978-09-21,-0.0005478730
1978-09-22,0.0003831270
1978-09-25,-0.0001488730
1978-09-26,0.0092941270
1978-09-27,-0.0117198730
1978-09-28,0.0027771270
1978-09-29,0.0065011270
1978-10-02,0.0042401270
1978-10-03,-0.0041388730
1978-10-04,0.0050381270
1978-10-05,0.0029101270
1978-10-06,0.0030431270
1978-10-09,0.0122201270
1978-10-10,-0.0018778730
1978-10-11,0.0114221270
1978-10-12,-0.0062668730
1978-10-13,-0.0038728730
1978-10-16,-0.0242218730
1978-10-17,-0.0227588730
1978-10-18,-0.0128920033
1978-10-19,-0.0173158154
1978-10-20,-0.0233957311
1978-10-23,-0.0030954818
1978-10-24,-0.0074707196
1978-10-25,-0.0029418730
1978-10-26,-0.0230248730
1978-10-27,-0.0262168730
1978-10-30,-0.0000158730
1978-10-31,-0.0230960756
1978-11-01,0.0513244242
1978-11-02,-0.0063264574
1978-11-03,0.0039433588
1978-11-06,-0.0058531688
1978-11-07,-0.0120418492
1978-11-08,0.0032320112
1978-11-09,0.0010210765
1978-11-10,0.0039746689
1978-11-13,-0.0140813730
1978-11-14,-0.0087493260
1978-11-15,0.0027367151
1978-11-16,0.0092385554
1978-11-17,0.0086218382
1978-11-20,0.0083087697
1978-11-21,-0.0012230812
1978-11-22,0.0057261693
1978-11-24,0.0047132288
1978-11-27,0.0026007203
1978-11-28,-0.0087795588
1978-11-29,-0.0154752663
1978-11-30,0.0096776309
1978-12-01,0.0170665828
1978-12-04,0.0000864674
1978-12-05,0.0132833736
1978-12-06,0.0017974998
1978-12-07,-0.0043767746
1978-12-08,-0.0049802280
1978-12-11,0.0051082021
1978-12-12,-0.0064724412
1978-12-13,-0.0075249311
1978-12-14,-0.0004064656
1978-12-15,-0.0098578730
1978-12-18,-0.0298078730
1978-12-19,0.0080792232
1978-12-20,0.0046133789
1978-12-21,0.0005666877
1978-12-22,0.0202291289
1978-12-26,0.0108113996
1978-12-27,-0.0093927972
1978-12-28,-0.0045058606
1978-12-29,-0.0015316365
1979-01-02,0.0071888008
1979-01-03,0.0140614811
1979-01-04,0.0116348544
1979-01-05,0.0081517028
1979-01-08,-0.0036664926
1979-01-09,0.0067671270
1979-01-10,-0.0070648730
1979-01-11,0.0055701270
1979-01-12,0.0100921270
1979-01-15,0.0086291270
1979-01-16,-0.0150448730
1979-01-17,-0.0010798730
1979-01-18,0.0053041270
1979-01-19,-0.0002818730
1979-01-22,0.0007821270
1979-01-23,0.0083631270
1979-01-24,-0.0048038730
1979-01-25,0.0123531270
1979-01-26,0.0084961270
1979-01-29,-0.0032078730
1979-01-30,-0.0046708730
1979-01-31,-0.0151778730
1979-02-01,0.0005161270
1979-02-02,-0.0044048730
1979-02-05,-0.0174388730
1979-02-06,-0.0005478730
1979-02-07,-0.0126508730
1979-02-08,0.0069001270
1979-02-09,0.0033091270
1979-02-12,0.0033091270
1979-02-13,0.0098261270
1979-02-14,-0.0018778730
1979-02-15,-0.0006808730
1979-02-16,0.0003831270
1979-02-20,0.0076981270
1979-02-21,-0.0037398730
1979-02-22,-0.0077298730
1979-02-23,-0.0075968730
1979-02-26,-0.0018778730
1979-02-27,-0.0224928730
1979-02-28,0.0011811270
1979-03-01,0.0088951270
1979-03-02,0.0014471270
1979-03-05,0.0146141270
1979-03-06,-0.0029418730
1979-03-07,0.0084961270
1979-03-08,0.0135501270
1979-03-09,0.0003831270
1979-03-12,0.0021121270
1979-03-13,0.0030431270
1979-03-14,-0.0009468730
1979-03-15,0.0022451270
1979-03-16,0.0098261270
1979-03-19,0.0046391270
1979-03-20,-0.0070648730
1979-03-21,0.0086291270
1979-03-22,0.0053041270
1979-03-23,-0.0002818730
1979-03-26,-0.0066658730
1979-03-27,0.0172741270
1979-03-28,-0.0048038730
1979-03-29,-0.0004148730
1979-03-30,-0.0041388730
1979-04-02,-0.0091928730
1979-04-03,0.0176731270
1979-04-04,0.0039741270
1979-04-05,0.0072991270
1979-04-06,-0.0009468730
1979-04-09,-0.0040058730
1979-04-10,0.0059691270
1979-04-11,-0.0119858730
1979-04-12,-0.0032078730
1979-04-16,-0.0115868730
1979-04-17,-0.0010798730
1979-04-18,0.0065011270
1979-04-19,-0.0050698730
1979-04-20,0.0001171270
1979-04-23,0.0038411270
1979-04-24,0.0069001270
1979-04-25,0.0042401270
1979-04-26,-0.0062668730
1979-04-27,-0.0032078730
1979-04-30,-0.0009468730
1979-05-01,-0.0002818730
1979-05-02,0.0006491270
1979-05-03,0.0002501270
1979-05-04,-0.0127838730
1979-05-07,-0.0240888730
1979-05-08,-0.0002818730
1979-05-09,0.0043731270
1979-05-10,-0.0118528730
1979-05-11,0.0015801270
1979-05-14,-0.0063998730
1979-05-15,0.0009151270
1979-05-16,0.0029101270
1979-05-17,0.0195351270
1979-05-18,0.0010481270
1979-05-21,0.0039741270
1979-05-22,0.0061021270
1979-05-23,-0.0052028730
1979-05-24,0.0018461270
1979-05-25,0.0038411270
1979-05-29,-0.0024098730
1979-05-30,-0.0125178730
1979-05-31,0.0001171270
1979-06-01,0.0013141270
1979-06-04,0.0023781270
1979-06-05,0.0156781270
1979-06-06,0.0087621270
1979-06-07,0.0075651270
1979-06-08,-0.0026758730
1979-06-11,0.0034421270
1979-06-12,0.0120871270
1979-06-13,-0.0048038730
1979-06-14,-0.0025428730
1979-06-15,0.0006491270
1979-06-18,-0.0075968730
1979-06-19,0.0002501270
1979-06-20,0.0018461270
1979-06-21,0.0051711270
1979-06-22,0.0058361270
1979-06-25,-0.0069318730
1979-06-26,-0.0058678730
1979-06-27,0.0074321270
1979-06-28,0.0071661270
1979-06-29,0.0003831270
1979-07-02,-0.0121188730
1979-07-03,0.0018461270
1979-07-05,0.0049051270
1979-07-06,0.0138161270
1979-07-09,0.0102251270
1979-07-10,-0.0041388730
1979-07-11,-0.0077298730
1979-07-12,-0.0099908730
1979-07-13,-0.0045378730
1979-07-16,0.0053041270
1979-07-17,-0.0127838730
1979-07-18,-0.0038728730
1979-07-19,-0.0001488730
1979-07-20,0.0031761270
1979-07-23,-0.0038728730
1979-07-24,0.0041071270
1979-07-25,0.0140821270
1979-07-26,0.0014471270
1979-07-27,0.0017131270
1979-07-30,0.0017131270
1979-07-31,0.0078311270
1979-08-01,0.0046391270
1979-08-02,0.0006491270
1979-08-03,-0.0010798730
1979-08-06,0.0026441270
1979-08-07,0.0156781270
1979-08-08,0.0043731270
1979-08-09,-0.0038728730
1979-08-10,0.0107571270
1979-08-13,0.0114221270
1979-08-14,0.0018461270
1979-08-15,0.0091611270
1979-08-16,-0.0025428730
1979-08-17,0.0033091270
1979-08-20,0.0063681270
1979-08-21,0.0002501270
1979-08-22,0.0018461270
1979-08-23,-0.0037398730
1979-08-24,-0.0000158730
1979-08-27,0.0070331270
1979-08-28,-0.0013458730
1979-08-29,0.0001171270
1979-08-30,-0.0002818730
1979-08-31,0.0041071270
1979-09-04,-0.0214288730
1979-09-05,-0.0166408730
1979-09-06,0.0062351270
1979-09-07,0.0100921270
1979-09-10,0.0062351270
1979-09-11,-0.0090598730
1979-09-12,0.0041071270
1979-09-13,0.0003831270
1979-09-14,0.0120871270
1979-09-17,-0.0013458730
1979-09-18,-0.0101238730
1979-09-19,0.0027771270
1979-09-20,0.0221951270
1979-09-21,-0.0006808730
1979-09-24,-0.0105228730
1979-09-25,0.0001171270
1979-09-26,0.0027771270
1979-09-27,0.0013141270
1979-09-28,-0.0091928730
1979-10-01,-0.0077298730
1979-10-02,0.0103581270
1979-10-03,0.0017131270
1979-10-04,0.0074321270
1979-10-05,0.0112891270
1979-10-08,-0.0165078730
1979-10-09,-0.0457678730
1979-10-10,-0.0176817643
1979-10-11,-0.0001946792
1979-10-12,-0.0029067881
1979-10-15,-0.0120372941
1979-10-16,-0.0021165000
1979-10-17,0.0031224640
1979-10-18,0.0019160611
1979-10-19,-0.0233437303
1979-10-22,-0.0147157896
1979-10-23,-0.0038730333
1979-10-24,0.0022753500
1979-10-25,-0.0038098460
1979-10-26,0.0075804002
1979-10-29,0.0018319889
1979-10-30,0.0211270889
1979-10-31,-0.0064527552
1979-11-01,0.0085024255
1979-11-02,0.0018326587
1979-11-05,-0.0077434064
1979-11-06,-0.0071595195
1979-11-07,-0.0150643726
1979-11-08,0.0063474239
1979-11-09,0.0150918017
1979-11-12,0.0197293306
1979-11-13,-0.0038284791
1979-11-14,0.0040574186
1979-11-15,0.0083718771
1979-11-16,-0.0022596329
1979-11-19,0.0049083825
1979-11-20,-0.0060535544
1979-11-21,0.0010381879
1979-11-23,0.0100921270
1979-11-26,0.0280471270
1979-11-27,-0.0022565527
1979-11-28,0.0051084289
1979-11-29,0.0008784119
1979-11-30,-0.0065328730
1979-12-03,-0.0040058730
1979-12-04,0.0108901270
1979-12-05,0.0065011270
1979-12-06,0.0090281270
1979-12-07,-0.0046708730
1979-12-10,0.0029101270
1979-12-11,-0.0029418730
1979-12-12,0.0007821270
1979-12-13,0.0018461270
1979-12-14,0.0139491270
1979-12-17,0.0058361270
1979-12-18,-0.0122518730
1979-12-19,-0.0017448730
1979-12-20,0.0017131270
1979-12-21,-0.0081288730
1979-12-24,0.0003831270
1979-12-26,0.0011811270
1979-12-27,0.0009151270
1979-12-28,0.0003831270
1979-12-31,0.0006491270
1980-01-02,-0.0271478730
1980-01-03,-0.0097248730
1980-01-04,0.0175401270
1980-01-07,0.0051608179
1980-01-08,0.0256531270
1980-01-09,0.0012721097
1980-01-10,0.0106605996
1980-01-11,0.0024899913
1980-01-14,0.0044495326
1980-01-15,0.0072991270
1980-01-16,0.0005161270
1980-01-17,-0.0037398730
1980-01-18,0.0029101270
1980-01-21,0.0112891270
1980-01-22,-0.0078628730
1980-01-23,0.0199341270
1980-01-24,0.0033091270
1980-01-25,-0.0004148730
1980-01-28,0.0132841270
1980-01-29,-0.0086608730
1980-01-30,0.0123531270
1980-01-31,-0.0095918730
1980-02-01,0.0087621270
1980-02-04,-0.0060008730
1980-02-05,0.0026441270
1980-02-06,0.0111561270
1980-02-07,0.0057031270
1980-02-08,0.0164761270
1980-02-11,-0.0097248730
1980-02-12,0.0076981270
1980-02-13,0.0035751270
1980-02-14,-0.0189018730
1980-02-15,-0.0122518730
1980-02-19,-0.0105228730
1980-02-20,0.0186041270
1980-02-21,-0.0116031756
1980-02-22,-0.0050100199
1980-02-25,-0.0184354544
1980-02-26,0.0068366281
1980-02-27,-0.0154851441
1980-02-28,-0.0003819890
1980-02-29,0.0123736313
1980-03-03,-0.0117051053
1980-03-04,-0.0010195803
1980-03-05,-0.0207849781
1980-03-06,-0.0298223740
1980-03-07,-0.0182617546
1980-03-10,-0.0078351762
1980-03-11,0.0130878483
1980-03-12,-0.0070811746
1980-03-13,-0.0107833999
1980-03-14,-0.0037335625
1980-03-17,-0.0366419448
1980-03-18,0.0122540868
1980-03-19,0.0029906671
1980-03-20,-0.0092673391
1980-03-21,-0.0070635184
1980-03-24,-0.0299954862
1980-03-25,-0.0046145155
1980-03-26,-0.0047422074
1980-03-27,-0.0168742801
1980-03-28,0.0271505710
1980-03-31,0.0101739394
1980-04-01,0.0022109981
1980-04-02,0.0059954477
1980-04-03,-0.0031343948
1980-04-07,-0.0161074064
1980-04-08,0.0070373306
1980-04-09,0.0138232683
1980-04-10,0.0063691118
1980-04-11,-0.0008579846
1980-04-14,-0.0082786618
1980-04-15,-0.0019027769
1980-04-16,-0.0092130326
1980-04-17,-0.0047621644
1980-04-18,-0.0037801734
1980-04-21,-0.0084757491
1980-04-22,0.0336778737
1980-04-23,0.0025817647
1980-04-24,0.0062742821
1980-04-25,0.0037653522
1980-04-28,0.0033488926
1980-04-29,0.0024497965
1980-04-30,0.0027528413
1980-05-01,-0.0063990955
1980-05-02,0.0015646114
1980-05-05,0.0078538861
1980-05-06,0.0014820264
1980-05-07,0.0097403644
1980-05-08,-0.0080791152
1980-05-09,-0.0136704601
1980-05-12,-0.0002393737
1980-05-13,0.0139215760
1980-05-14,0.0074853980
1980-05-15,0.0023743971
1980-05-16,0.0047449176
1980-05-19,0.0032608949
1980-05-20,-0.0010798730
1980-05-21,0.0009151270
1980-05-22,0.0160771270
1980-05-23,0.0192691270
1980-05-27,0.0087621270
1980-05-28,0.0080971270
1980-05-29,-0.0196998730
1980-05-30,0.0087043042
1980-06-02,-0.0032435945
1980-06-03,-0.0026741382
1980-06-04,0.0224611270
1980-06-05,0.0026362024
1980-06-06,0.0052740978
1980-06-09,0.0049051270
1980-06-10,0.0106241270
1980-06-11,0.0143481270
1980-06-12,-0.0033408730
1980-06-13,0.0038411270
1980-06-16,0.0021121270
1980-06-17,-0.0001488730
1980-06-18,0.0018461270
1980-06-19,-0.0169068730
1980-06-20,-0.0056018730
1980-06-23,0.0050381270
1980-06-24,0.0075651270
1980-06-25,0.0160771270
1980-06-26,-0.0046708730
1980-06-27,-0.0016118730
1980-06-30,-0.0194338730
1980-07-01,0.0072991270
1980-07-02,0.0087621270
1980-07-03,0.0184711270
1980-07-07,0.0102251270
1980-07-08,-0.0040058730
1980-07-09,0.0017131270
1980-07-10,-0.0099908730
1980-07-11,0.0092941270
1980-07-14,0.0229931270
1980-07-15,-0.0061338730
1980-07-16,0.0027771270
1980-07-17,0.0187371270
1980-07-18,0.0043731270
1980-07-21,0.0045061270
1980-07-22,-0.0034738730
1980-07-23,-0.0022768730
1980-07-24,-0.0014788730
1980-07-25,-0.0101238730
1980-07-28,0.0057031270
1980-07-29,0.0100921270
1980-07-30,0.0010481270
1980-07-31,-0.0049368730
1980-08-01,-0.0024098730
1980-08-04,-0.0048038730
1980-08-05,-0.0001488730
1980-08-06,0.0087621270
1980-08-07,0.0192691270
1980-08-08,0.0038411270
1980-08-11,0.0120871270
1980-08-12,-0.0098578730
1980-08-13,-0.0038728730
1980-08-14,0.0198011270
1980-08-15,0.0053041270
1980-08-18,-0.0238228730
1980-08-19,-0.0076657992
1980-08-20,0.0123047096
1980-08-21,0.0185624542
1980-08-22,0.0071576133
1980-08-25,-0.0062422503
1980-08-26,-0.0015310147
1980-08-27,-0.0123798052
1980-08-28,-0.0147481687
1980-08-29,0.0031975151
1980-09-02,0.0127489709
1980-09-03,0.0245966382
1980-09-04,-0.0044082979
1980-09-05,-0.0037258388
1980-09-08,-0.0145407694
1980-09-09,0.0062094442
1980-09-10,0.0079756571
1980-09-11,0.0083290086
1980-09-12,0.0009959310
1980-09-15,0.0010442795
1980-09-16,0.0119541270
1980-09-17,0.0199341270
1980-09-18,-0.0045117781
1980-09-19,0.0075651270
1980-09-22,0.0100921270
1980-09-23,-0.0090598730
1980-09-24,0.0080971270
1980-09-25,-0.0157098730
1980-09-26,-0.0267091909
1980-09-29,-0.0266385556
1980-09-30,0.0141247818
1980-10-01,0.0118014195
1980-10-02,0.0063352261
1980-10-03,0.0103471956
1980-10-06,0.0160483138
1980-10-07,-0.0045167702
1980-10-08,0.0046098817
1980-10-09,-0.0036705295
1980-10-10,-0.0044049263
1980-10-13,0.0117851698
1980-10-14,-0.0001223790
1980-10-15,0.0123448918
1980-10-16,-0.0133209483
1980-10-17,-0.0056201298
1980-10-20,0.0066320766
1980-10-21,-0.0071387344
1980-10-22,0.0017413987
1980-10-23,-0.0219928319
1980-10-24,0.0026074630
1980-10-27,-0.0159839521
1980-10-28,-0.0000158730
1980-10-29,-0.0016349489
1980-10-30,-0.0174729090
1980-10-31,0.0112354219
1980-11-03,0.0126835175
1980-11-05,0.0188246625
1980-11-06,-0.0184286507
1980-11-07,0.0011363184
1980-11-10,0.0026984728
1980-11-11,0.0125823728
1980-11-12,0.0244221779
1980-11-13,0.0134252809
1980-11-14,0.0045267520
1980-11-17,0.0037733094
1980-11-18,0.0140392665
1980-11-19,-0.0038320749
1980-11-20,0.0096550885
1980-11-21,-0.0095064141
1980-11-24,-0.0067228247
1980-11-25,0.0079388020
1980-11-26,0.0055629344
1980-11-28,0.0031362530
1980-12-01,-0.0270596066
1980-12-02,-0.0029778620
1980-12-03,-0.0007368278
1980-12-04,-0.0014187947
1980-12-05,-0.0216000901
1980-12-08,-0.0275997861
1980-12-09,-0.0018589454
1980-12-10,-0.0148148472
1980-12-11,-0.0106121221
1980-12-12,0.0131365472
1980-12-15,0.0009690914
1980-12-16,0.0066972345
1980-12-17,0.0143505604
1980-12-18,0.0036030499
1980-12-19,0.0053544364
1980-12-22,0.0125792072
1980-12-23,-0.0030260116
1980-12-24,0.0034212952
1980-12-26,0.0046369122
1980-12-29,-0.0118278661
1980-12-30,0.0017243679
1980-12-31,0.0039721778
1981-01-02,0.0066446907
1981-01-05,0.0116942501
1981-01-06,0.0006073607
1981-01-07,-0.0344648542
1981-01-08,-0.0132867125
1981-01-09,0.0035409923
1981-01-12,0.0001836173
1981-01-13,-0.0034634085
1981-01-14,0.0028265818
1981-01-15,0.0054472024
1981-01-16,0.0056210281
1981-01-19,-0.0029294333
1981-01-20,-0.0239951145
1981-01-21,-0.0040492781
1981-01-22,-0.0096344701
1981-01-23,-0.0006194659
1981-01-26,-0.0064540821
1981-01-27,0.0131636686
1981-01-28,-0.0058066876
1981-01-29,-0.0010658979
1981-01-30,-0.0062668730
1981-02-02,-0.0298078730
1981-02-03,0.0126137094
1981-02-04,0.0024508898
1981-02-05,0.0108012774
1981-02-06,0.0088167397
1981-02-09,-0.0114986966
1981-02-10,-0.0016463356
1981-02-11,-0.0090499632
1981-02-12,-0.0082917121
1981-02-13,-0.0040372808
1981-02-17,0.0058361270
1981-02-18,0.0059691270
1981-02-19,-0.0195668730
1981-02-20,-0.0025136718
1981-02-23,0.0071661270
1981-02-24,0.0023781270
1981-02-25,0.0092941270
1981-02-26,0.0154121270
1981-02-27,0.0127521270
1981-03-02,0.0079641270
1981-03-03,-0.0122518730
1981-03-04,0.0018461270
1981-03-05,-0.0067988730
1981-03-06,-0.0012128730
1981-03-09,0.0096931270
1981-03-10,-0.0061338730
1981-03-11,-0.0042718730
1981-03-12,0.0293771270
1981-03-13,0.0009612884
1981-03-16,0.0130328823
1981-03-17,-0.0058195527
1981-03-18,0.0028686687
1981-03-19,-0.0066658730
1981-03-20,0.0082301270
1981-03-23,0.0135501270
1981-03-24,-0.0077298730
1981-03-25,0.0204661270
1981-03-26,-0.0059850648
1981-03-27,-0.0134488730
1981-03-30,-0.0038589015
1981-03-31,0.0138003143
1981-04-01,0.0064400697
1981-04-02,-0.0012128730
1981-04-03,-0.0065328730
1981-04-06,-0.0147788730
1981-04-07,-0.0004148730
1981-04-08,0.0042401270
1981-04-09,0.0047721270
1981-04-10,0.0002501270
1981-04-13,-0.0138478730
1981-04-14,-0.0073308730
1981-04-15,0.0135501270
1981-04-16,0.0059691270
1981-04-20,0.0071661270
1981-04-21,-0.0125178730
1981-04-22,-0.0010798730
1981-04-23,-0.0002818730
1981-04-24,0.0092941270
1981-04-27,0.0027771270
1981-04-28,-0.0125178730
1981-04-29,-0.0126508730
1981-04-30,-0.0000158730
1981-05-01,-0.0024098730
1981-05-04,-0.0203648730
1981-05-05,-0.0054688730
1981-05-06,0.0053041270
1981-05-07,0.0096931270
1981-05-08,0.0011811270
1981-05-11,-0.0187688730
1981-05-12,0.0086291270
1981-05-13,-0.0005478730
1981-05-14,0.0074321270
1981-05-15,0.0080971270
1981-05-18,0.0019791270
1981-05-19,-0.0042718730
1981-05-20,0.0013141270
1981-05-21,-0.0014788730
1981-05-22,-0.0001488730
1981-05-26,0.0116881270
1981-05-27,0.0084961270
1981-05-28,-0.0021438730
1981-05-29,-0.0063998730
1981-06-01,-0.0030748730
1981-06-02,-0.0193008730
1981-06-03,-0.0004148730
1981-06-04,0.0021121270
1981-06-05,0.0111561270
1981-06-08,-0.0004148730
1981-06-09,-0.0045378730
1981-06-10,0.0033091270
1981-06-11,0.0134171270
1981-06-12,-0.0005478730
1981-06-15,0.0009151270
1981-06-16,-0.0154438730
1981-06-17,0.0090281270
1981-06-18,-0.0161088730
1981-06-19,0.0049051270
1981-06-22,-0.0026758730
1981-06-23,0.0122201270
1981-06-24,-0.0073308730
1981-06-25,0.0013141270
1981-06-26,-0.0025428730
1981-06-29,-0.0082618730
1981-06-30,-0.0086608730
1981-07-01,-0.0130498730
1981-07-02,-0.0126508730
1981-07-06,-0.0149118730
1981-07-07,0.0045061270
1981-07-08,0.0011811270
1981-07-09,0.0087621270
1981-07-10,0.0013141270
1981-07-13,0.0015801270
1981-07-14,-0.0016118730
1981-07-15,0.0050381270
1981-07-16,0.0018461270
1981-07-17,0.0038411270
1981-07-20,-0.0211628730
1981-07-21,-0.0066658730
1981-07-22,-0.0118528730
1981-07-23,0.0018461270
1981-07-24,0.0106241270
1981-07-27,0.0108901270
1981-07-28,-0.0067988730
1981-07-29,-0.0005478730
1981-07-30,0.0074321270
1981-07-31,0.0102251270
1981-08-03,-0.0045378730
1981-08-04,0.0055701270
1981-08-05,0.0139491270
1981-08-06,0.0011811270
1981-08-07,-0.0060008730
1981-08-10,0.0045061270
1981-08-11,0.0112891270
1981-08-12,-0.0032078730
1981-08-13,0.0006491270
1981-08-14,-0.0093258730
1981-08-17,-0.0134488730
1981-08-18,-0.0146458730
1981-08-19,0.0025111270
1981-08-20,0.0019791270
1981-08-21,-0.0137148730
1981-08-24,-0.0393838730
1981-08-25,-0.0058002969
1981-08-26,-0.0013881358
1981-08-27,-0.0127823784
1981-08-28,0.0049986465
1981-08-31,-0.0140543882
1981-09-01,0.0014867318
1981-09-02,0.0033339929
1981-09-03,-0.0251505336
1981-09-04,-0.0125468671
1981-09-08,-0.0245022639
1981-09-09,0.0029188346
1981-09-10,0.0175915507
1981-09-11,0.0119705613
1981-09-14,-0.0077687114
1981-09-15,-0.0064124280
1981-09-16,-0.0091727128
1981-09-17,-0.0165414611
1981-09-18,-0.0102346990
1981-09-21,0.0062170728
1981-09-22,-0.0059913194
1981-09-23,-0.0147051973
1981-09-24,-0.0047835885
1981-09-25,-0.0307510370
1981-09-28,0.0217194662
1981-09-29,0.0078280616
1981-09-30,0.0025654510
1981-10-01,-0.0000158730
1981-10-02,-0.0000158730
1981-10-05,-0.0000158730
1981-10-06,-0.0000158730
1981-10-07,-0.0000158730
1981-10-08,-0.0000158730
1981-10-09,-0.0000158730
1981-10-12,-0.0000158730
1981-10-13,-0.0000158730
1981-10-14,-0.0000158730
1981-10-15,-0.0000158730
1981-10-16,-0.0000158730
1981-10-19,-0.0000158730
1981-10-20,-0.0000158730
1981-10-21,-0.0000158730
1981-10-22,-0.0000158730
1981-10-23,-0.0000158730
1981-10-26,-0.0000158730
1981-10-27,-0.0000158730
1981-10-28,-0.0000158730
1981-10-29,-0.0000158730
1981-10-30,-0.0000158730
1981-11-02,-0.0000158730
1981-11-03,-0.0000158730
1981-11-04,-0.0000158730
1981-11-05,-0.0000158730
1981-11-06,-0.0000158730
1981-11-09,-0.0000158730
1981-11-10,-0.0000158730
1981-11-11,-0.0000158730
1981-11-12,-0.0000158730
1981-11-13,-0.0000158730
1981-11-16,-0.0000158730
1981-11-17,-0.0000158730
1981-11-18,-0.0000158730
1981-11-19,-0.0000158730
1981-11-20,-0.0000158730
1981-11-23,-0.0000158730
1981-11-24,-0.0000158730
1981-11-25,-0.0000158730
1981-11-27,-0.0000158730
1981-11-30,-0.0000158730
1981-12-01,-0.0030748730
1981-12-02,-0.0134488730
1981-12-03,0.0041071270
1981-12-04,0.0086291270
1981-12-07,-0.0103898730
1981-12-08,-0.0063998730
1981-12-09,0.0054371270
1981-12-10,0.0018461270
1981-12-11,-0.0074638730
1981-12-14,-0.0211628730
1981-12-15,0.0005161270
1981-12-16,-0.0048038730
1981-12-17,0.0053041270
1981-12-18,0.0083631270
1981-12-21,-0.0061338730
1981-12-22,-0.0052028730
1981-12-23,-0.0053358730
1981-12-24,0.0027771270
1981-12-28,-0.0036068730
1981-12-29,-0.0075968730
1981-12-30,0.0046391270
1981-12-31,0.0039741270
1982-01-04,-0.0000158730
1982-01-05,-0.0000158730
1982-01-06,-0.0000158730
1982-01-07,-0.0000158730
1982-01-08,-0.0000158730
1982-01-11,-0.0000158730
1982-01-12,-0.0000158730
1982-01-13,-0.0000158730
1982-01-14,-0.0000158730
1982-01-15,-0.0000158730
1982-01-18,-0.0000158730
1982-01-19,-0.0000158730
1982-01-20,-0.0000158730
1982-01-21,-0.0000158730
1982-01-22,-0.0000158730
1982-01-25,-0.0000158730
1982-01-26,-0.0000158730
1982-01-27,-0.0000158730
1982-01-28,-0.0000158730
1982-01-29,-0.0000158730
1982-02-01,-0.0000158730
1982-02-02,-0.0000158730
1982-02-03,-0.0000158730
1982-02-04,-0.0000158730
1982-02-05,-0.0000158730
1982-02-08,-0.0000158730
1982-02-09,-0.0000158730
1982-02-10,-0.0000158730
1982-02-11,-0.0000158730
1982-02-12,-0.0000158730
1982-02-16,-0.0000158730
1982-02-17,-0.0000158730
1982-02-18,-0.0000158730
1982-02-19,-0.0000158730
1982-02-22,-0.0000158730
1982-02-23,-0.0000158730
1982-02-24,-0.0000158730
1982-02-25,-0.0000158730
1982-02-26,-0.0000158730
1982-03-01,-0.0000158730
1982-03-02,-0.0000158730
1982-03-03,-0.0000158730
1982-03-04,-0.0000158730
1982-03-05,-0.0000158730
1982-03-08,-0.0000158730
1982-03-09,-0.0000158730
1982-03-10,-0.0000158730
1982-03-11,-0.0000158730
1982-03-12,-0.0000158730
1982-03-15,-0.0000158730
1982-03-16,-0.0000158730
1982-03-17,-0.0000158730
1982-03-18,-0.0000158730
1982-03-19,-0.0000158730
1982-03-22,-0.0000158730
1982-03-23,-0.0000158730
1982-03-24,-0.0000158730
1982-03-25,-0.0000158730
1982-03-26,-0.0000158730
1982-03-29,-0.0000158730
1982-03-30,-0.0000158730
1982-03-31,-0.0000158730
1982-04-01,-0.0000158730
1982-04-02,-0.0000158730
1982-04-05,-0.0000158730
1982-04-06,-0.0000158730
1982-04-07,-0.0000158730
1982-04-08,-0.0000158730
1982-04-12,-0.0000158730
1982-04-13,-0.0000158730
1982-04-14,-0.0000158730
1982-04-15,-0.0000158730
1982-04-16,-0.0000158730
1982-04-19,-0.0000158730
1982-04-20,-0.0000158730
1982-04-21,-0.0000158730
1982-04-22,-0.0000158730
1982-04-23,-0.0000158730
1982-04-26,-0.0000158730
1982-04-27,-0.0000158730
1982-04-28,-0.0000158730
1982-04-29,-0.0000158730
1982-04-30,-0.0000158730
1982-05-03,-0.0000158730
1982-05-04,-0.0000158730
1982-05-05,-0.0000158730
1982-05-06,-0.0000158730
1982-05-07,-0.0000158730
1982-05-10,-0.0000158730
1982-05-11,-0.0000158730
1982-05-12,-0.0000158730
1982-05-13,-0.0000158730
1982-05-14,-0.0000158730
1982-05-17,-0.0000158730
1982-05-18,-0.0000158730
1982-05-19,-0.0000158730
1982-05-20,-0.0000158730
1982-05-21,-0.0000158730
1982-05-24,-0.0000158730
1982-05-25,-0.0000158730
1982-05-26,-0.0000158730
1982-05-27,-0.0000158730
1982-05-28,-0.0000158730
1982-06-01,-0.0000158730
1982-06-02,-0.0000158730
1982-06-03,-0.0000158730
1982-06-04,-0.0000158730
1982-06-07,-0.0000158730
1982-06-08,-0.0000158730
1982-06-09,-0.0000158730
1982-06-10,-0.0000158730
1982-06-11,-0.0000158730
1982-06-14,-0.0000158730
1982-06-15,-0.0000158730
1982-06-16,-0.0000158730
1982-06-17,-0.0000158730
1982-06-18,-0.0000158730
1982-06-21,-0.0000158730
1982-06-22,-0.0000158730
1982-06-23,-0.0000158730
1982-06-24,-0.0000158730
1982-06-25,-0.0000158730
1982-06-28,-0.0000158730
1982-06-29,-0.0000158730
1982-06-30,-0.0000158730
1982-07-01,-0.0000158730
1982-07-02,-0.0000158730
1982-07-06,-0.0000158730
1982-07-07,-0.0000158730
1982-07-08,-0.0000158730
1982-07-09,-0.0000158730
1982-07-12,-0.0000158730
1982-07-13,-0.0000158730
1982-07-14,-0.0000158730
1982-07-15,-0.0000158730
1982-07-16,-0.0000158730
1982-07-19,-0.0000158730
1982-07-20,-0.0000158730
1982-07-21,-0.0000158730
1982-07-22,-0.0000158730
1982-07-23,-0.0000158730
1982-07-26,-0.0000158730
1982-07-27,-0.0000158730
1982-07-28,-0.0000158730
1982-07-29,-0.0000158730
1982-07-30,-0.0000158730
1982-08-02,-0.0000158730
1982-08-03,-0.0000158730
1982-08-04,-0.0000158730
1982-08-05,-0.0000158730
1982-08-06,-0.0000158730
1982-08-09,-0.0000158730
1982-08-10,-0.0000158730
1982-08-11,-0.0000158730
1982-08-12,-0.0000158730
1982-08-13,-0.0000158730
1982-08-16,-0.0000158730
1982-08-17,-0.0000158730
1982-08-18,-0.0000158730
1982-08-19,-0.0000158730
1982-08-20,-0.0000158730
1982-08-23,-0.0000158730
1982-08-24,-0.0000158730
1982-08-25,-0.0000158730
1982-08-26,-0.0000158730
1982-08-27,-0.0000158730
1982-08-30,-0.0000158730
1982-08-31,-0.0000158730
1982-09-01,-0.0073055051
1982-09-02,0.0128150793
1982-09-03,0.0150941514
1982-09-07,-0.0081679033
1982-09-08,0.0055576851
1982-09-09,0.0000713016
1982-09-10,-0.0066308482
1982-09-13,0.0074368912
1982-09-14,0.0076612531
1982-09-15,0.0078972049
1982-09-16,-0.0014620369
1982-09-17,-0.0099283595
1982-09-20,-0.0011588627
1982-09-21,0.0182602082
1982-09-22,-0.0048386963
1982-09-23,-0.0020437413
1982-09-24,-0.0031140465
1982-09-27,0.0019287027
1982-09-28,-0.0024136160
1982-09-29,-0.0153288427
1982-09-30,-0.0100294368
1982-10-01,-0.0000158730
1982-10-04,-0.0000158730
1982-10-05,-0.0000158730
1982-10-06,-0.0000158730
1982-10-07,-0.0000158730
1982-10-08,-0.0000158730
1982-10-11,-0.0000158730
1982-10-12,-0.0000158730
1982-10-13,-0.0000158730
1982-10-14,-0.0000158730
1982-10-15,-0.0000158730
1982-10-18,-0.0000158730
1982-10-19,-0.0000158730
1982-10-20,-0.0000158730
1982-10-21,-0.0000158730
1982-10-22,-0.0000158730
1982-10-25,-0.0000158730
1982-10-26,-0.0000158730
1982-10-27,-0.0000158730
1982-10-28,-0.0000158730
1982-10-29,-0.0000158730
1982-11-01,0.0090794969
1982-11-02,0.0123986331
1982-11-03,0.0292346491
1982-11-04,-0.0025429948
1982-11-05,0.0035249372
1982-11-08,-0.0072870746
1982-11-09,0.0124229287
1982-11-10,-0.0081181074
1982-11-11,0.0033655512
1982-11-12,-0.0079909556
1982-11-15,-0.0142520011
1982-11-16,-0.0106439677
1982-11-17,0.0130584424
1982-11-18,0.0033595922
1982-11-19,-0.0053913829
1982-11-22,-0.0162548746
1982-11-23,-0.0063486932
1982-11-24,0.0058969667
1982-11-26,0.0059786801
1982-11-29,-0.0041941390
1982-11-30,0.0255716609
1982-12-01,0.0026273484
1982-12-02,0.0000655851
1982-12-03,-0.0006983515
1982-12-06,0.0160502072
1982-12-07,0.0052095408
1982-12-08,-0.0040238760
1982-12-09,-0.0110822915
1982-12-10,-0.0055546223
1982-12-13,0.0014118160
1982-12-14,-0.0157769412
1982-12-15,-0.0162520654
1982-12-16,-0.0013087291
1982-12-17,0.0139212532
1982-12-20,-0.0075621673
1982-12-21,0.0131345492
1982-12-22,0.0022353301
1982-12-23,0.0055790286
1982-12-27,0.0145483385
1982-12-28,-0.0080215173
1982-12-29,0.0030226376
1982-12-30,-0.0061655049
1982-12-31,0.0033614871
1983-01-03,-0.0165318328
1983-01-04,0.0180183126
1983-01-05,0.0050414298
1983-01-06,0.0239117811
1983-01-07,0.0007401234
1983-01-10,0.0110563107
1983-01-11,-0.0055868255
1983-01-12,0.0063635237
1983-01-13,-0.0052800306
1983-01-14,0.0067784051
1983-01-17,0.0021539909
1983-01-18,-0.0016911675
1983-01-19,-0.0093393736
1983-01-20,0.0057961580
1983-01-21,-0.0196075025
1983-01-24,-0.0319947511
1983-01-25,0.0104679081
1983-01-26,0.0004406356
1983-01-27,0.0168169866
1983-01-28,0.0019752050
1983-01-31,0.0053886621
1983-02-01,-0.0113615870
1983-02-02,0.0001798550
1983-02-03,0.0073704998
1983-02-04,0.0133913421
1983-02-07,0.0053303122
1983-02-08,-0.0077861423
1983-02-09,-0.0039986311
1983-02-10,0.0171932334
1983-02-11,0.0016372657
1983-02-14,0.0100331519
1983-02-15,-0.0025066120
1983-02-16,-0.0064055091
1983-02-17,-0.0008909580
1983-02-18,0.0054715729
1983-02-22,-0.0177048730
1983-02-23,0.0094949916
1983-02-24,0.0208685725
1983-02-25,0.0011628266
1983-02-28,-0.0122369384
1983-03-01,0.0184570381
1983-03-02,0.0097997646
1983-03-03,0.0086817923
1983-03-04,0.0021804551
1983-03-07,0.0001118603
1983-03-08,-0.0179708730
1983-03-09,0.0106699934
1983-03-10,-0.0061334045
1983-03-11,-0.0042599764
1983-03-14,-0.0055674632
1983-03-15,0.0026441270
1983-03-16,-0.0101238730
1983-03-17,-0.0028088730
1983-03-18,0.0026441270
1983-03-21,0.0091611270
1983-03-22,-0.0028088730
1983-03-23,0.0163431270
1983-03-24,0.0051711270
1983-03-25,-0.0038728730
1983-03-28,-0.0078628730
1983-03-29,-0.0022768730
1983-03-30,0.0127521270
1983-03-31,-0.0028088730
1983-04-04,-0.0009468730
1983-04-05,-0.0078628730
1983-04-06,-0.0089268730
1983-04-07,0.0042401270
1983-04-08,0.0076981270
1983-04-11,0.0170081270
1983-04-12,0.0058361270
1983-04-13,0.0092941270
1983-04-14,0.0111561270
1983-04-15,0.0065011270
1983-04-18,0.0079641270
1983-04-19,-0.0082618730
1983-04-20,0.0148801270
1983-04-21,-0.0032078730
1983-04-22,0.0029101270
1983-04-25,-0.0123848730
1983-04-26,0.0198011270
1983-04-27,-0.0014788730
1983-04-28,0.0114221270
1983-04-29,0.0099591270
1983-05-02,-0.0166408730
1983-05-03,0.0001171270
1983-05-04,0.0108901270
1983-05-05,0.0110231270
1983-05-06,0.0154121270
1983-05-09,0.0001171270
1983-05-10,0.0027771270
1983-05-11,-0.0077298730
1983-05-12,-0.0048038730
1983-05-13,0.0057031270
1983-05-16,-0.0130498730
1983-05-17,0.0045061270
1983-05-18,0.0001171270
1983-05-19,-0.0089268730
1983-05-20,-0.0004148730
1983-05-23,0.0091611270
1983-05-24,0.0164761270
1983-05-25,0.0065011270
1983-05-26,-0.0029418730
1983-05-27,-0.0053358730
1983-05-31,-0.0158428730
1983-06-01,0.0001171270
1983-06-02,0.0103581270
1983-06-03,0.0053041270
1983-06-06,0.0043731270
1983-06-07,-0.0125178730
1983-06-08,-0.0110548730
1983-06-09,0.0030431270
1983-06-10,0.0086291270
1983-06-13,0.0154121270
1983-06-14,0.0055701270
1983-06-15,0.0115551270
1983-06-16,0.0139491270
1983-06-17,-0.0005478730
1983-06-20,-0.0016118730
1983-06-21,0.0091611270
1983-06-22,0.0030431270
1983-06-23,-0.0029418730
1983-06-24,0.0021121270
1983-06-27,-0.0153108730
1983-06-28,-0.0243548730
1983-06-29,0.0055100429
1983-06-30,0.0108901270
1983-07-01,0.0074321270
1983-07-05,-0.0177048730
1983-07-06,0.0121374000
1983-07-07,-0.0055263770
1983-07-08,-0.0031972000
1983-07-11,0.0061021270
1983-07-12,-0.0189018730
1983-07-13,-0.0032848327
1983-07-14,0.0037081270
1983-07-15,-0.0134488730
1983-07-18,-0.0057348730
1983-07-19,0.0059691270
1983-07-20,0.0312391270
1983-07-21,0.0008662728
1983-07-22,-0.0003626445
1983-07-25,0.0036166528
1983-07-26,0.0040353612
1983-07-27,-0.0207928006
1983-07-28,-0.0190115292
1983-07-29,-0.0161427930
1983-08-01,-0.0055696770
1983-08-02,-0.0005853694
1983-08-03,0.0060550878
1983-08-04,-0.0145292831
1983-08-05,0.0031198319
1983-08-08,-0.0191711700
1983-08-09,0.0036914312
1983-08-10,0.0096604287
1983-08-11,0.0011914644
1983-08-12,0.0067850668
1983-08-15,0.0106298670
1983-08-16,-0.0044894424
1983-08-17,0.0120871270
1983-08-18,-0.0102995738
1983-08-19,0.0017098465
1983-08-22,0.0006491270
1983-08-23,-0.0133158730
1983-08-24,-0.0121188730
1983-08-25,-0.0042718730
1983-08-26,0.0086291270
1983-08-29,-0.0005478730
1983-08-30,0.0025111270
1983-08-31,0.0134171270
1983-09-01,-0.0002818730
1983-09-02,0.0079641270
1983-09-06,0.0196681270
1983-09-07,0.0006491270
1983-09-08,-0.0001488730
1983-09-09,-0.0021438730
1983-09-12,-0.0111878730
1983-09-13,-0.0077298730
1983-09-14,0.0031761270
1983-09-15,-0.0061338730
1983-09-16,0.0112891270
1983-09-19,0.0132841270
1983-09-20,0.0095601270
1983-09-21,-0.0052028730
1983-09-22,0.0094271270
1983-09-23,-0.0020108730
1983-09-26,0.0017131270
1983-09-27,-0.0119858730
1983-09-28,-0.0036068730
1983-09-29,-0.0053358730
1983-09-30,-0.0090598730
1983-10-03,-0.0037398730
1983-10-04,0.0034421270
1983-10-05,0.0090281270
1983-10-06,0.0168751270
1983-10-07,0.0037081270
1983-10-10,0.0095601270
1983-10-11,-0.0154438730
1983-10-12,-0.0082618730
1983-10-13,-0.0006808730
1983-10-14,-0.0000158730
1983-10-17,0.0013141270
1983-10-18,-0.0210298730
1983-10-19,-0.0110548730
1983-10-20,0.0023781270
1983-10-21,-0.0095918730
1983-10-24,-0.0020108730
1983-10-25,0.0034421270
1983-10-26,-0.0074638730
1983-10-27,-0.0044048730
1983-10-28,-0.0105228730
1983-10-31,-0.0013458730
1983-11-01,-0.0004148730
1983-11-02,0.0102251270
1983-11-03,-0.0079958730
1983-11-04,-0.0077298730
1983-11-07,-0.0053358730
1983-11-08,-0.0029418730
1983-11-09,0.0140821270
1983-11-10,0.0045061270
1983-11-11,0.0159441270
1983-11-14,0.0050381270
1983-11-15,-0.0074638730
1983-11-16,0.0051711270
1983-11-17,0.0007821270
1983-11-18,-0.0052028730
1983-11-21,0.0067671270
1983-11-22,0.0051711270
1983-11-23,0.0002501270
1983-11-25,0.0026441270
1983-11-28,-0.0048038730
1983-11-29,0.0091611270
1983-11-30,-0.0091928730
1983-12-01,0.0003831270
1983-12-02,-0.0086608730
1983-12-05,-0.0000158730
1983-12-06,-0.0025428730
1983-12-07,0.0027771270
1983-12-08,-0.0063998730
1983-12-09,-0.0000158730
1983-12-12,0.0015801270
1983-12-13,-0.0050698730
1983-12-14,-0.0129168730
1983-12-15,-0.0114538730
1983-12-16,0.0039741270
1983-12-19,-0.0006808730
1983-12-20,-0.0032078730
1983-12-21,0.0095601270
1983-12-22,-0.0025428730
1983-12-23,-0.0004148730
1983-12-27,0.0087621270
1983-12-28,0.0027771270
1983-12-29,-0.0022768730
1983-12-30,0.0026441270
1984-01-03,-0.0061338730
1984-01-04,0.0196681270
1984-01-05,0.0167421270
1984-01-06,0.0054371270
1984-01-09,-0.0021438730
1984-01-10,-0.0053358730
1984-01-11,-0.0014788730
1984-01-12,-0.0008138730
1984-01-13,-0.0050698730
1984-01-16,-0.0002818730
1984-01-17,0.0038411270
1984-01-18,-0.0022768730
1984-01-19,-0.0045378730
1984-01-20,-0.0082618730
1984-01-23,-0.0122518730
1984-01-24,0.0043731270
1984-01-25,-0.0078628730
1984-01-26,-0.0062668730
1984-01-27,-0.0030748730
1984-01-30,-0.0113208730
1984-01-31,0.0006491270
1984-02-01,-0.0065328730
1984-02-02,0.0039741270
1984-02-03,-0.0178378730
1984-02-06,-0.0222268730
1984-02-07,0.0015801270
1984-02-08,-0.0230248730
1984-02-09,-0.0067988730
1984-02-10,0.0067671270
1984-02-13,-0.0129168730
1984-02-14,0.0122201270
1984-02-15,-0.0020108730
1984-02-16,-0.0028088730
1984-02-17,-0.0036068730
1984-02-21,-0.0099908730
1984-02-22,-0.0036068730
1984-02-23,-0.0025428730
1984-02-24,0.0271161270
1984-02-27,0.0145489849
1984-02-28,-0.0174040229
1984-02-29,0.0022569609
1984-03-01,-0.0000158730
1984-03-02,-0.0000158730
1984-03-05,-0.0000158730
1984-03-06,-0.0000158730
1984-03-07,-0.0000158730
1984-03-08,-0.0000158730
1984-03-09,-0.0000158730
1984-03-12,-0.0000158730
1984-03-13,-0.0000158730
1984-03-14,-0.0000158730
1984-03-15,-0.0000158730
1984-03-16,-0.0000158730
1984-03-19,-0.0000158730
1984-03-20,-0.0000158730
1984-03-21,-0.0000158730
1984-03-22,-0.0000158730
1984-03-23,-0.0000158730
1984-03-26,-0.0000158730
1984-03-27,-0.0000158730
1984-03-28,-0.0000158730
1984-03-29,-0.0000158730
1984-03-30,-0.0000158730
1984-04-02,-0.0000158730
1984-04-03,-0.0000158730
1984-04-04,-0.0000158730
1984-04-05,-0.0000158730
1984-04-06,-0.0000158730
1984-04-09,-0.0000158730
1984-04-10,-0.0000158730
1984-04-11,-0.0000158730
1984-04-12,-0.0000158730
1984-04-13,-0.0000158730
1984-04-16,-0.0000158730
1984-04-17,-0.0000158730
1984-04-18,-0.0000158730
1984-04-19,-0.0000158730
1984-04-23,-0.0000158730
1984-04-24,-0.0000158730
1984-04-25,-0.0000158730
1984-04-26,-0.0000158730
1984-04-27,-0.0000158730
1984-04-30,-0.0000158730
1984-05-01,-0.0000158730
1984-05-02,-0.0000158730
1984-05-03,-0.0000158730
1984-05-04,-0.0000158730
1984-05-07,-0.0000158730
1984-05-08,-0.0000158730
1984-05-09,-0.0000158730
1984-05-10,-0.0000158730
1984-05-11,-0.0000158730
1984-05-14,-0.0000158730
1984-05-15,-0.0000158730
1984-05-16,-0.0000158730
1984-05-17,-0.0000158730
1984-05-18,-0.0000158730
1984-05-21,-0.0000158730
1984-05-22,-0.0000158730
1984-05-23,-0.0000158730
1984-05-24,-0.0000158730
1984-05-25,-0.0000158730
1984-05-29,-0.0000158730
1984-05-30,-0.0000158730
1984-05-31,-0.0000158730
1984-06-01,-0.0000158730
1984-06-04,-0.0000158730
1984-06-05,-0.0000158730
1984-06-06,-0.0000158730
1984-06-07,-0.0000158730
1984-06-08,-0.0000158730
1984-06-11,-0.0000158730
1984-06-12,-0.0000158730
1984-06-13,-0.0000158730
1984-06-14,-0.0000158730
1984-06-15,-0.0000158730
1984-06-18,-0.0000158730
1984-06-19,-0.0000158730
1984-06-20,-0.0000158730
1984-06-21,-0.0000158730
1984-06-22,-0.0000158730
1984-06-25,-0.0000158730
1984-06-26,-0.0000158730
1984-06-27,-0.0000158730
1984-06-28,-0.0000158730
1984-06-29,-0.0000158730
1984-07-02,-0.0000158730
1984-07-03,-0.0000158730
1984-07-05,-0.0000158730
1984-07-06,-0.0000158730
1984-07-09,-0.0000158730
1984-07-10,-0.0000158730
1984-07-11,-0.0000158730
1984-07-12,-0.0000158730
1984-07-13,-0.0000158730
1984-07-16,-0.0000158730
1984-07-17,-0.0000158730
1984-07-18,-0.0000158730
1984-07-19,-0.0000158730
1984-07-20,-0.0000158730
1984-07-23,-0.0000158730
1984-07-24,-0.0000158730
1984-07-25,-0.0000158730
1984-07-26,-0.0000158730
1984-07-27,-0.0000158730
1984-07-30,-0.0000158730
1984-07-31,-0.0000158730
1984-08-01,-0.0000158730
1984-08-02,-0.0000158730
1984-08-03,-0.0000158730
1984-08-06,-0.0000158730
1984-08-07,-0.0000158730
1984-08-08,-0.0000158730
1984-08-09,-0.0000158730
1984-08-10,-0.0000158730
1984-08-13,-0.0000158730
1984-08-14,-0.0000158730
1984-08-15,-0.0000158730
1984-08-16,-0.0000158730
1984-08-17,-0.0000158730
1984-08-20,-0.0000158730
1984-08-21,-0.0000158730
1984-08-22,-0.0000158730
1984-08-23,-0.0000158730
1984-08-24,-0.0000158730
1984-08-27,-0.0000158730
1984-08-28,-0.0000158730
1984-08-29,-0.0000158730
1984-08-30,-0.0000158730
1984-08-31,-0.0000158730
1984-09-04,-0.0119858730
1984-09-05,-0.0050698730
1984-09-06,0.0091611270
1984-09-07,-0.0082618730
1984-09-10,-0.0016118730
1984-09-11,0.0025111270
1984-09-12,-0.0004148730
1984-09-13,0.0208651270
1984-09-14,0.0079641270
1984-09-17,0.0005161270
1984-09-18,-0.0081288730
1984-09-19,-0.0056018730
1984-09-20,0.0033091270
1984-09-21,-0.0110548730
1984-09-24,-0.0045378730
1984-09-25,0.0005161270
1984-09-26,0.0034421270
1984-09-27,0.0037081270
1984-09-28,-0.0060008730
1984-10-01,-0.0111878730
1984-10-02,-0.0093258730
1984-10-03,-0.0089268730
1984-10-04,0.0021121270
1984-10-05,-0.0014788730
1984-10-08,-0.0053358730
1984-10-09,-0.0030748730
1984-10-10,0.0018461270
1984-10-11,0.0054371270
1984-10-12,0.0104911270
1984-10-15,0.0103581270
1984-10-16,-0.0056018730
1984-10-17,-0.0040058730
1984-10-18,0.0256531270
1984-10-19,0.0014471270
1984-10-22,-0.0050698730
1984-10-23,-0.0021438730
1984-10-24,-0.0001488730
1984-10-25,-0.0075968730
1984-10-26,-0.0087938730
1984-10-29,-0.0045378730
1984-10-30,0.0134171270
1984-10-31,-0.0045378730
1984-11-01,0.0090281270
1984-11-02,0.0010481270
1984-11-05,0.0083631270
1984-11-06,0.0124861270
1984-11-07,-0.0089268730
1984-11-08,-0.0028088730
1984-11-09,-0.0061338730
1984-11-12,-0.0028088730
1984-11-13,-0.0101238730
1984-11-14,-0.0013458730
1984-11-15,-0.0017448730
1984-11-16,-0.0118528730
1984-11-19,-0.0097248730
1984-11-20,0.0057031270
1984-11-21,0.0026441270
1984-11-23,0.0168751270
1984-11-26,-0.0082618730
1984-11-27,0.0061021270
1984-11-28,-0.0093258730
1984-11-29,-0.0089268730
1984-11-30,-0.0036068730
1984-12-03,-0.0063998730
1984-12-04,0.0023781270
1984-12-05,-0.0095918730
1984-12-06,0.0033091270
1984-12-07,-0.0028088730
1984-12-10,0.0030431270
1984-12-11,0.0022451270
1984-12-12,-0.0029418730
1984-12-13,-0.0053358730
1984-12-14,0.0062351270
1984-12-17,0.0061021270
1984-12-18,0.0319041270
1984-12-19,-0.0034704947
1984-12-20,-0.0057348730
1984-12-21,-0.0049368730
1984-12-24,0.0088951270
1984-12-26,-0.0018778730
1984-12-27,-0.0058678730
1984-12-28,0.0030431270
1984-12-31,0.0061021270
1985-01-02,-0.0123848730
1985-01-03,-0.0044048730
1985-01-04,-0.0057348730
1985-01-07,0.0033091270
1985-01-08,-0.0006808730
1985-01-09,0.0083631270
1985-01-10,0.0224611270
1985-01-11,-0.0006808730
1985-01-14,0.0187371270
1985-01-15,0.0034421270
1985-01-16,0.0053041270
1985-01-17,-0.0016118730
1985-01-18,0.0041071270
1985-01-21,0.0260521270
1985-01-22,0.0023781270
1985-01-23,0.0131511270
1985-01-24,-0.0020108730
1985-01-25,0.0053041270
1985-01-28,0.0022451270
1985-01-29,0.0110231270
1985-01-30,0.0031761270
1985-01-31,0.0005161270
1985-02-01,-0.0060008730
1985-02-04,0.0128851270
1985-02-05,0.0039741270
1985-02-06,0.0010481270
1985-02-07,0.0104911270
1985-02-08,0.0031761270
1985-02-11,-0.0103898730
1985-02-12,-0.0006808730
1985-02-13,0.0179391270
1985-02-14,-0.0041388730
1985-02-15,-0.0056018730
1985-02-19,-0.0018778730
1985-02-20,0.0002501270
1985-02-21,-0.0073308730
1985-02-22,-0.0052028730
1985-02-25,-0.0033408730
1985-02-26,0.0110231270
1985-02-27,-0.0025428730
1985-02-28,0.0025111270
1985-03-01,0.0138161270
1985-03-04,-0.0070648730
1985-03-05,0.0006491270
1985-03-06,-0.0103898730
1985-03-07,-0.0077298730
1985-03-08,-0.0036068730
1985-03-11,-0.0029418730
1985-03-12,0.0042401270
1985-03-13,-0.0114538730
1985-03-14,-0.0020108730
1985-03-15,-0.0061338730
1985-03-18,-0.0016118730
1985-03-19,0.0160771270
1985-03-20,-0.0028088730
1985-03-21,0.0018461270
1985-03-22,-0.0028088730
1985-03-25,-0.0075968730
1985-03-26,0.0021121270
1985-03-27,0.0075651270
1985-03-28,0.0013141270
1985-03-29,0.0074321270
1985-04-01,0.0037081270
1985-04-02,-0.0048038730
1985-04-03,-0.0098578730
1985-04-04,-0.0012128730
1985-04-08,-0.0060008730
1985-04-09,0.0005161270
1985-04-10,0.0078311270
1985-04-11,0.0057031270
1985-04-12,0.0019791270
1985-04-15,0.0026441270
1985-04-16,0.0019791270
1985-04-17,0.0027771270
1985-04-18,-0.0061338730
1985-04-19,0.0011811270
1985-04-22,-0.0038728730
1985-04-23,0.0071661270
1985-04-24,0.0018461270
1985-04-25,0.0065011270
1985-04-26,-0.0070648730
1985-04-29,-0.0109218730
1985-04-30,-0.0069318730
1985-05-01,-0.0089268730
1985-05-02,0.0018461270
1985-05-03,0.0076981270
1985-05-06,0.0005161270
1985-05-07,0.0053041270
1985-05-08,-0.0001488730
1985-05-09,0.0096931270
1985-05-10,0.0172741270
1985-05-13,0.0019791270
1985-05-14,-0.0041388730
1985-05-15,0.0038411270
1985-05-16,0.0071661270
1985-05-17,0.0120871270
1985-05-20,0.0155451270
1985-05-21,-0.0006808730
1985-05-22,-0.0075968730
1985-05-23,-0.0062668730
1985-05-24,0.0041071270
1985-05-28,-0.0022768730
1985-05-29,-0.0010798730
1985-05-30,-0.0002818730
1985-05-31,0.0099591270
1985-06-03,0.0006491270
1985-06-04,0.0049051270
1985-06-05,0.0017131270
1985-06-06,0.0047721270
1985-06-07,-0.0081288730
1985-06-10,-0.0016118730
1985-06-11,-0.0029418730
1985-06-12,-0.0081288730
1985-06-13,-0.0147788730
1985-06-14,0.0098261270
1985-06-17,-0.0034738730
1985-06-18,0.0049051270
1985-06-19,-0.0029418730
1985-06-20,-0.0009468730
1985-06-21,0.0140821270
1985-06-24,0.0003831270
1985-06-25,0.0046391270
1985-06-26,0.0021121270
1985-06-27,0.0078311270
1985-06-28,0.0038411270
1985-07-01,0.0035751270
1985-07-02,-0.0016118730
1985-07-03,-0.0026758730
1985-07-05,0.0070331270
1985-07-08,-0.0041388730
1985-07-09,-0.0049368730
1985-07-10,0.0078311270
1985-07-11,0.0045061270
1985-07-12,0.0027771270
1985-07-15,-0.0020108730
1985-07-16,0.0130181270
1985-07-17,0.0049051270
1985-07-18,-0.0075968730
1985-07-19,0.0039741270
1985-07-22,-0.0060008730
1985-07-23,-0.0111878730
1985-07-24,-0.0082618730
1985-07-25,0.0010481270
1985-07-26,0.0014471270
1985-07-29,-0.0185028730
1985-07-30,0.0006491270
1985-07-31,0.0065011270
1985-08-01,0.0092941270
1985-08-02,-0.0030748730
1985-08-05,-0.0070648730
1985-08-06,-0.0159758730
1985-08-07,-0.0038728730
1985-08-08,0.0092941270
1985-08-09,-0.0030748730
1985-08-12,-0.0045378730
1985-08-13,-0.0025428730
1985-08-14,0.0011811270
1985-08-15,-0.0008138730
1985-08-16,-0.0074638730
1985-08-19,0.0014471270
1985-08-20,0.0088951270
1985-08-21,0.0063681270
1985-08-22,-0.0101238730
1985-08-23,-0.0016118730
1985-08-26,0.0015801270
1985-08-27,0.0045061270
1985-08-28,0.0041071270
1985-08-29,0.0009151270
1985-08-30,-0.0006808730
1985-09-03,-0.0056018730
1985-09-04,-0.0044048730
1985-09-05,-0.0005478730
1985-09-06,0.0053041270
1985-09-09,0.0010481270
1985-09-10,-0.0099908730
1985-09-11,-0.0137148730
1985-09-12,-0.0105228730
1985-09-13,-0.0079958730
1985-09-16,-0.0018778730
1985-09-17,-0.0123848730
1985-09-18,0.0009151270
1985-09-19,0.0114221270
1985-09-20,-0.0061338730
1985-09-23,0.0120871270
1985-09-24,-0.0101238730
1985-09-25,-0.0133158730
1985-09-26,0.0009151270
1985-09-30,0.0035751270
1985-10-01,0.0180721270
1985-10-02,-0.0052028730
1985-10-03,0.0014471270
1985-10-04,-0.0070648730
1985-10-07,-0.0090598730
1985-10-08,-0.0017448730
1985-10-09,0.0045061270
1985-10-10,0.0031761270
1985-10-11,0.0103581270
1985-10-14,0.0134171270
1985-10-15,-0.0016118730
1985-10-16,0.0111561270
1985-10-17,0.0006491270
1985-10-18,-0.0030748730
1985-10-21,-0.0013458730
1985-10-22,0.0067671270
1985-10-23,0.0061021270
1985-10-24,-0.0026758730
1985-10-25,-0.0069318730
1985-10-28,0.0009151270
1985-10-29,0.0094271270
1985-10-30,0.0055701270
1985-10-31,-0.0008138730
1985-11-01,0.0096931270
1985-11-04,-0.0005478730
1985-11-05,0.0076981270
1985-11-06,0.0038411270
1985-11-07,0.0002501270
1985-11-08,0.0090281270
1985-11-11,0.0202001270
1985-11-12,0.0066341270
1985-11-13,-0.0061338730
1985-11-14,0.0111561270
1985-11-15,-0.0042718730
1985-11-18,0.0025111270
1985-11-19,0.0006491270
1985-11-20,0.0013141270
1985-11-21,0.0143481270
1985-11-22,0.0021121270
1985-11-25,-0.0073308730
1985-11-26,0.0017131270
1985-11-27,0.0107571270
1985-11-29,-0.0002818730
1985-12-02,-0.0101238730
1985-12-03,0.0026441270
1985-12-04,0.0198011270
1985-12-05,-0.0006808730
1985-12-06,-0.0069318730
1985-12-09,0.0075651270
1985-12-10,0.0013141270
1985-12-11,0.0116881270
1985-12-12,0.0030431270
1985-12-13,0.0183381270
1985-12-16,0.0102251270
1985-12-17,-0.0081288730
1985-12-18,-0.0058678730
1985-12-19,0.0003831270
1985-12-20,0.0051711270
1985-12-23,-0.0135818730
1985-12-24,-0.0075968730
1985-12-26,0.0025111270
1985-12-27,0.0115551270
1985-12-30,0.0051711270
1985-12-31,0.0041071270
1986-01-02,-0.0083948730
1986-01-03,0.0074321270
1986-01-06,-0.0005478730
1986-01-07,0.0183381270
1986-01-08,-0.0288768730
1986-01-09,-0.0138995115
1986-01-10,-0.0002482213
1986-01-13,0.0033932969
1986-01-14,-0.0000158730
1986-01-15,0.0104796491
1986-01-16,0.0061021270
1986-01-17,-0.0022768730
1986-01-20,-0.0052028730
1986-01-21,-0.0089268730
1986-01-22,-0.0123848730
1986-01-23,0.0031761270
1986-01-24,0.0126191270
1986-01-27,0.0059691270
1986-01-28,0.0130181270
1986-01-29,0.0031761270
1986-01-30,-0.0045378730
1986-01-31,0.0123531270
1986-02-03,0.0123531270
1986-02-04,-0.0033408730
1986-02-05,0.0009151270
1986-02-06,0.0034421270
1986-02-07,0.0065011270
1986-02-10,0.0087621270
1986-02-11,0.0003831270
1986-02-12,0.0018461270
1986-02-13,0.0075651270
1986-02-14,0.0118211270
1986-02-18,0.0150131270
1986-02-19,-0.0122518730
1986-02-20,0.0110231270
1986-02-21,0.0134171270
1986-02-24,-0.0016118730
1986-02-25,-0.0030748730
1986-02-26,0.0013141270
1986-02-27,0.0151461270
1986-02-28,0.0025111270
1986-03-03,-0.0052028730
1986-03-04,-0.0018778730
1986-03-05,-0.0026758730
1986-03-06,0.0054371270
1986-03-07,0.0018461270
1986-03-10,0.0057031270
1986-03-11,0.0247221270
1986-03-12,0.0058361270
1986-03-13,0.0026441270
1986-03-14,0.0136831270
1986-03-17,-0.0099908730
1986-03-18,0.0062351270
1986-03-19,-0.0022768730
1986-03-20,0.0051711270
1986-03-21,-0.0110548730
1986-03-24,0.0053041270
1986-03-25,-0.0033408730
1986-03-26,0.0131511270
1986-03-27,0.0095601270
1986-03-31,0.0009151270
1986-04-01,-0.0161088730
1986-04-02,0.0011811270
1986-04-03,-0.0135818730
1986-04-04,-0.0194338730
1986-04-07,-0.0042718730
1986-04-08,0.0252541270
1986-04-09,0.0024542859
1986-04-10,0.0119311793
1986-04-11,-0.0010057456
1986-04-14,0.0068372017
1986-04-15,0.0018461270
1986-04-16,0.0233921270
1986-04-17,0.0041478802
1986-04-18,-0.0014707446
1986-04-21,0.0100921270
1986-04-22,-0.0103898730
1986-04-23,-0.0056018730
1986-04-24,0.0023781270
1986-04-25,-0.0000158730
1986-04-28,0.0023781270
1986-04-29,-0.0129168730
1986-04-30,-0.0251528730
1986-05-01,-0.0024978409
1986-05-02,-0.0007961629
1986-05-05,0.0147471270
1986-05-06,-0.0015757354
1986-05-07,-0.0056018730
1986-05-08,0.0066341270
1986-05-09,0.0039741270
1986-05-12,-0.0022768730
1986-05-13,-0.0053358730
1986-05-14,0.0050381270
1986-05-15,-0.0145128730
1986-05-16,-0.0075968730
1986-05-19,0.0007821270
1986-05-20,0.0134171270
1986-05-21,-0.0021438730
1986-05-22,0.0213971270
1986-05-23,0.0072991270
1986-05-27,0.0168751270
1986-05-28,0.0090281270
1986-05-29,0.0053041270
1986-05-30,-0.0017448730
1986-06-02,-0.0099908730
1986-06-03,0.0013141270
1986-06-04,-0.0065328730
1986-06-05,0.0057031270
1986-06-06,0.0001171270
1986-06-09,-0.0266158730
1986-06-10,-0.0028347512
1986-06-11,0.0080971270
1986-06-12,0.0022451270
1986-06-13,0.0192691270
1986-06-16,0.0001145632
1986-06-17,-0.0075968730
1986-06-18,0.0005161270
1986-06-19,-0.0021438730
1986-06-20,0.0100921270
1986-06-23,-0.0071978730
1986-06-24,0.0102251270
1986-06-25,0.0094271270
1986-06-26,-0.0006808730
1986-06-27,0.0038411270
1986-06-30,0.0069001270
1986-07-01,0.0062351270
1986-07-02,0.0043731270
1986-07-03,-0.0028088730
1986-07-07,-0.0385858730
1986-07-08,-0.0163382954
1986-07-09,0.0066428229
1986-07-10,-0.0000158730
1986-07-11,-0.0012370425
1986-07-14,-0.0192169490
1986-07-15,-0.0185097753
1986-07-16,0.0040280465
1986-07-17,0.0049927236
1986-07-18,0.0004289728
1986-07-21,-0.0019900077
1986-07-22,0.0091123392
1986-07-23,0.0014424138
1986-07-24,-0.0035704016
1986-07-25,0.0100807237
1986-07-28,-0.0215130252
1986-07-29,-0.0081317446
1986-07-30,0.0060048767
1986-07-31,-0.0015495893
1986-08-01,-0.0057348730
1986-08-04,0.0014471270
1986-08-05,0.0034421270
1986-08-06,-0.0020108730
1986-08-07,0.0031761270
1986-08-08,0.0002501270
1986-08-11,0.0198011270
1986-08-12,0.0144811270
1986-08-13,0.0122201270
1986-08-14,0.0046391270
1986-08-15,0.0030431270
1986-08-18,0.0005161270
1986-08-19,-0.0034738730
1986-08-20,0.0144811270
1986-08-21,-0.0005478730
1986-08-22,0.0017131270
1986-08-25,-0.0106558730
1986-08-26,0.0203331270
1986-08-27,0.0021121270
1986-08-28,-0.0012128730
1986-08-29,0.0005161270
1986-09-02,-0.0187688730
1986-09-03,0.0034421270
1986-09-04,0.0167421270
1986-09-05,-0.0166408730
1986-09-08,-0.0144742378
1986-09-09,-0.0036489230
1986-09-10,-0.0060378241
1986-09-11,-0.0589348730
1986-09-12,-0.0141075118
1986-09-15,0.0019856181
1986-09-16,-0.0014445386
1986-09-17,0.0025555065
1986-09-18,0.0012669399
1986-09-19,-0.0006377384
1986-09-22,0.0097346840
1986-09-23,0.0041166034
1986-09-24,0.0036867129
1986-09-25,-0.0150903750
1986-09-26,0.0003708942
1986-09-29,-0.0100228346
1986-09-30,0.0067241081
1986-10-01,0.0087102681
1986-10-02,0.0012532603
1986-10-03,-0.0010115234
1986-10-06,0.0039269756
1986-10-07,-0.0023050136
1986-10-08,0.0096987104
1986-10-09,-0.0033237440
1986-10-10,-0.0013436756
1986-10-13,0.0017131270
1986-10-14,-0.0026758730
1986-10-15,0.0160771270
1986-10-16,0.0035751270
1986-10-17,-0.0038728730
1986-10-20,-0.0130498730
1986-10-21,-0.0006808730
1986-10-22,0.0018461270
1986-10-23,0.0143481270
1986-10-24,-0.0034738730
1986-10-27,0.0029101270
1986-10-28,0.0026441270
1986-10-29,0.0080971270
1986-10-30,0.0134171270
1986-10-31,0.0006491270
1986-11-03,0.0079641270
1986-11-04,0.0027771270
1986-11-05,0.0027771270
1986-11-06,-0.0032078730
1986-11-07,-0.0002818730
1986-11-10,0.0007821270
1986-11-11,0.0042401270
1986-11-12,-0.0028088730
1986-11-13,-0.0170398730
1986-11-14,0.0057031270
1986-11-17,-0.0075968730
1986-11-18,-0.0300738730
1986-11-19,-0.0006642803
1986-11-20,0.0211311270
1986-11-21,0.0153283718
1986-11-24,0.0062934050
1986-11-25,0.0030785766
1986-11-26,0.0018538100
1986-11-28,0.0024666488
1986-12-01,-0.0021438730
1986-12-02,0.0227271270
1986-12-03,0.0012580490
1986-12-04,-0.0024098730
1986-12-05,-0.0090598730
1986-12-08,-0.0014788730
1986-12-09,-0.0090598730
1986-12-10,0.0067671270
1986-12-11,-0.0126508730
1986-12-12,-0.0060008730
1986-12-15,0.0010481270
1986-12-16,0.0079641270
1986-12-17,-0.0109218730
1986-12-18,-0.0048038730
1986-12-19,0.0110231270
1986-12-22,-0.0046708730
1986-12-23,-0.0130498730
1986-12-24,0.0043731270
1986-12-26,0.0014471270
1986-12-29,-0.0119858730
1986-12-30,-0.0071978730
1986-12-31,-0.0049368730
1987-01-02,0.0237911270
1987-01-05,0.0325691270
1987-01-06,0.0045145941
1987-01-07,0.0124401194
1987-01-08,0.0091374077
1987-01-09,0.0065771714
1987-01-12,0.0084531009
1987-01-13,-0.0011510064
1987-01-14,0.0122373282
1987-01-15,0.0118211270
1987-01-16,-0.0002818730
1987-01-19,0.0130181270
1987-01-20,-0.0012128730
1987-01-21,-0.0067988730
1987-01-22,0.0245891270
1987-01-23,-0.0150443172
1987-01-26,-0.0044518657
1987-01-27,0.0159257511
1987-01-28,0.0066685254
1987-01-29,-0.0047199403
1987-01-30,-0.0002741490
1987-02-02,0.0128851270
1987-02-03,-0.0004148730
1987-02-04,0.0160771270
1987-02-05,0.0090281270
1987-02-06,-0.0028088730
1987-02-09,-0.0082618730
1987-02-10,-0.0131828730
1987-02-11,0.0114221270
1987-02-12,-0.0061338730
1987-02-13,0.0166091270
1987-02-17,0.0223281270
1987-02-18,-0.0002687391
1987-02-19,0.0015594916
1987-02-20,-0.0004148730
1987-02-23,-0.0114538730
1987-02-24,0.0025111270
1987-02-25,0.0058361270
1987-02-26,-0.0030748730
1987-02-27,0.0049051270
1987-03-02,-0.0029418730
1987-03-03,0.0027771270
1987-03-04,0.0166091270
1987-03-05,0.0079641270
1987-03-06,-0.0002818730
1987-03-09,-0.0089268730
1987-03-10,0.0104911270
1987-03-11,-0.0010798730
1987-03-12,0.0038411270
1987-03-13,-0.0050698730
1987-03-16,-0.0079958730
1987-03-17,0.0155451270
1987-03-18,0.0007821270
1987-03-19,0.0057031270
1987-03-20,0.0140821270
1987-03-23,0.0086291270
1987-03-24,0.0015801270
1987-03-25,-0.0033408730
1987-03-26,0.0022451270
1987-03-27,-0.0175718730
1987-03-30,-0.0302068730
1987-03-31,0.0080802801
1987-04-01,0.0010564152
1987-04-02,0.0049750438
1987-04-03,0.0248325446
1987-04-06,0.0046072712
1987-04-07,-0.0166414406
1987-04-08,0.0007540569
1987-04-09,-0.0153502301
1987-04-10,-0.0030123341
1987-04-13,-0.0239380317
1987-04-14,-0.0257001016
1987-04-15,0.0146720369
1987-04-16,0.0080867410
1987-04-20,-0.0027108791
1987-04-21,0.0159235046
1987-04-22,-0.0124400813
1987-04-23,-0.0018181145
1987-04-24,-0.0146776771
1987-04-27,-0.0017903495
1987-04-28,0.0040756181
1987-04-29,0.0063175707
1987-04-30,0.0109773850
1987-05-01,-0.0012859978
1987-05-04,0.0032599468
1987-05-05,0.0188920363
1987-05-06,0.0002836277
1987-05-07,-0.0016891600
1987-05-08,-0.0035102533
1987-05-11,-0.0051231581
1987-05-12,0.0029192625
1987-05-13,0.0024399014
1987-05-14,0.0003698253
1987-05-15,-0.0260838730
1987-05-18,-0.0074063530
1987-05-19,-0.0241305845
1987-05-20,-0.0058374211
1987-05-21,0.0074044730
1987-05-22,0.0046453400
1987-05-26,0.0248292733
1987-05-27,0.0007553512
1987-05-28,0.0057434162
1987-05-29,-0.0004348683
1987-06-01,-0.0004548717
1987-06-02,-0.0053056124
1987-06-03,0.0160561601
1987-06-04,0.0057115690
1987-06-05,-0.0037137219
1987-06-08,0.0108631758
1987-06-09,0.0024959050
1987-06-10,0.0016955431
1987-06-11,0.0045061270
1987-06-12,0.0114221270
1987-06-15,0.0054371270
1987-06-16,0.0061021270
1987-06-17,0.0009151270
1987-06-18,0.0025111270
1987-06-19,0.0037081270
1987-06-22,0.0083631270
1987-06-23,-0.0042718730
1987-06-24,-0.0058678730
1987-06-25,0.0074321270
1987-06-26,-0.0061338730
1987-06-29,0.0006491270
1987-06-30,-0.0138478730
1987-07-01,-0.0032078730
1987-07-02,0.0083631270
1987-07-06,-0.0028088730
1987-07-07,0.0078311270
1987-07-08,0.0031761270
1987-07-09,-0.0017448730
1987-07-10,0.0026441270
1987-07-13,-0.0024098730
1987-07-14,0.0120871270
1987-07-15,-0.0008138730
1987-07-16,0.0074321270
1987-07-17,0.0061021270
1987-07-20,-0.0110548730
1987-07-21,-0.0106558730
1987-07-22,-0.0013458730
1987-07-23,-0.0037398730
1987-07-24,0.0049051270
1987-07-27,0.0051711270
1987-07-28,0.0062351270
1987-07-29,0.0118211270
1987-07-30,0.0095601270
1987-07-31,0.0026441270
1987-08-03,-0.0050698730
1987-08-04,-0.0040058730
1987-08-05,0.0094271270
1987-08-06,0.0144811270
1987-08-07,0.0051711270
1987-08-10,0.0175401270
1987-08-11,0.0179391270
1987-08-12,-0.0029418730
1987-08-13,0.0080971270
1987-08-14,-0.0012128730
1987-08-17,0.0013141270
1987-08-18,-0.0186358730
1987-08-19,0.0015801270
1987-08-20,0.0184711270
1987-08-21,0.0039741270
1987-08-24,-0.0078628730
1987-08-25,0.0107571270
1987-08-26,-0.0062668730
1987-08-27,-0.0109218730
1987-08-28,-0.0147788730
1987-08-31,0.0094271270
1987-09-01,-0.0210298730
1987-09-02,-0.0084418161
1987-09-03,-0.0058361889
1987-09-04,-0.0121188730
1987-09-08,-0.0167738730
1987-09-09,0.0027771270
1987-09-10,0.0123531270
1987-09-11,0.0176117801
1987-09-14,0.0025350768
1987-09-15,-0.0170242441
1987-09-16,-0.0093396482
1987-09-17,-0.0003886508
1987-09-18,-0.0013165297
1987-09-21,-0.0170398730
1987-09-22,0.0286753025
1987-09-23,0.0060460299
1987-09-24,-0.0027128747
1987-09-25,0.0012245499
1987-09-28,0.0086070040
1987-09-29,-0.0037534283
1987-09-30,0.0021169403
1987-10-01,0.0187691339
1987-10-02,0.0036846567
1987-10-05,0.0006299295
1987-10-06,-0.0298078730
1987-10-07,-0.0040670546
1987-10-08,-0.0148155642
1987-10-09,-0.0089768291
1987-10-12,-0.0083544434
1987-10-13,0.0150592308
1987-10-14,-0.0267345824
1987-10-15,-0.0215247113
1987-10-16,-0.0438020711
1987-10-19,-0.1133041671
1987-10-20,0.0016726536
1987-10-21,0.0198543464
1987-10-22,-0.0080539930
1987-10-23,-0.0012784169
1987-10-26,-0.0183272168
1987-10-27,0.0033218926
1987-10-28,-0.0004336776
1987-10-29,0.0108477085
1987-10-30,0.0080831373
1987-11-02,0.0028514871
1987-11-03,-0.0044509802
1987-11-04,-0.0015009972
1987-11-05,0.0054588888
1987-11-06,-0.0030403053
1987-11-09,-0.0069612354
1987-11-10,-0.0050612008
1987-11-11,0.0030109379
1987-11-12,0.0075323785
1987-11-13,-0.0025787032
1987-11-16,0.0009233543
1987-11-17,-0.0051781416
1987-11-18,0.0031658015
1987-11-19,-0.0075912627
1987-11-20,0.0020664674
1987-11-23,0.0012958665
1987-11-24,0.0055568703
1987-11-25,-0.0027144323
1987-11-27,-0.0055712876
1987-11-30,-0.0192209658
1987-12-01,-0.0000158730
1987-12-02,-0.0000158730
1987-12-03,-0.0000158730
1987-12-04,-0.0000158730
1987-12-07,-0.0000158730
1987-12-08,-0.0000158730
1987-12-09,-0.0000158730
1987-12-10,-0.0000158730
1987-12-11,-0.0000158730
1987-12-14,-0.0000158730
1987-12-15,-0.0000158730
1987-12-16,-0.0000158730
1987-12-17,-0.0000158730
1987-12-18,-0.0000158730
1987-12-21,-0.0000158730
1987-12-22,-0.0000158730
1987-12-23,-0.0000158730
1987-12-24,-0.0000158730
1987-12-28,-0.0000158730
1987-12-29,-0.0000158730
1987-12-30,-0.0000158730
1987-12-31,-0.0000158730
1988-01-04,-0.0000158730
1988-01-05,-0.0000158730
1988-01-06,-0.0000158730
1988-01-07,-0.0000158730
1988-01-08,-0.0000158730
1988-01-11,-0.0000158730
1988-01-12,-0.0000158730
1988-01-13,-0.0000158730
1988-01-14,-0.0000158730
1988-01-15,-0.0000158730
1988-01-18,-0.0000158730
1988-01-19,-0.0000158730
1988-01-20,-0.0000158730
1988-01-21,-0.0000158730
1988-01-22,-0.0000158730
1988-01-25,-0.0000158730
1988-01-26,-0.0000158730
1988-01-27,-0.0000158730
1988-01-28,-0.0000158730
1988-01-29,-0.0000158730
1988-02-01,-0.0000158730
1988-02-02,-0.0000158730
1988-02-03,-0.0000158730
1988-02-04,-0.0000158730
1988-02-05,-0.0000158730
1988-02-08,-0.0000158730
1988-02-09,-0.0000158730
1988-02-10,-0.0000158730
1988-02-11,-0.0000158730
1988-02-12,-0.0000158730
1988-02-16,-0.0000158730
1988-02-17,-0.0000158730
1988-02-18,-0.0000158730
1988-02-19,-0.0000158730
1988-02-22,-0.0000158730
1988-02-23,-0.0000158730
1988-02-24,-0.0000158730
1988-02-25,-0.0000158730
1988-02-26,-0.0000158730
1988-02-29,-0.0000158730
1988-03-01,-0.0000158730
1988-03-02,-0.0000158730
1988-03-03,-0.0000158730
1988-03-04,-0.0000158730
1988-03-07,-0.0000158730
1988-03-08,-0.0000158730
1988-03-09,-0.0000158730
1988-03-10,-0.0000158730
1988-03-11,-0.0000158730
1988-03-14,-0.0000158730
1988-03-15,-0.0000158730
1988-03-16,-0.0000158730
1988-03-17,-0.0000158730
1988-03-18,-0.0000158730
1988-03-21,-0.0000158730
1988-03-22,-0.0000158730
1988-03-23,-0.0000158730
1988-03-24,-0.0000158730
1988-03-25,-0.0000158730
1988-03-28,-0.0000158730
1988-03-29,-0.0000158730
1988-03-30,-0.0000158730
1988-03-31,-0.0000158730
1988-04-04,-0.0000158730
1988-04-05,-0.0000158730
1988-04-06,-0.0000158730
1988-04-07,-0.0000158730
1988-04-08,-0.0000158730
1988-04-11,-0.0000158730
1988-04-12,-0.0000158730
1988-04-13,-0.0000158730
1988-04-14,-0.0000158730
1988-04-15,-0.0000158730
1988-04-18,-0.0000158730
1988-04-19,-0.0000158730
1988-04-20,-0.0000158730
1988-04-21,-0.0000158730
1988-04-22,-0.0000158730
1988-04-25,-0.0000158730
1988-04-26,-0.0000158730
1988-04-27,-0.0000158730
1988-04-28,-0.0000158730
1988-04-29,-0.0000158730
1988-05-02,-0.0000158730
1988-05-03,-0.0000158730
1988-05-04,-0.0000158730
1988-05-05,-0.0000158730
1988-05-06,-0.0000158730
1988-05-09,-0.0000158730
1988-05-10,-0.0000158730
1988-05-11,-0.0000158730
1988-05-12,-0.0000158730
1988-05-13,-0.0000158730
1988-05-16,-0.0000158730
1988-05-17,-0.0000158730
1988-05-18,-0.0000158730
1988-05-19,-0.0000158730
1988-05-20,-0.0000158730
1988-05-23,-0.0000158730
1988-05-24,-0.0000158730
1988-05-25,-0.0000158730
1988-05-26,-0.0000158730
1988-05-27,-0.0000158730
1988-05-31,-0.0000158730
1988-06-01,-0.0000158730
1988-06-02,-0.0000158730
1988-06-03,-0.0000158730
1988-06-06,-0.0000158730
1988-06-07,-0.0000158730
1988-06-08,-0.0000158730
1988-06-09,-0.0000158730
1988-06-10,-0.0000158730
1988-06-13,-0.0000158730
1988-06-14,-0.0000158730
1988-06-15,-0.0000158730
1988-06-16,-0.0000158730
1988-06-17,-0.0000158730
1988-06-20,-0.0000158730
1988-06-21,-0.0000158730
1988-06-22,-0.0000158730
1988-06-23,-0.0000158730
1988-06-24,-0.0000158730
1988-06-27,-0.0000158730
1988-06-28,-0.0000158730
1988-06-29,-0.0000158730
1988-06-30,-0.0000158730
1988-07-01,-0.0000158730
1988-07-05,-0.0000158730
1988-07-06,-0.0000158730
1988-07-07,-0.0000158730
1988-07-08,-0.0000158730
1988-07-11,-0.0000158730
1988-07-12,-0.0000158730
1988-07-13,-0.0000158730
1988-07-14,-0.0000158730
1988-07-15,-0.0000158730
1988-07-18,-0.0000158730
1988-07-19,-0.0000158730
1988-07-20,-0.0000158730
1988-07-21,-0.0000158730
1988-07-22,-0.0000158730
1988-07-25,-0.0000158730
1988-07-26,-0.0000158730
1988-07-27,-0.0000158730
1988-07-28,-0.0000158730
1988-07-29,-0.0000158730
1988-08-01,-0.0000158730
1988-08-02,-0.0000158730
1988-08-03,-0.0000158730
1988-08-04,-0.0000158730
1988-08-05,-0.0000158730
1988-08-08,-0.0000158730
1988-08-09,-0.0000158730
1988-08-10,-0.0000158730
1988-08-11,-0.0000158730
1988-08-12,-0.0000158730
1988-08-15,-0.0000158730
1988-08-16,-0.0000158730
1988-08-17,-0.0000158730
1988-08-18,-0.0000158730
1988-08-19,-0.0000158730
1988-08-22,-0.0000158730
1988-08-23,-0.0000158730
1988-08-24,-0.0000158730
1988-08-25,-0.0000158730
1988-08-26,-0.0000158730
1988-08-29,-0.0000158730
1988-08-30,-0.0000158730
1988-08-31,-0.0000158730
1988-09-01,-0.0146458730
1988-09-02,0.0249881270
1988-09-06,0.0045419092
1988-09-07,0.0015252354
1988-09-08,0.0015801270
1988-09-09,0.0049051270
1988-09-12,-0.0013458730
1988-09-13,0.0030431270
1988-09-14,0.0074321270
1988-09-15,-0.0046708730
1988-09-16,0.0091611270
1988-09-19,-0.0062668730
1988-09-20,0.0035751270
1988-09-21,0.0022451270
1988-09-22,-0.0046708730
1988-09-23,0.0025111270
1988-09-26,-0.0045378730
1988-09-27,-0.0030748730
1988-09-28,0.0035751270
1988-09-29,0.0143481270
1988-09-30,-0.0010798730
1988-10-03,-0.0042718730
1988-10-04,-0.0025428730
1988-10-05,0.0049051270
1988-10-06,0.0019791270
1988-10-07,0.0209981270
1988-10-10,0.0009151270
1988-10-11,-0.0017448730
1988-10-12,-0.0166408730
1988-10-13,0.0039741270
1988-10-14,0.0013141270
1988-10-17,0.0026441270
1988-10-18,0.0106241270
1988-10-19,-0.0091928730
1988-10-20,0.0220621270
1988-10-21,0.0021121270
1988-10-24,-0.0042718730
1988-10-25,-0.0006808730
1988-10-26,-0.0045378730
1988-10-27,-0.0177048730
1988-10-28,0.0043731270
1988-10-31,0.0011811270
1988-11-01,0.0006491270
1988-11-02,-0.0005478730
1988-11-03,0.0010481270
1988-11-04,-0.0102568730
1988-11-07,-0.0119858730
1988-11-08,0.0050381270
1988-11-09,-0.0071978730
1988-11-10,0.0010481270
1988-11-11,-0.0242218730
1988-11-14,-0.0026758730
1988-11-15,0.0021121270
1988-11-16,-0.0207638730
1988-11-17,0.0014471270
1988-11-18,0.0076981270
1988-11-21,-0.0029418730
1988-11-22,0.0035751270
1988-11-23,0.0082301270
1988-11-25,-0.0077298730
1988-11-28,0.0047721270
1988-11-29,0.0106241270
1988-11-30,0.0120871270
1988-12-01,-0.0025428730
1988-12-02,-0.0026758730
1988-12-05,0.0114221270
1988-12-06,0.0111561270
1988-12-07,0.0017131270
1988-12-08,-0.0063998730
1988-12-09,0.0015801270
1988-12-12,-0.0024098730
1988-12-13,-0.0022768730
1988-12-14,-0.0044048730
1988-12-15,-0.0040058730
1988-12-16,0.0079641270
1988-12-19,0.0091611270
1988-12-20,-0.0041388730
1988-12-21,-0.0013458730
1988-12-22,-0.0013458730
1988-12-23,0.0049051270
1988-12-27,-0.0040058730
1988-12-28,0.0014471270
1988-12-29,0.0088951270
1988-12-30,-0.0030748730
1989-01-03,-0.0109218730
1989-01-04,0.0172741270
1989-01-05,0.0029101270
1989-01-06,0.0038411270
1989-01-09,0.0015801270
1989-01-10,-0.0028088730
1989-01-11,0.0057031270
1989-01-12,0.0047721270
1989-01-13,0.0018461270
1989-01-16,0.0015801270
1989-01-17,-0.0028088730
1989-01-18,0.0116881270
1989-01-19,0.0018461270
1989-01-20,-0.0008138730
1989-01-23,-0.0081288730
1989-01-24,0.0138161270
1989-01-25,0.0034421270
1989-01-26,0.0106241270
1989-01-27,0.0083631270
1989-01-30,0.0043731270
1989-01-31,0.0102251270
1989-02-01,-0.0001488730
1989-02-02,-0.0000158730
1989-02-03,0.0013141270
1989-02-06,-0.0022768730
1989-02-07,0.0138161270
1989-02-08,-0.0029418730
1989-02-09,-0.0093258730
1989-02-10,-0.0169068730
1989-02-13,0.0005161270
1989-02-14,-0.0013458730
1989-02-15,0.0098261270
1989-02-16,0.0029101270
1989-02-17,0.0072991270
1989-02-21,-0.0030748730
1989-02-22,-0.0195668730
1989-02-23,0.0034421270
1989-02-24,-0.0182368730
1989-02-27,0.0009151270
1989-02-28,0.0041071270
1989-03-01,-0.0049368730
1989-03-02,0.0111561270
1989-03-03,0.0047721270
1989-03-06,0.0131511270
1989-03-07,-0.0022768730
1989-03-08,0.0009151270
1989-03-09,-0.0013458730
1989-03-10,-0.0033408730
1989-03-13,0.0080971270
1989-03-14,-0.0009468730
1989-03-15,0.0051711270
1989-03-16,0.0106241270
1989-03-17,-0.0276798730
1989-03-20,-0.0129168730
1989-03-21,0.0059405081
1989-03-22,-0.0037398730
1989-03-23,-0.0052028730
1989-03-27,0.0047721270
1989-03-28,0.0046391270
1989-03-29,0.0031761270
1989-03-30,0.0007821270
1989-03-31,0.0100921270
1989-04-03,0.0059691270
1989-04-04,-0.0033408730
1989-04-05,0.0035751270
1989-04-06,-0.0034738730
1989-04-07,0.0074321270
1989-04-10,-0.0001488730
1989-04-11,0.0053041270
1989-04-12,0.0025111270
1989-04-13,-0.0099908730
1989-04-14,0.0175401270
1989-04-17,0.0009151270
1989-04-18,0.0150131270
1989-04-19,0.0046391270
1989-04-20,-0.0028088730
1989-04-21,0.0095601270
1989-04-24,-0.0021438730
1989-04-25,-0.0060008730
1989-04-26,0.0013141270
1989-04-27,0.0094271270
1989-04-28,0.0006491270
1989-05-01,-0.0018778730
1989-05-02,-0.0028088730
1989-05-03,0.0001171270
1989-05-04,-0.0008138730
1989-05-05,0.0001171270
1989-05-08,-0.0065328730
1989-05-09,-0.0025428730
1989-05-10,0.0019791270
1989-05-11,0.0039741270
1989-05-12,0.0241901270
1989-05-15,0.0087621270
1989-05-16,-0.0024098730
1989-05-17,0.0082301270
1989-05-18,0.0023781270
1989-05-19,0.0103581270
1989-05-22,0.0033091270
1989-05-23,-0.0122518730
1989-05-24,0.0026441270
1989-05-25,0.0010481270
1989-05-26,0.0087621270
1989-05-30,-0.0081288730
1989-05-31,0.0053041270
1989-06-01,0.0055701270
1989-06-02,0.0128851270
1989-06-05,-0.0115868730
1989-06-06,0.0058361270
1989-06-07,0.0107571270
1989-06-08,-0.0000158730
1989-06-09,-0.0002818730
1989-06-12,-0.0016118730
1989-06-13,-0.0089268730
1989-06-14,-0.0013458730
1989-06-15,-0.0141138730
1989-06-16,0.0033091270
1989-06-19,0.0010481270
1989-06-20,-0.0026758730
1989-06-21,-0.0028088730
1989-06-22,0.0051711270
1989-06-23,0.0187371270
1989-06-26,-0.0038728730
1989-06-27,0.0066341270
1989-06-28,-0.0093258730
1989-06-29,-0.0243548730
1989-06-30,-0.0070648730
1989-07-03,0.0043731270
1989-07-05,0.0041071270
1989-07-06,0.0046391270
1989-07-07,0.0120871270
1989-07-10,0.0069001270
1989-07-11,0.0063681270
1989-07-12,0.0039741270
1989-07-13,0.0007821270
1989-07-14,0.0049051270
1989-07-17,0.0025111270
1989-07-18,-0.0041388730
1989-07-19,0.0144811270
1989-07-20,-0.0077298730
1989-07-21,0.0055701270
1989-07-24,-0.0078628730
1989-07-25,0.0002501270
1989-07-26,0.0132841270
1989-07-27,0.0135501270
1989-07-28,0.0013141270
1989-07-31,0.0124861270
1989-08-01,-0.0066658730
1989-08-02,0.0023781270
1989-08-03,0.0030431270
1989-08-04,-0.0029418730
1989-08-07,0.0168751270
1989-08-08,0.0010481270
1989-08-09,-0.0062668730
1989-08-10,0.0046391270
1989-08-11,-0.0106558730
1989-08-14,-0.0066658730
1989-08-15,0.0043731270
1989-08-16,0.0025111270
1989-08-17,-0.0036068730
1989-08-18,0.0041071270
1989-08-21,-0.0170398730
1989-08-22,0.0001171270
1989-08-23,0.0115551270
1989-08-24,0.0223281270
1989-08-25,-0.0022768730
1989-08-28,0.0039741270
1989-08-29,-0.0066658730
1989-08-30,0.0031761270
1989-08-31,0.0017131270
1989-09-01,0.0078311270
1989-09-05,-0.0029418730
1989-09-06,-0.0111878730
1989-09-07,-0.0024098730
1989-09-08,0.0011811270
1989-09-11,-0.0038728730
1989-09-12,0.0043731270
1989-09-13,-0.0102568730
1989-09-14,-0.0098578730
1989-09-15,0.0025111270
1989-09-18,0.0045061270
1989-09-19,0.0007821270
1989-09-20,-0.0012128730
1989-09-21,-0.0014788730
1989-09-22,0.0034421270
1989-09-25,-0.0094588730
1989-09-26,0.0015801270
1989-09-27,0.0014471270
1989-09-28,0.0118211270
1989-09-29,0.0034421270
1989-10-02,0.0059691270
1989-10-03,0.0126191270
1989-10-04,0.0070331270
1989-10-05,0.0007821270
1989-10-06,0.0062351270
1989-10-09,0.0026441270
1989-10-10,-0.0026758730
1989-10-11,-0.0078628730
1989-10-12,-0.0054688730
1989-10-13,-0.0735648730
1989-10-16,0.0109575725
1989-10-17,-0.0028402240
1989-10-18,0.0017046220
1989-10-19,0.0108267847
1989-10-20,-0.0003727789
1989-10-23,-0.0051039456
1989-10-24,-0.0043751476
1989-10-25,-0.0021286127
1989-10-26,-0.0097240983
1989-10-27,-0.0086432922
1989-10-30,-0.0006461243
1989-10-31,0.0126068243
1989-11-01,0.0026276128
1989-11-02,-0.0061904068
1989-11-03,-0.0019888133
1989-11-06,-0.0140783310
1989-11-07,0.0050229771
1989-11-08,0.0102135095
1989-11-09,-0.0035809689
1989-11-10,0.0064538523
1989-11-13,0.0017840472
1989-11-14,-0.0055464282
1989-11-15,0.0070710561
1989-11-16,0.0002345094
1989-11-17,0.0036583122
1989-11-20,-0.0085278730
1989-11-21,-0.0010798730
1989-11-22,0.0071661270
1989-11-24,0.0071661270
1989-11-27,0.0049051270
1989-11-28,0.0010481270
1989-11-29,-0.0074638730
1989-11-30,0.0059691270
1989-12-01,0.0140821270
1989-12-04,0.0034421270
1989-12-05,-0.0050698730
1989-12-06,-0.0041388730
1989-12-07,-0.0033408730
1989-12-08,0.0021121270
1989-12-11,-0.0018778730
1989-12-12,0.0078311270
1989-12-13,0.0034421270
1989-12-14,-0.0071978730
1989-12-15,-0.0052028730
1989-12-18,-0.0231578730
1989-12-19,-0.0057348730
1989-12-20,0.0013141270
1989-12-21,0.0070331270
1989-12-22,0.0104911270
1989-12-26,-0.0012128730
1989-12-27,0.0066341270
1989-12-28,0.0061021270
1989-12-29,0.0102251270
1990-01-02,0.0191361270
1990-01-03,-0.0008138730
1990-01-04,-0.0094588730
1990-01-05,-0.0113208730
1990-01-08,0.0039741270
1990-01-09,-0.0134488730
1990-01-10,-0.0101238730
1990-01-11,0.0030431270
1990-01-12,-0.0310048730
1990-01-15,-0.0113419657
1990-01-16,0.0112159290
1990-01-17,-0.0090060942
1990-01-18,0.0005950427
1990-01-19,0.0039328827
1990-01-22,-0.0303239322
1990-01-23,-0.0006755782
1990-01-24,-0.0050641512
1990-01-25,-0.0128798331
1990-01-26,-0.0044368854
1990-01-29,-0.0043916726
1990-01-30,-0.0119858730
1990-01-31,0.0221951270
1990-02-01,0.0008957591
1990-02-02,0.0086559470
1990-02-05,0.0045057632
1990-02-06,-0.0066577122
1990-02-07,0.0136323327
1990-02-08,-0.0011269642
1990-02-09,0.0030892799
1990-02-12,-0.0123848730
1990-02-13,0.0018461270
1990-02-14,0.0026441270
1990-02-15,0.0103581270
1990-02-16,-0.0066658730
1990-02-20,-0.0179708730
1990-02-21,-0.0028088730
1990-02-22,-0.0049368730
1990-02-23,-0.0073308730
1990-02-26,0.0132841270
1990-02-27,0.0070331270
1990-02-28,0.0070331270
1990-03-01,0.0034421270
1990-03-02,0.0107571270
1990-03-05,-0.0049368730
1990-03-06,0.0142151270
1990-03-07,-0.0029418730
1990-03-08,0.0111561270
1990-03-09,-0.0070648730
1990-03-12,0.0019791270
1990-03-13,-0.0091928730
1990-03-14,0.0030431270
1990-03-15,0.0033091270
1990-03-16,0.0119541270
1990-03-19,0.0050381270
1990-03-20,-0.0073308730
1990-03-21,-0.0060008730
1990-03-22,-0.0162418730
1990-03-23,0.0058361270
1990-03-26,0.0022451270
1990-03-27,0.0106241270
1990-03-28,0.0011811270
1990-03-29,-0.0046708730
1990-03-30,-0.0024098730
1990-04-02,-0.0056018730
1990-04-03,0.0167421270
1990-04-04,-0.0085278730
1990-04-05,-0.0020108730
1990-04-06,-0.0038728730
1990-04-09,0.0027771270
1990-04-10,0.0021121270
1990-04-11,0.0001171270
1990-04-12,0.0091611270
1990-04-16,0.0010481270
1990-04-17,-0.0010798730
1990-04-18,-0.0142468730
1990-04-19,-0.0099908730
1990-04-20,-0.0119858730
1990-04-23,-0.0155768730
1990-04-24,-0.0037398730
1990-04-25,0.0059691270
1990-04-26,0.0019791270
1990-04-27,-0.0143798730
1990-04-30,0.0059691270
1990-05-01,0.0055701270
1990-05-02,0.0072991270
1990-05-03,0.0041071270
1990-05-04,0.0099591270
1990-05-07,0.0074321270
1990-05-08,0.0049051270
1990-05-09,0.0014471270
1990-05-10,0.0051711270
1990-05-11,0.0267171270
1990-05-14,0.0104911270
1990-05-15,-0.0010798730
1990-05-16,-0.0014788730
1990-05-17,0.0025111270
1990-05-18,0.0011811270
1990-05-21,0.0124861270
1990-05-22,0.0019791270
1990-05-23,0.0029101270
1990-05-24,-0.0010798730
1990-05-25,-0.0126508730
1990-05-29,0.0178061270
1990-05-30,0.0009151270
1990-05-31,0.0009151270
1990-06-01,0.0070331270
1990-06-04,0.0147471270
1990-06-05,-0.0024098730
1990-06-06,-0.0048038730
1990-06-07,-0.0062668730
1990-06-08,-0.0146458730
1990-06-11,0.0088951270
1990-06-12,0.0146141270
1990-06-13,-0.0036068730
1990-06-14,-0.0070648730
1990-06-15,-0.0013458730
1990-06-18,-0.0195668730
1990-06-19,0.0038411270
1990-06-20,0.0007821270
1990-06-21,0.0034421270
1990-06-22,-0.0142468730
1990-06-25,-0.0113208730
1990-06-26,-0.0020108730
1990-06-27,0.0086291270
1990-06-28,0.0087621270
1990-06-29,0.0022451270
1990-07-02,0.0039741270
1990-07-03,0.0017131270
1990-07-05,-0.0138478730
1990-07-06,0.0080971270
1990-07-09,0.0029101270
1990-07-10,-0.0089268730
1990-07-11,0.0138161270
1990-07-12,0.0135501270
1990-07-13,0.0055701270
1990-07-16,0.0049051270
1990-07-17,-0.0060008730
1990-07-18,-0.0122518730
1990-07-19,0.0015801270
1990-07-20,-0.0115868730
1990-07-23,-0.0251528730
1990-07-24,-0.0000158730
1990-07-25,0.0046391270
1990-07-26,-0.0033408730
1990-07-27,-0.0090598730
1990-07-30,0.0035751270
1990-07-31,0.0009151270
1990-08-01,-0.0026758730
1990-08-02,-0.0161088730
1990-08-03,-0.0244878730
1990-08-06,-0.0441718730
1990-08-07,0.0016483970
1990-08-08,0.0111164870
1990-08-09,0.0060107843
1990-08-10,-0.0115318360
1990-08-13,0.0070111773
1990-08-14,0.0020722609
1990-08-15,0.0025654639
1990-08-16,-0.0233784321
1990-08-17,-0.0151533533
1990-08-20,-0.0010929913
1990-08-21,-0.0204387952
1990-08-22,-0.0155895710
1990-08-23,-0.0324151267
1990-08-24,0.0126013230
1990-08-27,0.0253475794
1990-08-28,0.0004314940
1990-08-29,0.0049287919
1990-08-30,-0.0095832703
1990-08-31,0.0066828698
1990-09-04,-0.0000158730
1990-09-05,-0.0000158730
1990-09-06,-0.0000158730
1990-09-07,-0.0000158730
1990-09-10,-0.0000158730
1990-09-11,-0.0000158730
1990-09-12,-0.0000158730
1990-09-13,-0.0000158730
1990-09-14,-0.0000158730
1990-09-17,-0.0000158730
1990-09-18,-0.0000158730
1990-09-19,-0.0000158730
1990-09-20,-0.0000158730
1990-09-21,-0.0000158730
1990-09-24,-0.0000158730
1990-09-25,-0.0000158730
1990-09-26,-0.0000158730
1990-09-27,-0.0000158730
1990-09-28,-0.0000158730
1990-10-01,-0.0000158730
1990-10-02,-0.0000158730
1990-10-03,-0.0000158730
1990-10-04,-0.0000158730
1990-10-05,-0.0000158730
1990-10-08,-0.0000158730
1990-10-09,-0.0000158730
1990-10-10,-0.0000158730
1990-10-11,-0.0000158730
1990-10-12,-0.0000158730
1990-10-15,-0.0000158730
1990-10-16,-0.0000158730
1990-10-17,-0.0000158730
1990-10-18,-0.0000158730
1990-10-19,-0.0000158730
1990-10-22,-0.0000158730
1990-10-23,-0.0000158730
1990-10-24,-0.0000158730
1990-10-25,-0.0000158730
1990-10-26,-0.0000158730
1990-10-29,-0.0000158730
1990-10-30,-0.0000158730
1990-10-31,-0.0000158730
1990-11-01,-0.0000158730
1990-11-02,-0.0000158730
1990-11-05,-0.0000158730
1990-11-06,-0.0000158730
1990-11-07,-0.0000158730
1990-11-08,-0.0000158730
1990-11-09,-0.0000158730
1990-11-12,-0.0000158730
1990-11-13,-0.0000158730
1990-11-14,-0.0000158730
1990-11-15,-0.0000158730
1990-11-16,-0.0000158730
1990-11-19,-0.0000158730
1990-11-20,-0.0000158730
1990-11-21,-0.0000158730
1990-11-23,-0.0000158730
1990-11-26,-0.0000158730
1990-11-27,-0.0000158730
1990-11-28,-0.0000158730
1990-11-29,-0.0000158730
1990-11-30,-0.0000158730
1990-12-03,-0.0000158730
1990-12-04,-0.0000158730
1990-12-05,-0.0000158730
1990-12-06,-0.0000158730
1990-12-07,-0.0000158730
1990-12-10,-0.0000158730
1990-12-11,-0.0000158730
1990-12-12,-0.0000158730
1990-12-13,-0.0000158730
1990-12-14,-0.0000158730
1990-12-17,-0.0000158730
1990-12-18,-0.0000158730
1990-12-19,-0.0000158730
1990-12-20,-0.0000158730
1990-12-21,-0.0000158730
1990-12-24,-0.0000158730
1990-12-26,-0.0000158730
1990-12-27,-0.0000158730
1990-12-28,-0.0000158730
1990-12-31,-0.0000158730
1991-01-02,-0.0126508730
1991-01-03,-0.0166408730
1991-01-04,-0.0032078730
1991-01-07,-0.0228918730
1991-01-08,-0.0038728730
1991-01-09,-0.0126508730
1991-01-10,0.0124861270
1991-01-11,0.0013141270
1991-01-14,-0.0134488730
1991-01-15,0.0042401270
1991-01-16,0.0132841270
1991-01-17,0.0453371270
1991-01-18,0.0081788739
1991-01-21,-0.0007445327
1991-01-22,-0.0061972301
1991-01-23,0.0057149288
1991-01-24,0.0146589244
1991-01-25,0.0040030958
1991-01-28,0.0014582749
1991-01-29,0.0010863186
1991-01-30,0.0175112353
1991-01-31,0.0107098310
1991-02-01,-0.0003660875
1991-02-04,0.0192283215
1991-02-05,0.0123995130
1991-02-06,0.0216011573
1991-02-07,-0.0052460312
1991-02-08,0.0073807171
1991-02-11,0.0291457150
1991-02-12,-0.0065499758
1991-02-13,0.0095900087
1991-02-14,-0.0135491957
1991-02-15,0.0123630139
1991-02-19,0.0013619882
1991-02-20,-0.0117129333
1991-02-21,-0.0003305566
1991-02-22,0.0024978273
1991-02-25,0.0045648719
1991-02-26,-0.0129760874
1991-02-27,0.0133818063
1991-02-28,0.0002140056
1991-03-01,0.0103109813
1991-03-04,0.0003550251
1991-03-05,0.0246184332
1991-03-06,-0.0016660591
1991-03-07,-0.0000158730
1991-03-08,-0.0029207932
1991-03-11,-0.0076757161
1991-03-12,-0.0113150789
1991-03-13,0.0139693996
1991-03-14,-0.0019108284
1991-03-15,-0.0025130592
1991-03-18,-0.0036068730
1991-03-19,-0.0171728730
1991-03-20,0.0046946400
1991-03-21,-0.0034738730
1991-03-22,0.0019791270
1991-03-25,0.0090281270
1991-03-26,0.0221951270
1991-03-27,-0.0002794843
1991-03-28,-0.0010798730
1991-04-01,-0.0113208730
1991-04-02,0.0263181270
1991-04-03,0.0010554727
1991-04-04,0.0037227907
1991-04-05,-0.0126840241
1991-04-08,0.0074135645
1991-04-09,-0.0142294948
1991-04-10,-0.0025142772
1991-04-11,0.0152478579
1991-04-12,0.0075999815
1991-04-15,0.0022179379
1991-04-16,0.0191361270
1991-04-17,0.0101758732
1991-04-18,-0.0067988730
1991-04-19,-0.0138478730
1991-04-22,-0.0125599731
1991-04-23,0.0016103586
1991-04-24,0.0035229481
1991-04-25,-0.0105228730
1991-04-26,-0.0018778730
1991-04-29,-0.0174388730
1991-04-30,0.0023781270
1991-05-01,0.0160771270
1991-05-02,0.0016898549
1991-05-03,0.0011811270
1991-05-06,-0.0024098730
1991-05-07,-0.0071978730
1991-05-08,0.0027771270
1991-05-09,0.0154121270
1991-05-10,-0.0222268730
1991-05-13,0.0021573445
1991-05-14,-0.0165078730
1991-05-15,-0.0135196521
1991-05-16,0.0120875966
1991-05-17,-0.0003905097
1991-05-20,-0.0005391751
1991-05-21,0.0098261270
1991-05-22,0.0033091270
1991-05-23,-0.0018778730
1991-05-24,0.0083631270
1991-05-28,0.0138161270
1991-05-29,0.0033091270
1991-05-30,0.0134171270
1991-05-31,0.0091611270
1991-06-03,-0.0038728730
1991-06-04,-0.0006808730
1991-06-05,-0.0074638730
1991-06-06,-0.0050698730
1991-06-07,-0.0126508730
1991-06-10,-0.0034738730
1991-06-11,0.0058361270
1991-06-12,-0.0147788730
1991-06-13,0.0027771270
1991-06-14,0.0140821270
1991-06-17,-0.0054688730
1991-06-18,-0.0053358730
1991-06-19,-0.0129168730
1991-06-20,0.0001171270
1991-06-21,0.0057031270
1991-06-24,-0.0228918730
1991-06-25,-0.0029418730
1991-06-26,0.0014471270
1991-06-27,0.0092941270
1991-06-28,-0.0086608730
1991-07-01,0.0215301270
1991-07-02,-0.0015815968
1991-07-03,-0.0130498730
1991-07-05,0.0022451270
1991-07-08,0.0108901270
1991-07-09,-0.0017448730
1991-07-10,0.0001171270
1991-07-11,0.0039741270
1991-07-12,0.0099591270
1991-07-15,0.0079641270
1991-07-16,-0.0028088730
1991-07-17,-0.0006808730
1991-07-18,0.0119541270
1991-07-19,-0.0032078730
1991-07-22,-0.0049368730
1991-07-23,-0.0121188730
1991-07-24,-0.0040058730
1991-07-25,0.0072991270
1991-07-26,0.0007821270
1991-07-29,0.0062351270
1991-07-30,0.0114221270
1991-07-31,0.0051711270
1991-08-01,-0.0016118730
1991-08-02,0.0011811270
1991-08-05,-0.0070648730
1991-08-06,0.0162101270
1991-08-07,0.0011811270
1991-08-08,-0.0021438730
1991-08-09,-0.0057348730
1991-08-12,0.0026441270
1991-08-13,0.0055701270
1991-08-14,0.0027771270
1991-08-15,-0.0021438730
1991-08-16,-0.0113208730
1991-08-19,-0.0316698730
1991-08-20,0.0093019484
1991-08-21,0.0356307767
1991-08-22,0.0018973073
1991-08-23,0.0062004619
1991-08-26,-0.0006414697
1991-08-27,-0.0014331086
1991-08-28,0.0096598571
1991-08-29,-0.0002490862
1991-08-30,-0.0018446463
1991-09-03,-0.0101774041
1991-09-04,-0.0072267928
1991-09-05,-0.0035137543
1991-09-06,-0.0004148730
1991-09-09,-0.0017448730
1991-09-10,-0.0138478730
1991-09-11,0.0023781270
1991-09-12,0.0086291270
1991-09-13,-0.0122518730
1991-09-16,0.0055701270
1991-09-17,-0.0006808730
1991-09-18,0.0049051270
1991-09-19,0.0042401270
1991-09-20,0.0029101270
1991-09-23,-0.0062668730
1991-09-24,0.0058361270
1991-09-25,-0.0022768730
1991-09-26,-0.0004148730
1991-09-27,-0.0028088730
1991-09-30,0.0071661270
1991-10-01,0.0035751270
1991-10-02,-0.0038728730
1991-10-03,-0.0125178730
1991-10-04,-0.0082618730
1991-10-07,-0.0079958730
1991-10-08,0.0034421270
1991-10-09,-0.0118528730
1991-10-10,0.0096931270
1991-10-11,0.0031761270
1991-10-14,0.0162101270
1991-10-15,0.0163431270
1991-10-16,0.0084961270
1991-10-17,-0.0038728730
1991-10-18,0.0023781270
1991-10-21,-0.0079958730
1991-10-22,-0.0057348730
1991-10-23,-0.0006808730
1991-10-24,-0.0107888730
1991-10-25,-0.0040058730
1991-10-28,0.0156781270
1991-10-29,0.0075651270
1991-10-30,0.0069001270
1991-10-31,0.0011811270
1991-11-01,-0.0041388730
1991-11-04,-0.0045378730
1991-11-05,-0.0034738730
1991-11-06,0.0035751270
1991-11-07,0.0122201270
1991-11-08,0.0001171270
1991-11-11,0.0019791270
1991-11-12,0.0115551270
1991-11-13,0.0015801270
1991-11-14,-0.0013458730
1991-11-15,-0.0472308730
1991-11-18,0.0047500742
1991-11-19,-0.0156637443
1991-11-20,-0.0012655787
1991-11-21,0.0043148828
1991-11-22,-0.0098819136
1991-11-25,-0.0035280606
1991-11-26,0.0055608734
1991-11-27,-0.0025234186
1991-11-29,-0.0021663569
1991-12-02,0.0172661670
1991-12-03,0.0007955845
1991-12-04,-0.0014730277
1991-12-05,-0.0070140594
1991-12-06,0.0048463980
1991-12-09,-0.0030748730
1991-12-10,-0.0016118730
1991-12-11,-0.0025428730
1991-12-12,0.0122201270
1991-12-13,0.0095601270
1991-12-16,0.0021121270
1991-12-17,-0.0065328730
1991-12-18,0.0013141270
1991-12-19,-0.0053358730
1991-12-20,0.0132841270
1991-12-23,0.0303081270
1991-12-24,0.0098731686
1991-12-26,0.0182474176
1991-12-27,0.0072467408
1991-12-30,0.0267275677
1991-12-31,0.0074045380
1992-01-02,-0.0012703815
1992-01-03,0.0070244656
1992-01-06,-0.0001488730
1992-01-07,0.0006491270
1992-01-08,0.0050381270
1992-01-09,0.0030431270
1992-01-10,-0.0083948730
1992-01-13,-0.0018778730
1992-01-14,0.0175401270
1992-01-15,0.0041071270
1992-01-16,-0.0082618730
1992-01-17,0.0009151270
1992-01-20,-0.0087938730
1992-01-21,-0.0153108730
1992-01-22,0.0184711270
1992-01-23,-0.0058057853
1992-01-24,0.0018461270
1992-01-27,-0.0020108730
1992-01-28,-0.0000158730
1992-01-29,-0.0135818730
1992-01-30,0.0057031270
1992-01-31,-0.0069318730
1992-02-03,0.0033091270
1992-02-04,0.0134171270
1992-02-05,0.0031761270
1992-02-06,0.0005161270
1992-02-07,-0.0078628730
1992-02-10,0.0061021270
1992-02-11,0.0002501270
1992-02-12,0.0118211270
1992-02-13,-0.0110548730
1992-02-14,-0.0030748730
1992-02-18,-0.0159758730
1992-02-19,-0.0001488730
1992-02-20,0.0170081270
1992-02-21,-0.0069318730
1992-02-24,-0.0006808730
1992-02-25,-0.0058678730
1992-02-26,0.0158111270
1992-02-27,-0.0017448730
1992-02-28,-0.0036068730
1992-03-02,0.0011811270
1992-03-03,0.0003831270
1992-03-04,-0.0098578730
1992-03-05,-0.0117198730
1992-03-06,-0.0074638730
1992-03-09,0.0019791270
1992-03-10,0.0072991270
1992-03-11,-0.0097248730
1992-03-12,-0.0017448730
1992-03-13,0.0058361270
1992-03-16,0.0005161270
1992-03-17,0.0098261270
1992-03-18,-0.0002818730
1992-03-19,0.0022451270
1992-03-20,0.0023781270
1992-03-23,-0.0038728730
1992-03-24,-0.0037398730
1992-03-25,-0.0020108730
1992-03-26,-0.0014788730
1992-03-27,-0.0145128730
1992-03-30,-0.0028088730
1992-03-31,0.0015801270
1992-04-01,0.0002501270
1992-04-02,-0.0133158730
1992-04-03,-0.0000158730
1992-04-06,0.0120871270
1992-04-07,-0.0243548730
1992-04-08,-0.0143798730
1992-04-09,0.0216631270
1992-04-10,0.0090074253
1992-04-13,0.0055866843
1992-04-14,0.0178685061
1992-04-15,0.0099304081
1992-04-16,-0.0037333175
1992-04-20,-0.0195070975
1992-04-21,-0.0015312367
1992-04-22,-0.0000158730
1992-04-23,0.0027998953
1992-04-24,-0.0067988730
1992-04-27,-0.0029418730
1992-04-28,-0.0012128730
1992-04-29,0.0104911270
1992-04-30,0.0116881270
1992-05-01,-0.0060008730
1992-05-04,0.0135501270
1992-05-05,0.0021121270
1992-05-06,0.0005161270
1992-05-07,-0.0025428730
1992-05-08,-0.0004148730
1992-05-11,0.0067671270
1992-05-12,-0.0066658730
1992-05-13,-0.0006808730
1992-05-14,-0.0107888730
1992-05-15,-0.0078628730
1992-05-18,0.0066341270
1992-05-19,0.0095601270
1992-05-20,-0.0008138730
1992-05-21,-0.0083948730
1992-05-22,0.0035751270
1992-05-26,-0.0093258730
1992-05-27,0.0027771270
1992-05-28,0.0116881270
1992-05-29,0.0001171270
1992-06-01,0.0059691270
1992-06-02,-0.0082618730
1992-06-03,0.0018461270
1992-06-04,-0.0045378730
1992-06-05,-0.0010798730
1992-06-08,-0.0021438730
1992-06-09,-0.0114538730
1992-06-10,-0.0095918730
1992-06-11,0.0026441270
1992-06-12,0.0033091270
1992-06-15,-0.0002818730
1992-06-16,-0.0065328730
1992-06-17,-0.0206308730
1992-06-18,-0.0057348730
1992-06-19,0.0086291270
1992-06-22,-0.0036068730
1992-06-23,0.0038411270
1992-06-24,-0.0017448730
1992-06-25,-0.0022768730
1992-06-26,0.0007821270
1992-06-29,0.0179391270
1992-06-30,0.0018461270
1992-07-01,0.0139491270
1992-07-02,-0.0040058730
1992-07-06,0.0050381270
1992-07-07,-0.0138478730
1992-07-08,0.0021121270
1992-07-09,0.0127521270
1992-07-10,0.0025111270
1992-07-13,0.0021121270
1992-07-14,0.0082301270
1992-07-15,-0.0016118730
1992-07-16,0.0010481270
1992-07-17,-0.0070648730
1992-07-20,-0.0063998730
1992-07-21,0.0022451270
1992-07-22,-0.0090598730
1992-07-23,0.0031761270
1992-07-24,-0.0006808730
1992-07-27,0.0005161270
1992-07-28,0.0174071270
1992-07-29,0.0139491270
1992-07-30,0.0049051270
1992-07-31,0.0021121270
1992-08-03,0.0031761270
1992-08-04,-0.0014788730
1992-08-05,-0.0069318730
1992-08-06,-0.0046708730
1992-08-07,-0.0033408730
1992-08-10,0.0001171270
1992-08-11,-0.0018778730
1992-08-12,-0.0041388730
1992-08-13,0.0005161270
1992-08-14,0.0065011270
1992-08-17,0.0025111270
1992-08-18,0.0011811270
1992-08-19,-0.0087938730
1992-08-20,-0.0006808730
1992-08-21,-0.0101238730
1992-08-24,-0.0153108730
1992-08-25,0.0006491270
1992-08-26,0.0065011270
1992-08-27,0.0029101270
1992-08-28,0.0030431270
1992-08-31,-0.0017448730
1992-09-01,0.0059691270
1992-09-02,0.0069001270
1992-09-03,0.0014471270
1992-09-04,-0.0028088730
1992-09-08,-0.0078628730
1992-09-09,0.0054371270
1992-09-10,0.0110231270
1992-09-11,0.0005161270
1992-09-14,0.0184711270
1992-09-15,-0.0149118730
1992-09-16,-0.0010798730
1992-09-17,0.0001171270
1992-09-18,0.0069001270
1992-09-21,-0.0014788730
1992-09-22,-0.0138478730
1992-09-23,-0.0004148730
1992-09-24,0.0049051270
1992-09-25,-0.0137148730
1992-09-28,0.0041071270
1992-09-29,0.0013141270
1992-09-30,0.0050381270
1992-10-01,-0.0058678730
1992-10-02,-0.0170398730
1992-10-05,-0.0109218730
1992-10-06,0.0021121270
1992-10-07,-0.0073308730
1992-10-08,0.0107571270
1992-10-09,-0.0141138730
1992-10-12,0.0124861270
1992-10-13,0.0063681270
1992-10-14,0.0002501270
1992-10-15,0.0011811270
1992-10-16,0.0059691270
1992-10-19,0.0122201270
1992-10-20,0.0021121270
1992-10-21,0.0022451270
1992-10-22,-0.0022768730
1992-10-23,-0.0017448730
1992-10-26,0.0108901270
1992-10-27,0.0003831270
1992-10-28,0.0063681270
1992-10-29,0.0037081270
1992-10-30,-0.0042718730
1992-11-02,0.0104911270
1992-11-03,-0.0066658730
1992-11-04,-0.0062668730
1992-11-05,0.0058361270
1992-11-06,0.0003831270
1992-11-09,0.0046391270
1992-11-10,0.0022451270
1992-11-11,0.0115551270
1992-11-12,0.0010481270
1992-11-13,-0.0000158730
1992-11-16,-0.0044048730
1992-11-17,-0.0053358730
1992-11-18,0.0107571270
1992-11-19,0.0030431270
1992-11-20,0.0090281270
1992-11-23,-0.0037398730
1992-11-24,0.0079641270
1992-11-25,0.0054371270
1992-11-27,0.0031761270
1992-11-30,0.0045061270
1992-12-01,-0.0008138730
1992-12-02,-0.0028088730
1992-12-03,0.0006491270
1992-12-04,0.0067671270
1992-12-07,0.0084961270
1992-12-08,0.0042401270
1992-12-09,-0.0038728730
1992-12-10,-0.0042718730
1992-12-11,-0.0021438730
1992-12-14,-0.0022768730
1992-12-15,-0.0024098730
1992-12-16,-0.0049368730
1992-12-17,0.0116881270
1992-12-18,0.0146141270
1992-12-21,-0.0010798730
1992-12-22,-0.0008138730
1992-12-23,-0.0020108730
1992-12-24,0.0025111270
1992-12-28,-0.0008138730
1992-12-29,-0.0006808730
1992-12-30,0.0026441270
1992-12-31,-0.0024098730
1993-01-04,-0.0040058730
1993-01-05,-0.0025428730
1993-01-06,0.0018461270
1993-01-07,-0.0102568730
1993-01-08,-0.0053358730
1993-01-11,0.0054371270
1993-01-12,-0.0000158730
1993-01-13,0.0066341270
1993-01-14,0.0096931270
1993-01-15,0.0047721270
1993-01-18,0.0001171270
1993-01-19,-0.0036068730
1993-01-20,-0.0036068730
1993-01-21,0.0057031270
1993-01-22,0.0033091270
1993-01-25,0.0098261270
1993-01-26,0.0002501270
1993-01-27,-0.0071978730
1993-01-28,-0.0002818730
1993-01-29,0.0014471270
1993-02-01,0.0111561270
1993-02-02,0.0018461270
1993-02-03,0.0126191270
1993-02-04,0.0072991270
1993-02-05,-0.0044048730
1993-02-08,-0.0028088730
1993-02-09,-0.0087938730
1993-02-10,0.0026441270
1993-02-11,0.0039741270
1993-02-12,-0.0081288730
1993-02-16,-0.0359258730
1993-02-17,-0.0051434130
1993-02-18,-0.0021858914
1993-02-19,0.0054371270
1993-02-22,-0.0021438730
1993-02-23,-0.0008138730
1993-02-24,0.0188701270
1993-02-25,0.0055553172
1993-02-26,0.0038411270
1993-03-01,-0.0018778730
1993-03-02,0.0156781270
1993-03-03,0.0065011270
1993-03-04,-0.0054688730
1993-03-05,-0.0022768730
1993-03-08,0.0208651270
1993-03-09,0.0011811270
1993-03-10,0.0065011270
1993-03-11,-0.0049368730
1993-03-12,-0.0095918730
1993-03-15,0.0041071270
1993-03-16,-0.0006808730
1993-03-17,-0.0097248730
1993-03-18,0.0086291270
1993-03-19,-0.0065328730
1993-03-22,-0.0056018730
1993-03-23,-0.0008138730
1993-03-24,-0.0021438730
1993-03-25,0.0088951270
1993-03-26,-0.0050698730
1993-03-29,0.0058361270
1993-03-30,0.0051711270
1993-03-31,0.0019791270
1993-04-01,-0.0049368730
1993-04-02,-0.0267488730
1993-04-05,0.0015801270
1993-04-06,-0.0057348730
1993-04-07,0.0041071270
1993-04-08,-0.0029418730
1993-04-12,0.0170081270
1993-04-13,0.0043731270
1993-04-14,-0.0008138730
1993-04-15,-0.0021438730
1993-04-16,-0.0001488730
1993-04-19,-0.0049368730
1993-04-20,-0.0069318730
1993-04-21,-0.0022768730
1993-04-22,-0.0098578730
1993-04-23,-0.0078628730
1993-04-26,-0.0137148730
1993-04-27,0.0120871270
1993-04-28,0.0017131270
1993-04-29,0.0025111270
1993-04-30,0.0050381270
1993-05-03,0.0074321270
1993-05-04,0.0076981270
1993-05-05,0.0041071270
1993-05-06,-0.0041388730
1993-05-07,-0.0018778730
1993-05-10,0.0026441270
1993-05-11,0.0043731270
1993-05-12,-0.0000158730
1993-05-13,-0.0153108730
1993-05-14,-0.0004148730
1993-05-17,0.0019791270
1993-05-18,0.0007821270
1993-05-19,0.0194021270
1993-05-20,0.0090281270
1993-05-21,-0.0107888730
1993-05-24,0.0038411270
1993-05-25,0.0034421270
1993-05-26,0.0132841270
1993-05-27,-0.0021438730
1993-05-28,-0.0053358730
1993-06-01,0.0099591270
1993-06-02,0.0006491270
1993-06-03,-0.0028088730
1993-06-04,-0.0077298730
1993-06-07,-0.0091928730
1993-06-08,-0.0101238730
1993-06-09,0.0034421270
1993-06-10,-0.0017448730
1993-06-11,0.0051711270
1993-06-14,0.0017131270
1993-06-15,-0.0021438730
1993-06-16,0.0021121270
1993-06-17,0.0029101270
1993-06-18,-0.0122518730
1993-06-21,0.0049051270
1993-06-22,-0.0013458730
1993-06-23,-0.0058678730
1993-06-24,0.0090281270
1993-06-25,0.0045061270
1993-06-28,0.0140821270
1993-06-29,-0.0029418730
1993-06-30,0.0017131270
1993-07-01,-0.0029418730
1993-07-02,-0.0063998730
1993-07-06,-0.0105228730
1993-07-07,0.0017131270
1993-07-08,0.0136831270
1993-07-09,0.0006491270
1993-07-12,0.0021121270
1993-07-13,-0.0008138730
1993-07-14,0.0057031270
1993-07-15,-0.0025428730
1993-07-16,-0.0095918730
1993-07-19,-0.0017448730
1993-07-20,0.0035751270
1993-07-21,-0.0013458730
1993-07-22,-0.0075968730
1993-07-23,0.0062351270
1993-07-26,0.0071661270
1993-07-27,-0.0032078730
1993-07-28,-0.0009468730
1993-07-29,0.0071661270
1993-07-30,-0.0050698730
1993-08-02,0.0053041270
1993-08-03,-0.0004148730
1993-08-04,-0.0001488730
1993-08-05,-0.0009468730
1993-08-06,0.0019791270
1993-08-09,0.0061021270
1993-08-10,-0.0021438730
1993-08-11,0.0019791270
1993-08-12,-0.0040058730
1993-08-13,0.0022451270
1993-08-16,0.0066341270
1993-08-17,0.0041071270
1993-08-18,0.0075651270
1993-08-19,0.0001171270
1993-08-20,-0.0000158730
1993-08-23,-0.0018778730
1993-08-24,0.0116881270
1993-08-25,0.0005161270
1993-08-26,0.0009151270
1993-08-27,-0.0010798730
1993-08-30,0.0038411270
1993-08-31,0.0058361270
1993-09-01,0.0003831270
1993-09-02,-0.0028088730
1993-09-03,0.0007821270
1993-09-07,-0.0099908730
1993-09-08,-0.0087938730
1993-09-09,0.0049051270
1993-09-10,0.0115551270
1993-09-13,0.0001171270
1993-09-14,-0.0075968730
1993-09-15,0.0045061270
1993-09-16,-0.0034738730
1993-09-17,-0.0012128730
1993-09-20,-0.0077298730
1993-09-21,-0.0081288730
1993-09-22,0.0111561270
1993-09-23,0.0062351270
1993-09-24,0.0009151270
1993-09-27,0.0104911270
1993-09-28,0.0007821270
1993-09-29,-0.0025428730
1993-09-30,-0.0013458730
1993-10-01,0.0043731270
1993-10-04,0.0006491270
1993-10-05,-0.0008138730
1993-10-06,-0.0006808730
1993-10-07,-0.0041388730
1993-10-08,0.0019791270
1993-10-11,0.0025111270
1993-10-12,0.0030431270
1993-10-13,0.0026441270
1993-10-14,0.0119541270
1993-10-15,0.0062351270
1993-10-18,-0.0042718730
1993-10-19,-0.0105228730
1993-10-20,-0.0017448730
1993-10-21,-0.0009468730
1993-10-22,-0.0034738730
1993-10-25,0.0003831270
1993-10-26,-0.0021438730
1993-10-27,0.0033091270
1993-10-28,0.0070331270
1993-10-29,0.0033091270
1993-11-01,0.0037081270
1993-11-02,-0.0012128730
1993-11-03,-0.0167738730
1993-11-04,-0.0179708730
1993-11-05,0.0061021270
1993-11-08,0.0035751270
1993-11-09,0.0023781270
1993-11-10,0.0086291270
1993-11-11,-0.0009468730
1993-11-12,0.0061021270
1993-11-15,-0.0056018730
1993-11-16,0.0050381270
1993-11-17,-0.0073308730
1993-11-18,-0.0052028730
1993-11-19,-0.0040058730
1993-11-22,-0.0143798730
1993-11-23,0.0071661270
1993-11-24,0.0065011270
1993-11-26,0.0033091270
1993-11-29,-0.0025428730
1993-11-30,-0.0010798730
1993-12-01,0.0042401270
1993-12-02,0.0030431270
1993-12-03,0.0053041270
1993-12-06,0.0038411270
1993-12-07,0.0002501270
1993-12-08,-0.0009468730
1993-12-09,-0.0057348730
1993-12-10,-0.0008138730
1993-12-13,0.0025111270
1993-12-14,-0.0079958730
1993-12-15,-0.0028088730
1993-12-16,0.0031761270
1993-12-17,0.0086291270
1993-12-20,-0.0010798730
1993-12-21,-0.0032078730
1993-12-22,0.0038411270
1993-12-23,0.0018461270
1993-12-27,0.0076981270
1993-12-28,0.0030431270
1993-12-29,0.0013141270
1993-12-30,-0.0033408730
1993-12-31,-0.0012128730
1994-01-03,-0.0058678730
1994-01-04,0.0031761270
1994-01-05,0.0027771270
1994-01-06,-0.0009468730
1994-01-07,0.0063681270
1994-01-10,0.0116881270
1994-01-11,-0.0021438730
1994-01-12,0.0003831270
1994-01-13,-0.0022768730
1994-01-14,0.0062351270
1994-01-17,-0.0033408730
1994-01-18,0.0013141270
1994-01-19,-0.0010798730
1994-01-20,0.0027771270
1994-01-21,-0.0006808730
1994-01-24,-0.0062668730
1994-01-25,-0.0034738730
1994-01-26,0.0054371270
1994-01-27,0.0103581270
1994-01-28,0.0055701270
1994-01-31,0.0074321270
1994-02-01,-0.0037398730
1994-02-02,0.0057031270
1994-02-03,-0.0028088730
1994-02-04,-0.0308718730
1994-02-07,0.0043731270
1994-02-08,0.0006491270
1994-02-09,0.0058361270
1994-02-10,-0.0089268730
1994-02-11,0.0002501270
1994-02-14,0.0014471270
1994-02-15,0.0062351270
1994-02-16,0.0006491270
1994-02-17,-0.0061338730
1994-02-18,-0.0063998730
1994-02-22,0.0083631270
1994-02-23,-0.0018778730
1994-02-24,-0.0166408730
1994-02-25,0.0047721270
1994-02-28,0.0049051270
1994-03-01,-0.0069318730
1994-03-02,-0.0017448730
1994-03-03,-0.0032078730
1994-03-04,0.0061021270
1994-03-07,0.0074321270
1994-03-08,-0.0030748730
1994-03-09,0.0021121270
1994-03-10,-0.0082618730
1994-03-11,0.0058361270
1994-03-14,0.0038411270
1994-03-15,0.0003831270
1994-03-16,0.0074321270
1994-03-17,0.0039741270
1994-03-18,0.0006491270
1994-03-21,-0.0066658730
1994-03-22,0.0005161270
1994-03-23,0.0003831270
1994-03-24,-0.0130498730
1994-03-25,-0.0082618730
1994-03-28,-0.0062668730
1994-03-29,-0.0239558730
1994-03-30,-0.0202318730
1994-03-31,-0.0017448730
1994-04-04,-0.0210298730
1994-04-05,0.0315051270
1994-04-06,0.0002913746
1994-04-07,0.0064088319
1994-04-08,-0.0088705278
1994-04-11,0.0036924841
1994-04-12,-0.0062976807
1994-04-13,-0.0073982364
1994-04-14,0.0004866882
1994-04-15,0.0003776736
1994-04-18,-0.0109218730
1994-04-19,-0.0034738730
1994-04-20,-0.0056018730
1994-04-21,0.0195351270
1994-04-22,-0.0006690885
1994-04-25,0.0132841270
1994-04-26,0.0006491270
1994-04-28,-0.0074638730
1994-04-29,0.0062351270
1994-05-02,0.0066341270
1994-05-03,-0.0001488730
1994-05-04,-0.0020108730
1994-05-05,-0.0013458730
1994-05-06,-0.0121188730
1994-05-09,-0.0165078730
1994-05-10,0.0078311270
1994-05-11,-0.0141138730
1994-05-12,0.0049051270
1994-05-13,0.0005161270
1994-05-16,-0.0021438730
1994-05-17,0.0107571270
1994-05-18,0.0151461270
1994-05-19,0.0080971270
1994-05-20,-0.0032078730
1994-05-23,-0.0044048730
1994-05-24,0.0053041270
1994-05-25,0.0035751270
1994-05-26,0.0022451270
1994-05-27,0.0010481270
1994-05-31,-0.0021438730
1994-06-01,0.0035751270
1994-06-02,0.0019791270
1994-06-03,0.0062351270
1994-06-06,-0.0000158730
1994-06-07,-0.0033408730
1994-06-08,-0.0060008730
1994-06-09,0.0002501270
1994-06-10,0.0033091270
1994-06-13,0.0007821270
1994-06-14,0.0075651270
1994-06-15,-0.0041388730
1994-06-16,0.0029101270
1994-06-17,-0.0094588730
1994-06-20,-0.0123848730
1994-06-21,-0.0126508730
1994-06-22,0.0046391270
1994-06-23,-0.0118528730
1994-06-24,-0.0187688730
1994-06-27,0.0118211270
1994-06-28,-0.0032078730
1994-06-29,0.0047721270
1994-06-30,-0.0067988730
1994-07-01,-0.0000158730
1994-07-05,-0.0000158730
1994-07-06,-0.0000158730
1994-07-07,-0.0000158730
1994-07-08,-0.0000158730
1994-07-11,-0.0000158730
1994-07-12,-0.0000158730
1994-07-13,-0.0000158730
1994-07-14,-0.0000158730
1994-07-15,-0.0000158730
1994-07-18,-0.0000158730
1994-07-19,-0.0000158730
1994-07-20,-0.0000158730
1994-07-21,-0.0000158730
1994-07-22,-0.0000158730
1994-07-25,-0.0000158730
1994-07-26,-0.0000158730
1994-07-27,-0.0000158730
1994-07-28,-0.0000158730
1994-07-29,-0.0000158730
1994-08-01,-0.0000158730
1994-08-02,-0.0000158730
1994-08-03,-0.0000158730
1994-08-04,-0.0000158730
1994-08-05,-0.0000158730
1994-08-08,-0.0000158730
1994-08-09,-0.0000158730
1994-08-10,-0.0000158730
1994-08-11,-0.0000158730
1994-08-12,-0.0000158730
1994-08-15,-0.0000158730
1994-08-16,-0.0000158730
1994-08-17,-0.0000158730
1994-08-18,-0.0000158730
1994-08-19,-0.0000158730
1994-08-22,-0.0000158730
1994-08-23,-0.0000158730
1994-08-24,-0.0000158730
1994-08-25,-0.0000158730
1994-08-26,-0.0000158730
1994-08-29,-0.0000158730
1994-08-30,-0.0000158730
1994-08-31,-0.0000158730
1994-09-01,-0.0065328730
1994-09-02,-0.0042718730
1994-09-06,0.0003831270
1994-09-07,-0.0002818730
1994-09-08,0.0061021270
1994-09-09,-0.0123848730
1994-09-12,-0.0058678730
1994-09-13,0.0039741270
1994-09-14,0.0034421270
1994-09-15,0.0151461270
1994-09-16,-0.0069318730
1994-09-19,-0.0017448730
1994-09-20,-0.0191678730
1994-09-21,-0.0073308730
1994-09-22,-0.0013458730
1994-09-23,-0.0044048730
1994-09-26,0.0026441270
1994-09-27,0.0019791270
1994-09-28,0.0078311270
1994-09-29,-0.0049368730
1994-09-30,0.0027771270
1994-10-03,-0.0036068730
1994-10-04,-0.0195668730
1994-10-05,-0.0050698730
1994-10-06,-0.0030748730
1994-10-07,0.0079641270
1994-10-10,0.0099591270
1994-10-11,0.0170081270
1994-10-12,-0.0001488730
1994-10-13,0.0046391270
1994-10-14,0.0022451270
1994-10-17,-0.0009468730
1994-10-18,-0.0026758730
1994-10-19,0.0065011270
1994-10-20,-0.0089268730
1994-10-21,-0.0054688730
1994-10-24,-0.0102568730
1994-10-25,-0.0002818730
1994-10-26,0.0035751270
1994-10-27,0.0083631270
1994-10-28,0.0202001270
1994-10-31,-0.0025428730
1994-11-01,-0.0102568730
1994-11-02,-0.0032078730
1994-11-03,0.0033091270
1994-11-04,-0.0123848730
1994-11-07,-0.0005478730
1994-11-08,0.0066341270
1994-11-09,-0.0012128730
1994-11-10,-0.0034738730
1994-11-11,-0.0056018730
1994-11-14,0.0088951270
1994-11-15,-0.0014788730
1994-11-16,0.0002501270
1994-11-17,-0.0061338730
1994-11-18,-0.0058678730
1994-11-21,-0.0099908730
1994-11-22,-0.0244878730
1994-11-23,-0.0020108730
1994-11-25,0.0082301270
1994-11-28,0.0046391270
1994-11-29,0.0033091270
1994-11-30,-0.0028088730
1994-12-01,-0.0000158730
1994-12-02,-0.0000158730
1994-12-05,-0.0000158730
1994-12-06,-0.0000158730
1994-12-07,-0.0000158730
1994-12-08,-0.0000158730
1994-12-09,-0.0000158730
1994-12-12,-0.0000158730
1994-12-13,-0.0000158730
1994-12-14,-0.0000158730
1994-12-15,-0.0000158730
1994-12-16,-0.0000158730
1994-12-19,-0.0000158730
1994-12-20,-0.0000158730
1994-12-21,-0.0000158730
1994-12-22,-0.0000158730
1994-12-23,-0.0000158730
1994-12-27,-0.0000158730
1994-12-28,-0.0000158730
1994-12-29,-0.0000158730
1994-12-30,-0.0000158730
1995-01-03,-0.0000158730
1995-01-04,-0.0000158730
1995-01-05,-0.0000158730
1995-01-06,-0.0000158730
1995-01-09,-0.0000158730
1995-01-10,-0.0000158730
1995-01-11,-0.0000158730
1995-01-12,-0.0000158730
1995-01-13,-0.0000158730
1995-01-16,-0.0000158730
1995-01-17,-0.0000158730
1995-01-18,-0.0000158730
1995-01-19,-0.0000158730
1995-01-20,-0.0000158730
1995-01-23,-0.0000158730
1995-01-24,-0.0000158730
1995-01-25,-0.0000158730
1995-01-26,-0.0000158730
1995-01-27,-0.0000158730
1995-01-30,-0.0000158730
1995-01-31,-0.0000158730
1995-02-01,0.0019791270
1995-02-02,0.0059691270
1995-02-03,0.0162101270
1995-02-06,0.0082301270
1995-02-07,-0.0009468730
1995-02-08,0.0017131270
1995-02-09,-0.0012128730
1995-02-10,0.0030431270
1995-02-13,0.0002501270
1995-02-14,0.0011811270
1995-02-15,0.0063681270
1995-02-16,-0.0006808730
1995-02-17,-0.0077298730
1995-02-21,-0.0006808730
1995-02-22,0.0053041270
1995-02-23,0.0059691270
1995-02-24,0.0022451270
1995-02-27,-0.0109218730
1995-02-28,0.0108901270
1995-03-01,-0.0041388730
1995-03-02,-0.0017448730
1995-03-03,0.0018461270
1995-03-06,-0.0017448730
1995-03-07,-0.0099908730
1995-03-08,0.0027771270
1995-03-09,0.0006491270
1995-03-10,0.0148801270
1995-03-13,0.0011811270
1995-03-14,0.0074321270
1995-03-15,-0.0024098730
1995-03-16,0.0075651270
1995-03-17,-0.0009468730
1995-03-20,0.0013141270
1995-03-21,-0.0032078730
1995-03-22,0.0005161270
1995-03-23,0.0010481270
1995-03-24,0.0123531270
1995-03-27,0.0065011270
1995-03-28,0.0019791270
1995-03-29,-0.0022768730
1995-03-30,-0.0010798730
1995-03-31,-0.0036068730
1995-04-03,0.0018461270
1995-04-04,0.0062351270
1995-04-05,0.0011811270
1995-04-06,0.0006491270
1995-04-07,-0.0005478730
1995-04-10,0.0033091270
1995-04-11,-0.0022768730
1995-04-12,0.0043731270
1995-04-13,0.0045061270
1995-04-17,-0.0070648730
1995-04-18,-0.0045378730
1995-04-19,-0.0040058730
1995-04-20,0.0021121270
1995-04-21,0.0067671270
1995-04-24,0.0096931270
1995-04-25,-0.0012128730
1995-04-26,0.0018461270
1995-04-27,0.0026441270
1995-04-28,0.0021121270
1995-05-01,-0.0017448730
1995-05-02,0.0010481270
1995-05-03,0.0124861270
1995-05-04,-0.0013458730
1995-05-05,-0.0013458730
1995-05-08,0.0084961270
1995-05-09,0.0006491270
1995-05-10,0.0019791270
1995-05-11,0.0030431270
1995-05-12,0.0030431270
1995-05-15,0.0055701270
1995-05-16,0.0015801270
1995-05-17,-0.0028088730
1995-05-18,-0.0173058730
1995-05-19,-0.0010798730
1995-05-22,0.0100921270
1995-05-23,0.0112891270
1995-05-24,-0.0006808730
1995-05-25,-0.0005478730
1995-05-26,-0.0109218730
1995-05-30,-0.0028088730
1995-05-31,0.0194021270
1995-06-01,0.0019791270
1995-06-02,-0.0000158730
1995-06-05,0.0080971270
1995-06-06,-0.0004148730
1995-06-07,-0.0045378730
1995-06-08,-0.0012128730
1995-06-09,-0.0097248730
1995-06-12,0.0066341270
1995-06-13,0.0122201270
1995-06-14,0.0009151270
1995-06-15,0.0029101270
1995-06-16,0.0057031270
1995-06-19,0.0122201270
1995-06-20,0.0006491270
1995-06-21,-0.0005478730
1995-06-22,0.0152791270
1995-06-23,-0.0038728730
1995-06-26,-0.0133158730
1995-06-27,-0.0052028730
1995-06-28,0.0042401270
1995-06-29,-0.0004148730
1995-06-30,0.0037081270
1995-07-03,0.0043731270
1995-07-05,0.0023781270
1995-07-06,0.0148801270
1995-07-07,0.0078311270
1995-07-10,0.0022451270
1995-07-11,-0.0045378730
1995-07-12,0.0146141270
1995-07-13,0.0009151270
1995-07-14,-0.0018778730
1995-07-17,0.0053041270
1995-07-18,-0.0106558730
1995-07-19,-0.0219608730
1995-07-20,0.0078311270
1995-07-21,0.0007821270
1995-07-24,0.0091611270
1995-07-25,0.0100921270
1995-07-26,0.0031761270
1995-07-27,0.0092941270
1995-07-28,-0.0037398730
1995-07-31,-0.0014788730
1995-08-01,-0.0067988730
1995-08-02,-0.0028088730
1995-08-03,-0.0014788730
1995-08-04,0.0019791270
1995-08-07,0.0031761270
1995-08-08,0.0006491270
1995-08-09,0.0001171270
1995-08-10,-0.0034738730
1995-08-11,-0.0045378730
1995-08-14,0.0099591270
1995-08-15,-0.0014788730
1995-08-16,0.0059691270
1995-08-17,-0.0000158730
1995-08-18,0.0009151270
1995-08-21,-0.0029418730
1995-08-22,0.0023781270
1995-08-23,-0.0037398730
1995-08-24,-0.0009468730
1995-08-25,0.0053041270
1995-08-28,-0.0040058730
1995-08-29,0.0003831270
1995-08-30,0.0042401270
1995-08-31,0.0042401270
1995-09-01,0.0035751270
1995-09-05,0.0127521270
1995-09-06,0.0047721270
1995-09-07,0.0010481270
1995-09-08,0.0067671270
1995-09-11,0.0031761270
1995-09-12,0.0033091270
1995-09-13,0.0054371270
1995-09-14,0.0078311270
1995-09-15,-0.0024098730
1995-09-18,-0.0018778730
1995-09-19,0.0039741270
1995-09-20,0.0058361270
1995-09-21,-0.0082618730
1995-09-22,-0.0042718730
1995-09-25,-0.0025428730
1995-09-26,-0.0016118730
1995-09-27,-0.0041388730
1995-09-28,0.0118211270
1995-09-29,-0.0014788730
1995-10-02,-0.0083948730
1995-10-03,-0.0022768730
1995-10-04,-0.0061338730
1995-10-05,0.0038411270
1995-10-06,-0.0000158730
1995-10-09,-0.0142468730
1995-10-10,-0.0033408730
1995-10-11,0.0082301270
1995-10-12,0.0106241270
1995-10-13,0.0043731270
1995-10-16,-0.0026758730
1995-10-17,0.0079641270
1995-10-18,0.0029101270
1995-10-19,0.0041071270
1995-10-20,-0.0075968730
1995-10-23,-0.0050698730
1995-10-24,0.0014471270
1995-10-25,-0.0114538730
1995-10-26,-0.0125178730
1995-10-27,0.0054371270
1995-10-30,0.0084961270
1995-10-31,-0.0037398730
1995-11-01,0.0067671270
1995-11-02,0.0138161270
1995-11-03,0.0041071270
1995-11-06,-0.0037398730
1995-11-07,-0.0065328730
1995-11-08,0.0096931270
1995-11-09,0.0059691270
1995-11-10,-0.0016118730
1995-11-13,-0.0018778730
1995-11-14,-0.0089268730
1995-11-15,0.0072991270
1995-11-16,0.0076981270
1995-11-17,0.0050381270
1995-11-20,-0.0077298730
1995-11-21,0.0029101270
1995-11-22,-0.0030748730
1995-11-24,0.0043731270
1995-11-27,0.0022451270
1995-11-28,0.0104911270
1995-11-29,0.0053041270
1995-11-30,-0.0006808730
1995-12-01,0.0018461270
1995-12-04,0.0136831270
1995-12-05,0.0057031270
1995-12-06,0.0023781270
1995-12-07,-0.0091928730
1995-12-08,0.0025111270
1995-12-11,0.0031761270
1995-12-12,-0.0034738730
1995-12-13,0.0058361270
1995-12-14,-0.0110548730
1995-12-15,-0.0038728730
1995-12-18,-0.0232908730
1995-12-19,0.0131511270
1995-12-20,-0.0075968730
1995-12-21,0.0092941270
1995-12-22,0.0042401270
1995-12-26,0.0041071270
1995-12-27,0.0017131270
1995-12-28,-0.0006808730
1995-12-29,0.0053041270
1996-01-02,0.0078311270
1996-01-03,-0.0010798730
1996-01-04,-0.0107888730
1996-01-05,-0.0020108730
1996-01-08,0.0031761270
1996-01-09,-0.0222268730
1996-01-10,-0.0215618730
1996-01-11,0.0115551270
1996-01-12,-0.0017448730
1996-01-15,-0.0077298730
1996-01-16,0.0135501270
1996-01-17,-0.0012128730
1996-01-18,0.0049051270
1996-01-19,0.0075651270
1996-01-22,0.0054371270
1996-01-23,-0.0002818730
1996-01-24,0.0139491270
1996-01-25,-0.0053358730
1996-01-26,0.0083631270
1996-01-29,0.0049051270
1996-01-30,0.0120871270
1996-01-31,0.0110231270
1996-02-01,0.0057031270
1996-02-02,-0.0037398730
1996-02-05,0.0099591270
1996-02-06,0.0090281270
1996-02-07,0.0047721270
1996-02-08,0.0104911270
1996-02-09,0.0010481270
1996-02-12,0.0072991270
1996-02-13,-0.0026758730
1996-02-14,-0.0061338730
1996-02-15,-0.0041388730
1996-02-16,-0.0052028730
1996-02-20,-0.0139808730
1996-02-21,0.0138161270
1996-02-22,0.0207321270
1996-02-23,0.0010481270
1996-02-26,-0.0139808730
1996-02-27,-0.0058678730
1996-02-28,-0.0025428730
1996-02-29,-0.0079958730
1996-03-01,0.0033091270
1996-03-04,0.0122201270
1996-03-05,0.0090281270
1996-03-06,-0.0050698730
1996-03-07,0.0023781270
1996-03-08,-0.0387188730
1996-03-11,0.0094934070
1996-03-12,-0.0051517360
1996-03-13,0.0046755421
1996-03-14,0.0046153221
1996-03-15,0.0019766963
1996-03-18,0.0181360108
1996-03-19,-0.0017477636
1996-03-20,-0.0035119076
1996-03-21,-0.0011436990
1996-03-22,0.0026072801
1996-03-25,-0.0040058730
1996-03-26,0.0038411270
1996-03-27,-0.0045378730
1996-03-28,0.0005161270
1996-03-29,-0.0028088730
1996-04-01,0.0139491270
1996-04-02,0.0027771270
1996-04-03,0.0017131270
1996-04-04,0.0005161270
1996-04-08,-0.0223598730
1996-04-09,-0.0018778730
1996-04-10,-0.0157098730
1996-04-11,-0.0071978730
1996-04-12,0.0110231270
1996-04-15,0.0107571270
1996-04-16,0.0065011270
1996-04-17,-0.0065328730
1996-04-18,0.0062351270
1996-04-19,0.0029101270
1996-04-22,0.0076981270
1996-04-23,0.0079641270
1996-04-24,-0.0002818730
1996-04-25,0.0059691270
1996-04-26,0.0018461270
1996-04-29,0.0010481270
1996-04-30,0.0003831270
1996-05-01,0.0029101270
1996-05-02,-0.0214288730
1996-05-03,-0.0014788730
1996-05-06,-0.0021438730
1996-05-07,-0.0054688730
1996-05-08,0.0080971270
1996-05-09,0.0033091270
1996-05-10,0.0144811270
1996-05-13,0.0174071270
1996-05-14,0.0094271270
1996-05-15,-0.0002818730
1996-05-16,0.0005161270
1996-05-17,0.0071661270
1996-05-20,0.0076981270
1996-05-21,-0.0008138730
1996-05-22,0.0082301270
1996-05-23,-0.0034738730
1996-05-24,0.0033091270
1996-05-28,-0.0117198730
1996-05-29,-0.0090598730
1996-05-30,0.0067671270
1996-05-31,-0.0024098730
1996-06-03,-0.0033408730
1996-06-04,0.0090281270
1996-06-05,0.0095601270
1996-06-06,-0.0102568730
1996-06-07,-0.0028088730
1996-06-10,-0.0016118730
1996-06-11,-0.0014788730
1996-06-12,-0.0010798730
1996-06-13,-0.0038728730
1996-06-14,-0.0058678730
1996-06-17,-0.0028088730
1996-06-18,-0.0102568730
1996-06-19,-0.0016118730
1996-06-20,-0.0041388730
1996-06-21,0.0076981270
1996-06-24,0.0042401270
1996-06-25,-0.0034738730
1996-06-26,-0.0107888730
1996-06-27,0.0080971270
1996-06-28,0.0096931270
1996-07-01,0.0099591270
1996-07-02,-0.0038728730
1996-07-03,-0.0046708730
1996-07-05,-0.0272808730
1996-07-08,-0.0114538730
1996-07-09,0.0042401270
1996-07-10,-0.0028088730
1996-07-11,-0.0248868730
1996-07-12,-0.0000158730
1996-07-15,-0.0357928730
1996-07-16,-0.0057763610
1996-07-17,0.0161620367
1996-07-18,0.0163774131
1996-07-19,-0.0074855477
1996-07-22,-0.0092204290
1996-07-23,-0.0147465689
1996-07-24,-0.0026375404
1996-07-25,0.0097009148
1996-07-26,0.0093216115
1996-07-29,-0.0081820155
1996-07-30,0.0051076054
1996-07-31,0.0078812153
1996-08-01,0.0174569385
1996-08-02,0.0193335539
1996-08-05,-0.0029569547
1996-08-06,0.0031385490
1996-08-07,0.0041415292
1996-08-08,-0.0019125389
1996-08-09,-0.0032687034
1996-08-12,0.0064926996
1996-08-13,-0.0099124149
1996-08-14,0.0048528274
1996-08-15,0.0010255582
1996-08-16,0.0054371270
1996-08-19,0.0009151270
1996-08-20,-0.0021438730
1996-08-21,-0.0012128730
1996-08-22,0.0112891270
1996-08-23,-0.0049368730
1996-08-26,-0.0049368730
1996-08-27,0.0054371270
1996-08-28,-0.0000158730
1996-08-29,-0.0126508730
1996-08-30,-0.0083948730
1996-09-03,0.0019791270
1996-09-04,0.0019791270
1996-09-05,-0.0130498730
1996-09-06,0.0131511270
1996-09-09,0.0130181270
1996-09-10,0.0005161270
1996-09-11,0.0055701270
1996-09-12,0.0082301270
1996-09-13,0.0171411270
1996-09-16,0.0063681270
1996-09-17,-0.0016118730
1996-09-18,-0.0024098730
1996-09-19,0.0023781270
1996-09-20,0.0066341270
1996-09-23,-0.0026758730
1996-09-24,-0.0004148730
1996-09-25,0.0019791270
1996-09-26,0.0026441270
1996-09-27,0.0009151270
1996-09-30,0.0026441270
1996-10-01,0.0002501270
1996-10-02,0.0096931270
1996-10-03,-0.0024098730
1996-10-04,0.0146141270
1996-10-07,0.0023781270
1996-10-08,-0.0058678730
1996-10-09,-0.0067988730
1996-10-10,-0.0032078730
1996-10-11,0.0091611270
1996-10-14,0.0058361270
1996-10-15,-0.0022768730
1996-10-16,0.0011811270
1996-10-17,0.0031761270
1996-10-18,0.0046391270
1996-10-21,-0.0036068730
1996-10-22,-0.0089268730
1996-10-23,-0.0004148730
1996-10-24,-0.0065328730
1996-10-25,-0.0028088730
1996-10-28,-0.0082618730
1996-10-29,0.0033091270
1996-10-30,-0.0004148730
1996-10-31,0.0082301270
1996-11-01,-0.0024098730
1996-11-04,0.0035751270
1996-11-05,0.0114221270
1996-11-06,0.0184711270
1996-11-07,0.0054371270
1996-11-08,0.0045061270
1996-11-11,0.0021121270
1996-11-12,-0.0030748730
1996-11-13,0.0025111270
1996-11-14,0.0079641270
1996-11-15,0.0007821270
1996-11-18,-0.0022768730
1996-11-19,0.0071661270
1996-11-20,0.0026441270
1996-11-21,-0.0026758730
1996-11-22,0.0099591270
1996-11-25,0.0131511270
1996-11-26,-0.0025428730
1996-11-27,0.0002501270
1996-11-29,0.0035751270
1996-12-02,0.0007821270
1996-12-03,-0.0098578730
1996-12-04,-0.0044048730
1996-12-05,-0.0010798730
1996-12-06,-0.0098578730
1996-12-09,0.0183381270
1996-12-10,-0.0038728730
1996-12-11,-0.0121188730
1996-12-12,-0.0173058730
1996-12-13,-0.0040058730
1996-12-16,-0.0149118730
1996-12-17,0.0062351270
1996-12-18,0.0110231270
1996-12-19,0.0207321270
1996-12-20,0.0038132714
1996-12-23,-0.0049368730
1996-12-24,0.0063681270
1996-12-26,0.0076981270
1996-12-27,0.0022451270
1996-12-30,-0.0034738730
1996-12-31,-0.0135818730
1997-01-02,-0.0099908730
1997-01-03,0.0184711270
1997-01-06,0.0002501270
1997-01-07,0.0095601270
1997-01-08,-0.0058678730
1997-01-09,0.0096931270
1997-01-10,0.0066341270
1997-01-13,-0.0008138730
1997-01-14,0.0148801270
1997-01-15,-0.0030748730
1997-01-16,0.0033091270
1997-01-17,0.0095601270
1997-01-20,0.0034421270
1997-01-21,0.0076981270
1997-01-22,0.0058361270
1997-01-23,-0.0113208730
1997-01-24,-0.0129168730
1997-01-27,-0.0095918730
1997-01-28,0.0001171270
1997-01-29,0.0090281270
1997-01-30,0.0162101270
1997-01-31,0.0041071270
1997-02-03,-0.0002818730
1997-02-04,0.0015801270
1997-02-05,-0.0170398730
1997-02-06,0.0031761270
1997-02-07,0.0128851270
1997-02-10,-0.0086608730
1997-02-11,0.0042401270
1997-02-12,0.0202001270
1997-02-13,0.0134171270
1997-02-14,-0.0029418730
1997-02-18,0.0094271270
1997-02-19,-0.0041388730
1997-02-20,-0.0155768730
1997-02-21,-0.0034738730
1997-02-24,0.0112891270
1997-02-25,0.0031761270
1997-02-26,-0.0099908730
1997-02-27,-0.0169068730
1997-02-28,-0.0065328730
1997-03-03,0.0051711270
1997-03-04,-0.0038728730
1997-03-05,0.0155451270
1997-03-06,-0.0041388730
1997-03-07,0.0088951270
1997-03-10,0.0112891270
1997-03-11,-0.0032078730
1997-03-12,-0.0106558730
1997-03-13,-0.0220938730
1997-03-14,0.0040574698
1997-03-17,-0.0014788730
1997-03-18,-0.0102568730
1997-03-19,-0.0086608730
1997-03-20,-0.0026758730
1997-03-21,0.0011811270
1997-03-24,0.0062351270
1997-03-25,-0.0010798730
1997-03-26,0.0030431270
1997-03-27,-0.0252858730
1997-03-31,-0.0300738730
1997-04-01,0.0019698414
1997-04-02,-0.0140930785
1997-04-03,-0.0002600826
1997-04-04,0.0145599763
1997-04-07,0.0090125425
1997-04-08,0.0050062907
1997-04-09,-0.0069922234
1997-04-10,-0.0052524566
1997-04-11,-0.0323031313
1997-04-14,0.0058257807
1997-04-15,0.0127762109
1997-04-16,0.0083587232
1997-04-17,-0.0011659180
1997-04-18,0.0045867667
1997-04-21,-0.0112641756
1997-04-22,0.0159903575
1997-04-23,-0.0003412672
1997-04-24,-0.0025169376
1997-04-25,-0.0113085342
1997-04-28,0.0097671080
1997-04-29,0.0288916450
1997-04-30,0.0091895022
1997-05-01,-0.0010346970
1997-05-02,0.0204882553
1997-05-05,0.0216365868
1997-05-06,-0.0029560712
1997-05-07,-0.0114721724
1997-05-08,0.0038139044
1997-05-09,0.0049765382
1997-05-12,0.0132063525
1997-05-13,-0.0046951414
1997-05-14,0.0036871347
1997-05-15,0.0064163985
1997-05-16,-0.0131218499
1997-05-19,0.0030644395
1997-05-20,0.0104769687
1997-05-21,-0.0015541780
1997-05-22,-0.0033334386
1997-05-23,0.0159649319
1997-05-27,0.0037389888
1997-05-28,-0.0014590272
1997-05-29,-0.0037398730
1997-05-30,0.0072991270
1997-06-02,-0.0006808730
1997-06-03,-0.0021438730
1997-06-04,-0.0058678730
1997-06-05,0.0055701270
1997-06-06,0.0187371270
1997-06-09,0.0063681270
1997-06-10,0.0018461270
1997-06-11,0.0054371270
1997-06-12,0.0171411270
1997-06-13,0.0131511270
1997-06-16,0.0005161270
1997-06-17,0.0017131270
1997-06-18,-0.0050698730
1997-06-19,0.0126191270
1997-06-20,-0.0005478730
1997-06-23,-0.0244878730
1997-06-24,0.0210485630
1997-06-25,-0.0085916854
1997-06-26,-0.0060482774
1997-06-27,0.0051709261
1997-06-30,-0.0013037593
1997-07-01,0.0072991270
1997-07-02,0.0154121270
1997-07-03,0.0159441270
1997-07-07,-0.0046708730
1997-07-08,0.0091611270
1997-07-09,-0.0126508730
1997-07-10,0.0075651270
1997-07-11,0.0058361270
1997-07-14,0.0030431270
1997-07-15,0.0098261270
1997-07-16,0.0150131270
1997-07-17,-0.0073308730
1997-07-18,-0.0187688730
1997-07-21,-0.0052344213
1997-07-22,0.0264511270
1997-07-23,0.0033442566
1997-07-24,0.0037489584
1997-07-25,-0.0015432819
1997-07-28,-0.0030581062
1997-07-29,0.0070331270
1997-07-30,0.0144811270
1997-07-31,0.0023781270
1997-08-01,-0.0075968730
1997-08-04,0.0039741270
1997-08-05,0.0045061270
1997-08-06,0.0098261270
1997-08-07,-0.0102568730
1997-08-08,-0.0240888730
1997-08-11,0.0019917491
1997-08-12,-0.0122296566
1997-08-13,-0.0034098790
1997-08-14,0.0034421270
1997-08-15,-0.0272808730
1997-08-18,0.0095611286
1997-08-19,0.0162039888
1997-08-20,0.0150729497
1997-08-21,-0.0132597801
1997-08-22,-0.0029586056
1997-08-25,-0.0013338075
1997-08-26,-0.0070357933
1997-08-27,0.0021218606
1997-08-28,-0.0100622175
1997-08-29,-0.0026647468
1997-09-02,0.0322340191
1997-09-03,0.0018199079
1997-09-04,0.0029766533
1997-09-05,0.0002078933
1997-09-08,0.0037353259
1997-09-09,0.0032944980
1997-09-10,-0.0156779581
1997-09-11,-0.0076824031
1997-09-12,0.0148307819
1997-09-15,-0.0038817833
1997-09-16,0.0282478749
1997-09-17,-0.0008584909
1997-09-18,0.0038327792
1997-09-19,0.0034389559
1997-09-22,0.0060179594
1997-09-23,-0.0035439123
1997-09-24,-0.0080732127
1997-09-25,-0.0081287505
1997-09-26,0.0084696924
1997-09-29,0.0096931270
1997-09-30,-0.0057348730
1997-10-01,0.0082301270
1997-10-02,0.0072991270
1997-10-03,0.0063681270
1997-10-06,0.0090281270
1997-10-07,0.0119541270
1997-10-08,-0.0081288730
1997-10-09,-0.0026758730
1997-10-10,-0.0037398730
1997-10-13,0.0013141270
1997-10-14,0.0003831270
1997-10-15,-0.0044048730
1997-10-16,-0.0139808730
1997-10-17,-0.0174388730
1997-10-20,0.0146141270
1997-10-21,0.0219291270
1997-10-22,-0.0037957133
1997-10-23,-0.0241839682
1997-10-24,-0.0091614008
1997-10-27,-0.0760378356
1997-10-28,0.0223038146
1997-10-29,0.0003102292
1997-10-30,-0.0078699936
1997-10-31,0.0058764061
1997-11-03,0.0119213321
1997-11-04,0.0011592738
1997-11-05,0.0018041067
1997-11-06,-0.0028743604
1997-11-07,-0.0075103645
1997-11-10,-0.0032058981
1997-11-11,0.0002989083
1997-11-12,-0.0129421815
1997-11-13,0.0055125268
1997-11-14,0.0081660840
1997-11-17,0.0126187353
1997-11-18,-0.0054469573
1997-11-19,0.0032145085
1997-11-20,0.0100342275
1997-11-21,0.0018455010
1997-11-24,-0.0131260476
1997-11-25,0.0026509519
1997-11-26,0.0014183981
1997-11-28,0.0029897272
1997-12-01,0.0156132271
1997-12-02,-0.0028199890
1997-12-03,0.0046653294
1997-12-04,-0.0018614609
1997-12-05,0.0093163490
1997-12-08,0.0003793516
1997-12-09,-0.0076677738
1997-12-10,-0.0082801293
1997-12-11,-0.0167692119
1997-12-12,-0.0030353904
1997-12-15,0.0070413083
1997-12-16,0.0064527423
1997-12-17,-0.0016826294
1997-12-18,-0.0125787046
1997-12-19,-0.0078647959
1997-12-22,0.0068874318
1997-12-23,-0.0147164625
1997-12-24,-0.0069427282
1997-12-26,0.0040819447
1997-12-29,0.0205933657
1997-12-30,0.0201019364
1997-12-31,0.0020885197
1998-01-02,0.0024103442
1998-01-05,0.0025268710
1998-01-06,-0.0126136242
1998-01-07,-0.0045035940
1998-01-08,-0.0100691871
1998-01-09,-0.0369182111
1998-01-12,0.0068616854
1998-01-13,0.0141064358
1998-01-14,0.0054996906
1998-01-15,-0.0057199114
1998-01-16,0.0104505654
1998-01-20,0.0158522636
1998-01-21,-0.0062335790
1998-01-22,-0.0077403333
1998-01-23,-0.0055319127
1998-01-26,-0.0025664768
1998-01-27,0.0103381889
1998-01-28,0.0108299544
1998-01-29,0.0084403654
1998-01-30,-0.0044822749
1998-02-02,0.0222233298
1998-02-03,0.0055773912
1998-02-04,0.0024126368
1998-02-05,-0.0017507099
1998-02-06,0.0089833202
1998-02-09,-0.0011344219
1998-02-10,0.0104407475
1998-02-11,0.0021121270
1998-02-12,0.0047721270
1998-02-13,-0.0033408730
1998-02-17,0.0019791270
1998-02-18,0.0106241270
1998-02-19,-0.0030748730
1998-02-20,0.0050381270
1998-02-23,0.0058361270
1998-02-24,-0.0098578730
1998-02-25,0.0151461270
1998-02-26,0.0074321270
1998-02-27,0.0006491270
1998-03-02,-0.0021438730
1998-03-03,0.0045061270
1998-03-04,-0.0056018730
1998-03-05,-0.0137148730
1998-03-06,0.0245891270
1998-03-09,-0.0042718730
1998-03-10,0.0142151270
1998-03-11,0.0066341270
1998-03-12,0.0017131270
1998-03-13,-0.0009468730
1998-03-16,0.0116881270
1998-03-17,0.0013141270
1998-03-18,0.0063681270
1998-03-19,0.0053041270
1998-03-20,0.0075651270
1998-03-23,-0.0044048730
1998-03-24,0.0112891270
1998-03-25,-0.0032078730
1998-03-26,-0.0008138730
1998-03-27,-0.0053358730
1998-03-30,-0.0029418730
1998-03-31,0.0102251270
1998-04-01,0.0079641270
1998-04-02,0.0111561270
1998-04-03,0.0025111270
1998-04-06,-0.0040058730
1998-04-07,-0.0139808730
1998-04-08,-0.0065328730
1998-04-09,0.0108901270
1998-04-13,-0.0002818730
1998-04-14,0.0088951270
1998-04-15,0.0049051270
1998-04-16,-0.0117198730
1998-04-17,0.0147471270
1998-04-20,0.0021121270
1998-04-21,0.0031761270
1998-04-22,0.0038411270
1998-04-23,-0.0150448730
1998-04-24,-0.0130498730
1998-04-27,-0.0284778730
1998-04-28,0.0018195929
1998-04-29,0.0114450513
1998-04-30,0.0183758823
1998-05-01,0.0069529207
1998-05-04,0.0017845453
1998-05-05,-0.0074382129
1998-05-06,-0.0106628832
1998-05-07,-0.0106936298
1998-05-08,0.0138887292
1998-05-11,-0.0031641630
1998-05-12,0.0069547060
1998-05-13,0.0035751270
1998-05-14,-0.0024098730
1998-05-15,-0.0103898730
1998-05-18,-0.0058678730
1998-05-19,0.0050381270
1998-05-20,0.0062351270
1998-05-21,-0.0048038730
1998-05-22,-0.0073308730
1998-05-26,-0.0199658730
1998-05-27,-0.0048038730
1998-05-28,0.0074321270
1998-05-29,-0.0056018730
1998-06-01,-0.0044048730
1998-06-02,0.0023781270
1998-06-03,-0.0103898730
1998-06-04,0.0131511270
1998-06-05,0.0192691270
1998-06-08,0.0035751270
1998-06-09,0.0033091270
1998-06-10,-0.0093258730
1998-06-11,-0.0194338730
1998-06-12,0.0011811270
1998-06-15,-0.0255518730
1998-06-16,0.0120949955
1998-06-17,0.0192804518
1998-06-18,-0.0015250185
1998-06-19,-0.0047573062
1998-06-22,0.0038586531
1998-06-23,0.0164827158
1998-06-24,0.0131912018
1998-06-25,-0.0037490249
1998-06-26,0.0034828571
1998-06-29,0.0069330939
1998-06-30,-0.0026425667
1998-07-01,0.0150131270
1998-07-02,-0.0025428730
1998-07-06,0.0112891270
1998-07-07,-0.0022768730
1998-07-08,0.0119541270
1998-07-09,-0.0067988730
1998-07-10,0.0041071270
1998-07-13,0.0013141270
1998-07-14,0.0110231270
1998-07-15,-0.0010798730
1998-07-16,0.0086291270
1998-07-17,0.0026441270
1998-07-20,-0.0017448730
1998-07-21,-0.0211628730
1998-07-22,-0.0037398730
1998-07-23,-0.0272808730
1998-07-24,-0.0018194034
1998-07-27,0.0025047593
1998-07-28,-0.0196905628
1998-07-29,-0.0056985082
1998-07-30,0.0188418978
1998-07-31,-0.0217106885
1998-08-03,-0.0092827612
1998-08-04,-0.0390746138
1998-08-05,0.0039872517
1998-08-06,0.0090676254
1998-08-07,0.0032472828
1998-08-10,-0.0051159623
1998-08-11,-0.0150238444
1998-08-12,0.0138699646
1998-08-13,-0.0074217178
1998-08-14,-0.0085020957
1998-08-17,0.0138186092
1998-08-18,0.0139984868
1998-08-19,-0.0038775933
1998-08-20,-0.0058859880
1998-08-21,-0.0105683586
1998-08-24,0.0034989134
1998-08-25,0.0019971773
1998-08-26,-0.0108150767
1998-08-27,-0.0397414264
1998-08-28,-0.0127015694
1998-08-31,-0.0514163642
1998-09-01,0.0179578638
1998-09-02,-0.0001049065
1998-09-03,-0.0050817548
1998-09-04,-0.0038115653
1998-09-08,0.0251314564
1998-09-09,-0.0075050262
1998-09-10,-0.0110277446
1998-09-11,0.0118475097
1998-09-14,0.0088556159
1998-09-15,0.0031102653
1998-09-16,0.0038452024
1998-09-17,-0.0112801771
1998-09-18,0.0019029786
1998-09-21,0.0009372828
1998-09-22,0.0036099912
1998-09-23,0.0176771835
1998-09-24,-0.0106600919
1998-09-25,0.0003981172
1998-09-28,0.0018284318
1998-09-29,-0.0006977260
1998-09-30,-0.0153734169
1998-10-01,-0.0187949588
1998-10-02,0.0076364205
1998-10-05,-0.0105140953
1998-10-06,-0.0030956450
1998-10-07,-0.0105789139
1998-10-08,-0.0100569621
1998-10-09,0.0163586879
1998-10-12,0.0093981800
1998-10-13,-0.0036191572
1998-10-14,0.0079980167
1998-10-15,0.0246848685
1998-10-16,0.0053825515
1998-10-19,0.0045653944
1998-10-20,0.0015426906
1998-10-21,0.0035532586
1998-10-22,0.0054982249
1998-10-23,-0.0039902846
1998-10-26,0.0027820601
1998-10-27,-0.0038069650
1998-10-28,0.0017576216
1998-10-29,0.0122995915
1998-10-30,0.0095411474
1998-11-02,0.0113123688
1998-11-03,-0.0008470128
1998-11-04,0.0075715007
1998-11-05,0.0115054262
1998-11-06,0.0062954560
1998-11-09,-0.0080889724
1998-11-10,-0.0014478944
1998-11-11,-0.0068342964
1998-11-12,-0.0027983624
1998-11-13,0.0055391592
1998-11-16,0.0081548049
1998-11-17,0.0035567295
1998-11-18,0.0059524578
1998-11-19,0.0080669327
1998-11-20,0.0099431321
1998-11-23,0.0267569288
1998-11-24,-0.0051923121
1998-11-25,0.0047906161
1998-11-27,0.0067841195
1998-11-30,-0.0304961539
1998-12-01,0.0084436433
1998-12-02,-0.0021502896
1998-12-03,-0.0171255320
1998-12-04,0.0196756166
1998-12-07,0.0081141078
1998-12-08,-0.0041760721
1998-12-09,0.0008607682
1998-12-10,-0.0158306784
1998-12-11,-0.0004968715
1998-12-14,-0.0213852211
1998-12-15,0.0151938639
1998-12-16,-0.0008006922
1998-12-17,0.0137822608
1998-12-18,0.0060936075
1998-12-21,0.0125923465
1998-12-22,-0.0001098703
1998-12-23,0.0189431023
1998-12-24,-0.0005815536
1998-12-28,0.0015537254
1998-12-29,0.0116875704
1998-12-30,-0.0052745108
1998-12-31,0.0045686497
1999-01-04,-0.0020268841
1999-01-05,0.0127040182
1999-01-06,0.0248042676
1999-01-07,-0.0007720989
1999-01-08,0.0050030662
1999-01-11,-0.0060949327
1999-01-12,-0.0216441070
1999-01-13,-0.0054259941
1999-01-14,-0.0171269634
1999-01-15,0.0220789140
1999-01-19,0.0069336460
1999-01-20,0.0021459533
1999-01-21,-0.0172000295
1999-01-22,-0.0058124521
1999-01-25,0.0060697564
1999-01-26,0.0130319052
1999-01-27,-0.0069069148
1999-01-28,0.0155035314
1999-01-29,0.0087957359
1999-02-01,-0.0037463854
1999-02-02,-0.0088069501
1999-02-03,0.0089177046
1999-02-04,-0.0195766907
1999-02-05,-0.0085148762
1999-02-08,0.0022493771
1999-02-09,-0.0222026445
1999-02-10,0.0023949380
1999-02-11,0.0231080769
1999-02-12,-0.0154430233
1999-02-16,0.0049744475
1999-02-17,-0.0117134241
1999-02-18,0.0074360787
1999-02-19,0.0020471996
1999-02-22,0.0208579841
1999-02-23,0.0006896424
1999-02-24,-0.0107788425
1999-02-25,-0.0056686498
1999-02-26,-0.0041725294
1999-03-01,-0.0001043282
1999-03-02,-0.0064126557
1999-03-03,0.0000801776
1999-03-04,0.0134666036
1999-03-05,0.0199953715
1999-03-08,0.0059690066
1999-03-09,-0.0021883764
1999-03-10,0.0050961809
1999-03-11,0.0074795104
1999-03-12,-0.0034271133
1999-03-15,0.0104486445
1999-03-16,-0.0015955714
1999-03-17,-0.0063498445
1999-03-18,0.0152553161
1999-03-19,-0.0155692795
1999-03-22,-0.0036509505
1999-03-23,-0.0302170598
1999-03-24,0.0047567771
1999-03-25,0.0168729994
1999-03-26,-0.0045002515
1999-03-29,0.0184230030
1999-03-30,-0.0056244823
1999-03-31,-0.0081261827
1999-04-01,0.0049350191
1999-04-05,0.0178148840
1999-04-06,-0.0023765597
1999-04-07,0.0039520004
1999-04-08,0.0124411177
1999-04-09,0.0042770951
1999-04-12,0.0090839105
1999-04-13,-0.0038079846
1999-04-14,-0.0157971294
1999-04-15,-0.0039487027
1999-04-16,-0.0024844061
1999-04-19,-0.0275660215
1999-04-20,0.0128621254
1999-04-21,0.0228845333
1999-04-22,0.0109547102
1999-04-23,0.0008933901
1999-04-26,0.0037060935
1999-04-27,0.0008003033
1999-04-28,-0.0083692979
1999-04-29,-0.0043066019
1999-04-30,-0.0046528445
1999-05-03,0.0112207216
1999-05-04,-0.0153656545
1999-05-05,0.0101914743
1999-05-06,-0.0115335510
1999-05-07,0.0086589630
1999-05-10,-0.0001164444
1999-05-11,0.0125260414
1999-05-12,0.0066138318
1999-05-13,0.0024996065
1999-05-14,-0.0245487625
1999-05-17,0.0015398025
1999-05-18,-0.0040888899
1999-05-19,0.0086809711
1999-05-20,-0.0039061237
1999-05-21,-0.0063140319
1999-05-24,-0.0221988505
1999-05-25,-0.0189208221
1999-05-26,0.0140374987
1999-05-27,-0.0138990174
1999-05-28,0.0142069780
1999-06-01,-0.0072355810
1999-06-02,0.0011986027
1999-06-03,0.0011551142
1999-06-04,0.0206869313
1999-06-07,0.0064993287
1999-06-08,-0.0116934042
1999-06-09,0.0014904359
1999-06-10,-0.0118468031
1999-06-11,-0.0078906203
1999-06-14,-0.0048865402
1999-06-15,0.0054950964
1999-06-16,0.0244717659
1999-06-17,0.0067195233
1999-06-18,0.0021143525
1999-06-21,0.0062756744
1999-06-22,-0.0098275030
1999-06-23,-0.0014908054
1999-06-24,-0.0143413439
1999-06-25,-0.0006578297
1999-06-28,0.0137787363
1999-06-29,0.0160912160
1999-06-30,0.0165271134
1999-07-01,0.0057803576
1999-07-02,0.0078856685
1999-07-06,-0.0009176176
1999-07-07,0.0026763045
1999-07-08,0.0003520234
1999-07-09,0.0068933289
1999-07-12,-0.0032078730
1999-07-13,-0.0052028730
1999-07-14,0.0059691270
1999-07-15,0.0110231270
1999-07-16,0.0063681270
1999-07-19,-0.0109218730
1999-07-20,-0.0294088730
1999-07-21,0.0029952562
1999-07-22,-0.0153886031
1999-07-23,-0.0036215293
1999-07-26,-0.0118036437
1999-07-27,0.0135624722
1999-07-28,0.0017019174
1999-07-29,-0.0209662267
1999-07-30,-0.0081745752
1999-08-02,-0.0030995516
1999-08-03,-0.0094734994
1999-08-04,-0.0179576095
1999-08-05,0.0076245137
1999-08-06,-0.0121604790
1999-08-09,-0.0050595944
1999-08-10,-0.0149734152
1999-08-11,0.0211280693
1999-08-12,-0.0016719212
1999-08-13,0.0254279655
1999-08-16,0.0023901157
1999-08-17,0.0098435715
1999-08-18,-0.0076557165
1999-08-19,-0.0081358409
1999-08-20,0.0094683307
1999-08-23,0.0189422448
1999-08-24,0.0015969331
1999-08-25,0.0125575513
1999-08-26,-0.0126796279
1999-08-27,-0.0102030856
1999-08-30,-0.0183421112
1999-08-31,-0.0019440616
1999-09-01,0.0076632769
1999-09-02,-0.0088645616
1999-09-03,0.0298794833
1999-09-07,-0.0028872914
1999-09-08,-0.0048559600
1999-09-09,0.0028107007
1999-09-10,0.0041801925
1999-09-13,-0.0063838171
1999-09-14,-0.0053363335
1999-09-15,-0.0135883830
1999-09-16,-0.0021073017
1999-09-17,0.0133546413
1999-09-20,-0.0000158730
1999-09-21,-0.0215805394
1999-09-22,0.0029264514
1999-09-23,-0.0246914298
1999-09-24,-0.0017982917
1999-09-27,0.0040127655
1999-09-28,-0.0022394780
1999-09-29,-0.0083850326
1999-09-30,0.0100851895
1999-10-01,-0.0017465339
1999-10-04,0.0189177767
1999-10-05,-0.0009453660
1999-10-06,0.0196834332
1999-10-07,-0.0047091396
1999-10-08,0.0113467527
1999-10-11,0.0021720309
1999-10-12,-0.0189081841
1999-10-13,-0.0203761006
1999-10-14,-0.0001075620
1999-10-15,-0.0254624410
1999-10-18,0.0007465177
1999-10-19,0.0066923754
1999-10-20,0.0166278905
1999-10-21,-0.0013545273
1999-10-22,0.0114696392
1999-10-25,-0.0037752148
1999-10-26,-0.0078452253
1999-10-27,0.0082883656
1999-10-28,0.0315620957
1999-10-29,0.0130200084
1999-11-01,-0.0029369394
1999-11-02,-0.0026368343
1999-11-03,0.0056649486
1999-11-04,0.0056598733
1999-11-05,0.0070864611
1999-11-08,0.0055160536
1999-11-09,-0.0076740513
1999-11-10,0.0052785873
1999-11-11,0.0037801630
1999-11-12,0.0119208322
1999-11-15,0.0002041632
1999-11-16,0.0212916410
1999-11-17,-0.0068918101
1999-11-18,0.0121322765
1999-11-19,-0.0012401386
1999-11-22,0.0000990541
1999-11-23,-0.0153136351
1999-11-24,0.0095919592
1999-11-26,0.0022583959
1999-11-29,-0.0075224659
1999-11-30,-0.0155984943
1999-12-01,0.0058643473
1999-12-02,0.0133666100
1999-12-03,0.0185722335
1999-12-06,-0.0047282583
1999-12-07,-0.0049495649
1999-12-08,-0.0009570165
1999-12-09,0.0036696578
1999-12-10,0.0065454185
1999-12-13,0.0007821270
1999-12-14,-0.0174388730
1999-12-15,0.0068767009
1999-12-16,0.0077720861
1999-12-17,0.0031761270
1999-12-20,-0.0009468730
1999-12-21,0.0191361270
1999-12-22,0.0045061270
1999-12-23,0.0174071270
1999-12-27,-0.0026758730
1999-12-28,0.0026441270
1999-12-29,0.0084961270
1999-12-30,0.0009151270
1999-12-31,0.0067671270
2000-01-03,-0.0094588730
2000-01-04,-0.0540138730
2000-01-05,-0.0007351367
2000-01-06,-0.0062142546
2000-01-07,0.0279260163
2000-01-10,0.0124603534
2000-01-11,-0.0122047127
2000-01-12,-0.0048426420
2000-01-13,0.0115248422
2000-01-14,0.0082718037
2000-01-18,-0.0018863555
2000-01-19,0.0034183705
2000-01-20,-0.0030390101
2000-01-21,0.0019378220
2000-01-24,-0.0230742843
2000-01-25,0.0038002359
2000-01-26,-0.0035013848
2000-01-27,-0.0037402485
2000-01-28,-0.0248579446
2000-01-31,0.0115937051
2000-02-01,0.0098194558
2000-02-02,0.0011321314
2000-02-03,0.0119278332
2000-02-04,-0.0003353423
2000-02-07,0.0029964209
2000-02-08,0.0107534697
2000-02-09,-0.0163545428
2000-02-10,0.0047445028
2000-02-11,-0.0151390865
2000-02-14,0.0019958612
2000-02-15,0.0062059978
2000-02-16,-0.0052593404
2000-02-17,0.0040168361
2000-02-18,-0.0261795236
2000-02-22,0.0010715033
2000-02-23,0.0107313440
2000-02-24,-0.0001894368
2000-02-25,-0.0096574705
2000-02-28,0.0070267781
2000-02-29,0.0181611443
2000-03-01,0.0123677085
2000-03-02,-0.0007247375
2000-03-03,0.0219397938
2000-03-06,-0.0060776355
2000-03-07,-0.0191893765
2000-03-08,0.0054827905
2000-03-09,0.0198154789
2000-03-10,-0.0034511426
2000-03-13,-0.0114723957
2000-03-14,-0.0180764380
2000-03-15,0.0062436683
2000-03-16,0.0320620945
2000-03-17,0.0036681317
2000-03-20,-0.0104711376
2000-03-21,0.0121953294
2000-03-22,0.0078610591
2000-03-23,0.0094342956
2000-03-24,0.0006477236
2000-03-27,-0.0027205007
2000-03-28,-0.0096265437
2000-03-29,-0.0068528914
2000-03-30,-0.0124495047
2000-03-31,0.0084400775
2000-04-03,-0.0120917878
2000-04-04,-0.0088012952
2000-04-05,0.0001327248
2000-04-06,0.0115019659
2000-04-07,0.0109446899
2000-04-10,-0.0152222453
2000-04-11,-0.0076262120
2000-04-12,-0.0228321673
2000-04-13,-0.0125515664
2000-04-14,-0.0475685521
2000-04-17,0.0142222159
2000-04-18,0.0171985420
2000-04-19,-0.0034299713
2000-04-20,0.0004146147
2000-04-24,-0.0045671364
2000-04-25,0.0177777291
2000-04-26,-0.0054381060
2000-04-27,0.0034320150
2000-04-28,0.0002678656
2000-05-01,0.0069234922
2000-05-02,-0.0105838655
2000-05-03,-0.0107394656
2000-05-04,0.0000360044
2000-05-05,0.0080802634
2000-05-08,-0.0054272349
2000-05-09,-0.0068452255
2000-05-10,-0.0160042224
2000-05-11,0.0120747081
2000-05-12,0.0044547578
2000-05-15,0.0125231489
2000-05-16,0.0074380248
2000-05-17,-0.0082250138
2000-05-18,-0.0066765770
2000-05-19,-0.0149400375
2000-05-22,-0.0043506332
2000-05-23,-0.0151473852
2000-05-24,0.0099031602
2000-05-25,-0.0081354217
2000-05-26,-0.0011789099
2000-05-30,0.0256327293
2000-05-31,-0.0013727740
2000-06-01,0.0147913037
2000-06-02,0.0167506097
2000-06-05,-0.0021333099
2000-06-06,-0.0050015186
2000-06-07,0.0069679781
2000-06-08,-0.0037307926
2000-06-09,0.0003047516
2000-06-12,-0.0080097657
2000-06-13,0.0098048126
2000-06-14,-0.0012660410
2000-06-15,0.0035412080
2000-06-16,-0.0057132865
2000-06-19,0.0128738431
2000-06-20,-0.0021223193
2000-06-21,0.0027470691
2000-06-22,-0.0161096404
2000-06-23,-0.0078052718
2000-06-26,0.0075514636
2000-06-27,-0.0046517274
2000-06-28,0.0068159480
2000-06-29,-0.0063318366
2000-06-30,0.0067755202
2000-07-03,0.0090914827
2000-07-05,-0.0160715622
2000-07-06,0.0083501434
2000-07-07,0.0137475884
2000-07-10,-0.0011407770
2000-07-11,0.0013557635
2000-07-12,0.0135401858
2000-07-13,0.0052094630
2000-07-14,0.0102700448
2000-07-17,0.0013068464
2000-07-18,-0.0156944726
2000-07-19,-0.0126475907
2000-07-20,0.0140974397
2000-07-21,-0.0136998688
2000-07-24,-0.0142607308
2000-07-25,0.0051367189
2000-07-26,-0.0131865467
2000-07-27,-0.0089884431
2000-07-28,-0.0239998257
2000-07-31,0.0097289309
2000-08-01,0.0014454166
2000-08-02,0.0000792929
2000-08-03,0.0110333704
2000-08-04,0.0087298967
2000-08-07,0.0115420755
2000-08-08,0.0009805306
2000-08-09,-0.0062825739
2000-08-10,-0.0109744769
2000-08-11,0.0093557725
2000-08-14,0.0134983011
2000-08-15,-0.0049635851
2000-08-16,-0.0020159545
2000-08-17,0.0131062107
2000-08-18,-0.0032459206
2000-08-21,0.0047776237
2000-08-22,-0.0001409530
2000-08-23,0.0071860414
2000-08-24,0.0045061270
2000-08-25,-0.0006808730
2000-08-28,0.0063681270
2000-08-29,-0.0005478730
2000-08-30,-0.0016118730
2000-08-31,0.0152791270
2000-09-01,0.0050381270
2000-09-05,-0.0129168730
2000-09-06,-0.0163748730
2000-09-07,0.0106241270
2000-09-08,-0.0110548730
2000-09-11,-0.0060008730
2000-09-12,-0.0066658730
2000-09-13,0.0037081270
2000-09-14,0.0001171270
2000-09-15,-0.0163748730
2000-09-18,-0.0238228730
2000-09-19,0.0161363817
2000-09-20,-0.0047313562
2000-09-21,-0.0067149879
2000-09-22,0.0051159011
2000-09-25,-0.0074638730
2000-09-26,-0.0126508730
2000-09-27,-0.0025428730
2000-09-28,0.0308401270
2000-09-29,-0.0137232741
2000-10-02,-0.0075680631
2000-10-03,-0.0142093090
2000-10-04,0.0071106799
2000-10-05,-0.0025626627
2000-10-06,-0.0252021696
2000-10-09,-0.0040585866
2000-10-10,-0.0156625707
2000-10-11,-0.0192776662
2000-10-12,-0.0302124354
2000-10-13,0.0365141925
2000-10-16,0.0014492959
2000-10-17,-0.0129679054
2000-10-18,-0.0055658322
2000-10-19,0.0255141281
2000-10-20,0.0052500490
2000-10-23,0.0001638093
2000-10-24,-0.0007692294
2000-10-25,-0.0165314014
2000-10-26,0.0000473350
2000-10-27,0.0060072239
2000-10-30,0.0051515498
2000-10-31,0.0193305018
2000-11-01,-0.0000158730
2000-11-02,-0.0000158730
2000-11-03,-0.0000158730
2000-11-06,-0.0000158730
2000-11-07,-0.0000158730
2000-11-08,-0.0000158730
2000-11-09,-0.0000158730
2000-11-10,-0.0000158730
2000-11-13,-0.0000158730
2000-11-14,-0.0000158730
2000-11-15,-0.0000158730
2000-11-16,-0.0000158730
2000-11-17,-0.0000158730
2000-11-20,-0.0000158730
2000-11-21,-0.0000158730
2000-11-22,-0.0000158730
2000-11-24,-0.0000158730
2000-11-27,-0.0000158730
2000-11-28,-0.0000158730
2000-11-29,-0.0000158730
2000-11-30,-0.0000158730
2000-12-01,-0.0000158730
2000-12-04,-0.0000158730
2000-12-05,-0.0000158730
2000-12-06,-0.0000158730
2000-12-07,-0.0000158730
2000-12-08,-0.0000158730
2000-12-11,-0.0000158730
2000-12-12,-0.0000158730
2000-12-13,-0.0000158730
2000-12-14,-0.0000158730
2000-12-15,-0.0000158730
2000-12-18,-0.0000158730
2000-12-19,-0.0000158730
2000-12-20,-0.0000158730
2000-12-21,-0.0000158730
2000-12-22,-0.0000158730
2000-12-26,-0.0000158730
2000-12-27,-0.0000158730
2000-12-28,-0.0000158730
2000-12-29,-0.0000158730
2001-01-02,-0.0000158730
2001-01-03,-0.0000158730
2001-01-04,-0.0000158730
2001-01-05,-0.0000158730
2001-01-08,-0.0000158730
2001-01-09,-0.0000158730
2001-01-10,-0.0000158730
2001-01-11,-0.0000158730
2001-01-12,-0.0000158730
2001-01-16,-0.0000158730
2001-01-17,-0.0000158730
2001-01-18,-0.0000158730
2001-01-19,-0.0000158730
2001-01-22,-0.0000158730
2001-01-23,-0.0000158730
2001-01-24,-0.0000158730
2001-01-25,-0.0000158730
2001-01-26,-0.0000158730
2001-01-29,-0.0000158730
2001-01-30,-0.0000158730
2001-01-31,-0.0000158730
2001-02-01,-0.0000158730
2001-02-02,-0.0000158730
2001-02-05,-0.0000158730
2001-02-06,-0.0000158730
2001-02-07,-0.0000158730
2001-02-08,-0.0000158730
2001-02-09,-0.0000158730
2001-02-12,-0.0000158730
2001-02-13,-0.0000158730
2001-02-14,-0.0000158730
2001-02-15,-0.0000158730
2001-02-16,-0.0000158730
2001-02-20,-0.0000158730
2001-02-21,-0.0000158730
2001-02-22,-0.0000158730
2001-02-23,-0.0000158730
2001-02-26,-0.0000158730
2001-02-27,-0.0000158730
2001-02-28,-0.0000158730
2001-03-01,-0.0000158730
2001-03-02,-0.0000158730
2001-03-05,-0.0000158730
2001-03-06,-0.0000158730
2001-03-07,-0.0000158730
2001-03-08,-0.0000158730
2001-03-09,-0.0000158730
2001-03-12,-0.0000158730
2001-03-13,-0.0000158730
2001-03-14,-0.0000158730
2001-03-15,-0.0000158730
2001-03-16,-0.0000158730
2001-03-19,-0.0000158730
2001-03-20,-0.0000158730
2001-03-21,-0.0000158730
2001-03-22,-0.0000158730
2001-03-23,-0.0000158730
2001-03-26,-0.0000158730
2001-03-27,-0.0000158730
2001-03-28,-0.0000158730
2001-03-29,-0.0000158730
2001-03-30,-0.0000158730
2001-04-02,-0.0000158730
2001-04-03,-0.0000158730
2001-04-04,-0.0000158730
2001-04-05,-0.0000158730
2001-04-06,-0.0000158730
2001-04-09,-0.0000158730
2001-04-10,-0.0000158730
2001-04-11,-0.0000158730
2001-04-12,-0.0000158730
2001-04-16,-0.0000158730
2001-04-17,-0.0000158730
2001-04-18,-0.0000158730
2001-04-19,-0.0000158730
2001-04-20,-0.0000158730
2001-04-23,-0.0000158730
2001-04-24,-0.0000158730
2001-04-25,-0.0000158730
2001-04-26,-0.0000158730
2001-04-27,-0.0000158730
2001-04-30,-0.0000158730
2001-05-01,-0.0000158730
2001-05-02,-0.0000158730
2001-05-03,-0.0000158730
2001-05-04,-0.0000158730
2001-05-07,-0.0000158730
2001-05-08,-0.0000158730
2001-05-09,-0.0000158730
2001-05-10,-0.0000158730
2001-05-11,-0.0000158730
2001-05-14,-0.0000158730
2001-05-15,-0.0000158730
2001-05-16,-0.0000158730
2001-05-17,-0.0000158730
2001-05-18,-0.0000158730
2001-05-21,-0.0000158730
2001-05-22,-0.0000158730
2001-05-23,-0.0000158730
2001-05-24,-0.0000158730
2001-05-25,-0.0000158730
2001-05-29,-0.0000158730
2001-05-30,-0.0000158730
2001-05-31,-0.0000158730
2001-06-01,-0.0000158730
2001-06-04,-0.0000158730
2001-06-05,-0.0000158730
2001-06-06,-0.0000158730
2001-06-07,-0.0000158730
2001-06-08,-0.0000158730
2001-06-11,-0.0000158730
2001-06-12,-0.0000158730
2001-06-13,-0.0000158730
2001-06-14,-0.0000158730
2001-06-15,-0.0000158730
2001-06-18,-0.0000158730
2001-06-19,-0.0000158730
2001-06-20,-0.0000158730
2001-06-21,-0.0000158730
2001-06-22,-0.0000158730
2001-06-25,-0.0000158730
2001-06-26,-0.0000158730
2001-06-27,-0.0000158730
2001-06-28,-0.0000158730
2001-06-29,-0.0000158730
2001-07-02,-0.0000158730
2001-07-03,-0.0000158730
2001-07-05,-0.0000158730
2001-07-06,-0.0000158730
2001-07-09,-0.0000158730
2001-07-10,-0.0000158730
2001-07-11,-0.0000158730
2001-07-12,-0.0000158730
2001-07-13,-0.0000158730
2001-07-16,-0.0000158730
2001-07-17,-0.0000158730
2001-07-18,-0.0000158730
2001-07-19,-0.0000158730
2001-07-20,-0.0000158730
2001-07-23,-0.0000158730
2001-07-24,-0.0000158730
2001-07-25,-0.0000158730
2001-07-26,-0.0000158730
2001-07-27,-0.0000158730
2001-07-30,-0.0000158730
2001-07-31,-0.0000158730
2001-08-01,-0.0000158730
2001-08-02,-0.0000158730
2001-08-03,-0.0000158730
2001-08-06,-0.0000158730
2001-08-07,-0.0000158730
2001-08-08,-0.0000158730
2001-08-09,-0.0000158730
2001-08-10,-0.0000158730
2001-08-13,-0.0000158730
2001-08-14,-0.0000158730
2001-08-15,-0.0000158730
2001-08-16,-0.0000158730
2001-08-17,-0.0000158730
2001-08-20,-0.0000158730
2001-08-21,-0.0000158730
2001-08-22,-0.0000158730
2001-08-23,-0.0000158730
2001-08-24,-0.0000158730
2001-08-27,-0.0000158730
2001-08-28,-0.0000158730
2001-08-29,-0.0000158730
2001-08-30,-0.0000158730
2001-08-31,-0.0000158730
2001-09-04,-0.0000158730
2001-09-05,-0.0000158730
2001-09-06,-0.0000158730
2001-09-07,-0.0000158730
2001-09-10,-0.0000158730
2001-09-17,-0.0000158730
2001-09-18,-0.0000158730
2001-09-19,-0.0000158730
2001-09-20,-0.0000158730
2001-09-21,-0.0000158730
2001-09-24,-0.0000158730
2001-09-25,-0.0000158730
2001-09-26,-0.0000158730
2001-09-27,-0.0000158730
2001-09-28,-0.0000158730
2001-10-01,-0.0000158730
2001-10-02,-0.0000158730
2001-10-03,-0.0000158730
2001-10-04,-0.0000158730
2001-10-05,-0.0000158730
2001-10-08,-0.0000158730
2001-10-09,-0.0000158730
2001-10-10,-0.0000158730
2001-10-11,-0.0000158730
2001-10-12,-0.0000158730
2001-10-15,-0.0000158730
2001-10-16,-0.0000158730
2001-10-17,-0.0000158730
2001-10-18,-0.0000158730
2001-10-19,-0.0000158730
2001-10-22,-0.0000158730
2001-10-23,-0.0000158730
2001-10-24,-0.0000158730
2001-10-25,-0.0000158730
2001-10-26,-0.0000158730
2001-10-29,-0.0000158730
2001-10-30,-0.0000158730
2001-10-31,-0.0000158730
2001-11-01,-0.0000158730
2001-11-02,-0.0000158730
2001-11-05,-0.0000158730
2001-11-06,-0.0000158730
2001-11-07,-0.0000158730
2001-11-08,-0.0000158730
2001-11-09,-0.0000158730
2001-11-12,-0.0000158730
2001-11-13,-0.0000158730
2001-11-14,-0.0000158730
2001-11-15,-0.0000158730
2001-11-16,-0.0000158730
2001-11-19,-0.0000158730
2001-11-20,-0.0000158730
2001-11-21,-0.0000158730
2001-11-23,-0.0000158730
2001-11-26,-0.0000158730
2001-11-27,-0.0000158730
2001-11-28,-0.0000158730
2001-11-29,-0.0000158730
2001-11-30,-0.0000158730
2001-12-03,-0.0000158730
2001-12-04,-0.0000158730
2001-12-05,-0.0000158730
2001-12-06,-0.0000158730
2001-12-07,-0.0000158730
2001-12-10,-0.0000158730
2001-12-11,-0.0000158730
2001-12-12,-0.0000158730
2001-12-13,-0.0000158730
2001-12-14,-0.0000158730
2001-12-17,-0.0000158730
2001-12-18,-0.0000158730
2001-12-19,-0.0000158730
2001-12-20,-0.0000158730
2001-12-21,-0.0000158730
2001-12-24,-0.0000158730
2001-12-26,-0.0000158730
2001-12-27,-0.0000158730
2001-12-28,-0.0000158730
2001-12-31,-0.0000158730
2002-01-02,-0.0000158730
2002-01-03,-0.0000158730
2002-01-04,-0.0000158730
2002-01-07,-0.0000158730
2002-01-08,-0.0000158730
2002-01-09,-0.0000158730
2002-01-10,-0.0000158730
2002-01-11,-0.0000158730
2002-01-14,-0.0000158730
2002-01-15,-0.0000158730
2002-01-16,-0.0000158730
2002-01-17,-0.0000158730
2002-01-18,-0.0000158730
2002-01-22,-0.0000158730
2002-01-23,-0.0000158730
2002-01-24,-0.0000158730
2002-01-25,-0.0000158730
2002-01-28,-0.0000158730
2002-01-29,-0.0000158730
2002-01-30,-0.0000158730
2002-01-31,-0.0000158730
2002-02-01,-0.0073022541
2002-02-04,-0.0246982371
2002-02-05,-0.0032283180
2002-02-06,-0.0075192945
2002-02-07,-0.0041171635
2002-02-08,0.0166526927
2002-02-11,0.0128152029
2002-02-12,-0.0026552842
2002-02-13,0.0097466620
2002-02-14,-0.0024067516
2002-02-15,-0.0116778869
2002-02-19,-0.0201880984
2002-02-20,0.0128491521
2002-02-21,-0.0142616106
2002-02-22,0.0069265122
2002-02-25,0.0156230647
2002-02-26,0.0009714812
2002-02-27,0.0007366391
2002-02-28,-0.0030721861
2002-03-01,-0.0000158730
2002-03-04,-0.0000158730
2002-03-05,-0.0000158730
2002-03-06,-0.0000158730
2002-03-07,-0.0000158730
2002-03-08,-0.0000158730
2002-03-11,-0.0000158730
2002-03-12,-0.0000158730
2002-03-13,-0.0000158730
2002-03-14,-0.0000158730
2002-03-15,-0.0000158730
2002-03-18,-0.0000158730
2002-03-19,-0.0000158730
2002-03-20,-0.0000158730
2002-03-21,-0.0000158730
2002-03-22,-0.0000158730
2002-03-25,-0.0000158730
2002-03-26,-0.0000158730
2002-03-27,-0.0000158730
2002-03-28,-0.0000158730
2002-04-01,-0.0000158730
2002-04-02,-0.0000158730
2002-04-03,-0.0000158730
2002-04-04,-0.0000158730
2002-04-05,-0.0000158730
2002-04-08,-0.0000158730
2002-04-09,-0.0000158730
2002-04-10,-0.0000158730
2002-04-11,-0.0000158730
2002-04-12,-0.0000158730
2002-04-15,-0.0000158730
2002-04-16,-0.0000158730
2002-04-17,-0.0000158730
2002-04-18,-0.0000158730
2002-04-19,-0.0000158730
2002-04-22,-0.0000158730
2002-04-23,-0.0000158730
2002-04-24,-0.0000158730
2002-04-25,-0.0000158730
2002-04-26,-0.0000158730
2002-04-29,-0.0000158730
2002-04-30,-0.0000158730
2002-05-01,-0.0000158730
2002-05-02,-0.0000158730
2002-05-03,-0.0000158730
2002-05-06,-0.0000158730
2002-05-07,-0.0000158730
2002-05-08,-0.0000158730
2002-05-09,-0.0000158730
2002-05-10,-0.0000158730
2002-05-13,-0.0000158730
2002-05-14,-0.0000158730
2002-05-15,-0.0000158730
2002-05-16,-0.0000158730
2002-05-17,-0.0000158730
2002-05-20,-0.0000158730
2002-05-21,-0.0000158730
2002-05-22,-0.0000158730
2002-05-23,-0.0000158730
2002-05-24,-0.0000158730
2002-05-28,-0.0000158730
2002-05-29,-0.0000158730
2002-05-30,-0.0000158730
2002-05-31,-0.0000158730
2002-06-03,-0.0000158730
2002-06-04,-0.0000158730
2002-06-05,-0.0000158730
2002-06-06,-0.0000158730
2002-06-07,-0.0000158730
2002-06-10,-0.0000158730
2002-06-11,-0.0000158730
2002-06-12,-0.0000158730
2002-06-13,-0.0000158730
2002-06-14,-0.0000158730
2002-06-17,-0.0000158730
2002-06-18,-0.0000158730
2002-06-19,-0.0000158730
2002-06-20,-0.0000158730
2002-06-21,-0.0000158730
2002-06-24,-0.0000158730
2002-06-25,-0.0000158730
2002-06-26,-0.0000158730
2002-06-27,-0.0000158730
2002-06-28,-0.0000158730
2002-07-01,-0.0000158730
2002-07-02,-0.0000158730
2002-07-03,-0.0000158730
2002-07-05,-0.0000158730
2002-07-08,-0.0000158730
2002-07-09,-0.0000158730
2002-07-10,-0.0000158730
2002-07-11,-0.0000158730
2002-07-12,-0.0000158730
2002-07-15,-0.0000158730
2002-07-16,-0.0000158730
2002-07-17,-0.0000158730
2002-07-18,-0.0000158730
2002-07-19,-0.0000158730
2002-07-22,-0.0000158730
2002-07-23,-0.0000158730
2002-07-24,-0.0000158730
2002-07-25,-0.0000158730
2002-07-26,-0.0000158730
2002-07-29,-0.0000158730
2002-07-30,-0.0000158730
2002-07-31,-0.0000158730
2002-08-01,-0.0000158730
2002-08-02,-0.0000158730
2002-08-05,-0.0000158730
2002-08-06,-0.0000158730
2002-08-07,-0.0000158730
2002-08-08,-0.0000158730
2002-08-09,-0.0000158730
2002-08-12,-0.0000158730
2002-08-13,-0.0000158730
2002-08-14,-0.0000158730
2002-08-15,-0.0000158730
2002-08-16,-0.0000158730
2002-08-19,-0.0000158730
2002-08-20,-0.0000158730
2002-08-21,-0.0000158730
2002-08-22,-0.0000158730
2002-08-23,-0.0000158730
2002-08-26,-0.0000158730
2002-08-27,-0.0000158730
2002-08-28,-0.0000158730
2002-08-29,-0.0000158730
2002-08-30,-0.0000158730
2002-09-03,-0.0000158730
2002-09-04,-0.0000158730
2002-09-05,-0.0000158730
2002-09-06,-0.0000158730
2002-09-09,-0.0000158730
2002-09-10,-0.0000158730
2002-09-11,-0.0000158730
2002-09-12,-0.0000158730
2002-09-13,-0.0000158730
2002-09-16,-0.0000158730
2002-09-17,-0.0000158730
2002-09-18,-0.0000158730
2002-09-19,-0.0000158730
2002-09-20,-0.0000158730
2002-09-23,-0.0000158730
2002-09-24,-0.0000158730
2002-09-25,-0.0000158730
2002-09-26,-0.0000158730
2002-09-27,-0.0000158730
2002-09-30,-0.0000158730
2002-10-01,-0.0000158730
2002-10-02,-0.0000158730
2002-10-03,-0.0000158730
2002-10-04,-0.0000158730
2002-10-07,-0.0000158730
2002-10-08,-0.0000158730
2002-10-09,-0.0000158730
2002-10-10,-0.0000158730
2002-10-11,-0.0000158730
2002-10-14,-0.0000158730
2002-10-15,-0.0000158730
2002-10-16,-0.0000158730
2002-10-17,-0.0000158730
2002-10-18,-0.0000158730
2002-10-21,-0.0000158730
2002-10-22,-0.0000158730
2002-10-23,-0.0000158730
2002-10-24,-0.0000158730
2002-10-25,-0.0000158730
2002-10-28,-0.0000158730
2002-10-29,-0.0000158730
2002-10-30,-0.0000158730
2002-10-31,-0.0000158730
2002-11-01,-0.0000158730
2002-11-04,-0.0000158730
2002-11-05,-0.0000158730
2002-11-06,-0.0000158730
2002-11-07,-0.0000158730
2002-11-08,-0.0000158730
2002-11-11,-0.0000158730
2002-11-12,-0.0000158730
2002-11-13,-0.0000158730
2002-11-14,-0.0000158730
2002-11-15,-0.0000158730
2002-11-18,-0.0000158730
2002-11-19,-0.0000158730
2002-11-20,-0.0000158730
2002-11-21,-0.0000158730
2002-11-22,-0.0000158730
2002-11-25,-0.0000158730
2002-11-26,-0.0000158730
2002-11-27,-0.0000158730
2002-11-29,-0.0000158730
2002-12-02,-0.0000158730
2002-12-03,-0.0000158730
2002-12-04,-0.0000158730
2002-12-05,-0.0000158730
2002-12-06,-0.0000158730
2002-12-09,-0.0000158730
2002-12-10,-0.0000158730
2002-12-11,-0.0000158730
2002-12-12,-0.0000158730
2002-12-13,-0.0000158730
2002-12-16,-0.0000158730
2002-12-17,-0.0000158730
2002-12-18,-0.0000158730
2002-12-19,-0.0000158730
2002-12-20,-0.0000158730
2002-12-23,-0.0000158730
2002-12-24,-0.0000158730
2002-12-26,-0.0000158730
2002-12-27,-0.0000158730
2002-12-30,-0.0000158730
2002-12-31,-0.0000158730
2003-01-02,-0.0000158730
2003-01-03,-0.0000158730
2003-01-06,-0.0000158730
2003-01-07,-0.0000158730
2003-01-08,-0.0000158730
2003-01-09,-0.0000158730
2003-01-10,-0.0000158730
2003-01-13,-0.0000158730
2003-01-14,-0.0000158730
2003-01-15,-0.0000158730
2003-01-16,-0.0000158730
2003-01-17,-0.0000158730
2003-01-21,-0.0000158730
2003-01-22,-0.0000158730
2003-01-23,-0.0000158730
2003-01-24,-0.0000158730
2003-01-27,-0.0000158730
2003-01-28,-0.0000158730
2003-01-29,-0.0000158730
2003-01-30,-0.0000158730
2003-01-31,-0.0000158730
2003-02-03,-0.0000158730
2003-02-04,-0.0000158730
2003-02-05,-0.0000158730
2003-02-06,-0.0000158730
2003-02-07,-0.0000158730
2003-02-10,-0.0000158730
2003-02-11,-0.0000158730
2003-02-12,-0.0000158730
2003-02-13,-0.0000158730
2003-02-14,-0.0000158730
2003-02-18,-0.0000158730
2003-02-19,-0.0000158730
2003-02-20,-0.0000158730
2003-02-21,-0.0000158730
2003-02-24,-0.0000158730
2003-02-25,-0.0000158730
2003-02-26,-0.0000158730
2003-02-27,-0.0000158730
2003-02-28,-0.0000158730
2003-03-03,-0.0000158730
2003-03-04,-0.0000158730
2003-03-05,-0.0000158730
2003-03-06,-0.0000158730
2003-03-07,-0.0000158730
2003-03-10,-0.0000158730
2003-03-11,-0.0000158730
2003-03-12,-0.0000158730
2003-03-13,-0.0000158730
2003-03-14,-0.0000158730
2003-03-17,-0.0000158730
2003-03-18,-0.0000158730
2003-03-19,-0.0000158730
2003-03-20,-0.0000158730
2003-03-21,-0.0000158730
2003-03-24,-0.0000158730
2003-03-25,-0.0000158730
2003-03-26,-0.0000158730
2003-03-27,-0.0000158730
2003-03-28,-0.0000158730
2003-03-31,-0.0000158730
2003-04-01,-0.0000158730
2003-04-02,-0.0000158730
2003-04-03,-0.0000158730
2003-04-04,-0.0000158730
2003-04-07,-0.0000158730
2003-04-08,-0.0000158730
2003-04-09,-0.0000158730
2003-04-10,-0.0000158730
2003-04-11,-0.0000158730
2003-04-14,-0.0000158730
2003-04-15,-0.0000158730
2003-04-16,-0.0000158730
2003-04-17,-0.0000158730
2003-04-21,-0.0000158730
2003-04-22,-0.0000158730
2003-04-23,-0.0000158730
2003-04-24,-0.0000158730
2003-04-25,-0.0000158730
2003-04-28,-0.0000158730
2003-04-29,-0.0000158730
2003-04-30,-0.0000158730
2003-05-01,-0.0000158730
2003-05-02,-0.0000158730
2003-05-05,-0.0000158730
2003-05-06,-0.0000158730
2003-05-07,-0.0000158730
2003-05-08,-0.0000158730
2003-05-09,-0.0000158730
2003-05-12,-0.0000158730
2003-05-13,-0.0000158730
2003-05-14,-0.0000158730
2003-05-15,-0.0000158730
2003-05-16,-0.0000158730
2003-05-19,-0.0000158730
2003-05-20,-0.0000158730
2003-05-21,-0.0000158730
2003-05-22,-0.0000158730
2003-05-23,-0.0000158730
2003-05-27,-0.0000158730
2003-05-28,-0.0000158730
2003-05-29,-0.0000158730
2003-05-30,-0.0000158730
2003-06-02,0.0042733901
2003-06-03,0.0044801759
2003-06-04,0.0188353834
2003-06-05,0.0064779662
2003-06-06,-0.0040990399
2003-06-09,-0.0164101428
2003-06-10,0.0107581128
2003-06-11,0.0149828553
2003-06-12,0.0020822490
2003-06-13,-0.0124474613
2003-06-16,0.0247991045
2003-06-17,0.0013456401
2003-06-18,-0.0016568099
2003-06-19,-0.0168802205
2003-06-20,0.0005012319
2003-06-23,-0.0164827156
2003-06-24,0.0020202400
2003-06-25,-0.0064108860
2003-06-26,0.0121842710
2003-06-27,-0.0091895800
2003-06-30,-0.0020047386
2003-07-01,0.0084275298
2003-07-02,0.0150943492
2003-07-03,-0.0083091723
2003-07-07,0.0222272629
2003-07-08,0.0053812859
2003-07-09,-0.0037769288
2003-07-10,-0.0151879506
2003-07-11,0.0099189246
2003-07-14,0.0080076393
2003-07-15,-0.0046715490
2003-07-16,-0.0075023549
2003-07-17,-0.0172688780
2003-07-18,0.0120786310
2003-07-21,-0.0157726268
2003-07-22,0.0102140090
2003-07-23,0.0019088106
2003-07-24,-0.0072920521
2003-07-25,0.0173500517
2003-07-28,-0.0002331290
2003-07-29,-0.0065023210
2003-07-30,-0.0021202886
2003-07-31,0.0038972316
2003-08-01,-0.0135327508
2003-08-04,0.0013592406
2003-08-05,-0.0223863597
2003-08-06,0.0002205210
2003-08-07,0.0070294520
2003-08-08,0.0041324895
2003-08-11,0.0055882070
2003-08-12,0.0144811270
2003-08-13,-0.0065512904
2003-08-14,0.0082301270
2003-08-15,0.0011811270
2003-08-18,0.0136831270
2003-08-19,0.0057031270
2003-08-20,-0.0018778730
2003-08-21,0.0061021270
2003-08-22,-0.0142468730
2003-08-25,-0.0005478730
2003-08-26,0.0038411270
2003-08-27,0.0022451270
2003-08-28,0.0092941270
2003-08-29,0.0070331270
2003-09-02,0.0186041270
2003-09-03,0.0057031270
2003-09-04,0.0029101270
2003-09-05,-0.0081288730
2003-09-08,0.0142151270
2003-09-09,-0.0105228730
2003-09-10,-0.0182368730
2003-09-11,0.0082301270
2003-09-12,0.0030431270
2003-09-15,-0.0046708730
2003-09-16,0.0186041270
2003-09-17,-0.0034738730
2003-09-18,0.0166091270
2003-09-19,-0.0030748730
2003-09-22,-0.0173058730
2003-09-23,0.0083852823
2003-09-24,-0.0249809074
2003-09-25,-0.0091713298
2003-09-26,-0.0097166523
2003-09-29,0.0116828797
2003-09-30,-0.0111427544
2003-10-01,0.0252938691
2003-10-02,0.0030529498
2003-10-03,0.0105427461
2003-10-06,0.0051239125
2003-10-07,0.0055671091
2003-10-08,-0.0054991250
2003-10-09,0.0064229815
2003-10-10,-0.0009899935
2003-10-13,0.0102823910
2003-10-14,0.0057092072
2003-10-15,-0.0046708730
2003-10-16,0.0047721270
2003-10-17,-0.0147788730
2003-10-20,0.0054371270
2003-10-21,0.0033091270
2003-10-22,-0.0200988730
2003-10-23,0.0028350944
2003-10-24,-0.0060008730
2003-10-27,0.0053041270
2003-10-28,0.0211311270
2003-10-29,0.0035904378
2003-10-30,-0.0014788730
2003-10-31,0.0037081270
2003-11-03,0.0123531270
2003-11-04,-0.0060008730
2003-11-05,-0.0005478730
2003-11-06,0.0076981270
2003-11-07,-0.0044048730
2003-11-10,-0.0098578730
2003-11-11,-0.0028088730
2003-11-12,0.0176731270
2003-11-13,0.0003831270
2003-11-14,-0.0110548730
2003-11-17,-0.0095918730
2003-11-18,-0.0115868730
2003-11-19,0.0100921270
2003-11-20,-0.0102568730
2003-11-21,0.0027771270
2003-11-24,0.0227271270
2003-11-25,0.0040462518
2003-11-26,0.0053041270
2003-11-28,0.0013141270
2003-12-01,0.0147471270
2003-12-02,-0.0036068730
2003-12-03,-0.0045378730
2003-12-04,0.0034421270
2003-12-05,-0.0105228730
2003-12-08,0.0086291270
2003-12-09,-0.0126508730
2003-12-10,-0.0038728730
2003-12-11,0.0178061270
2003-12-12,0.0041071270
2003-12-15,-0.0097248730
2003-12-16,0.0066341270
2003-12-17,0.0019791270
2003-12-18,0.0164761270
2003-12-19,-0.0005478730
2003-12-22,0.0047721270
2003-12-23,0.0049051270
2003-12-24,-0.0024098730
2003-12-26,0.0025111270
2003-12-29,0.0171411270
2003-12-30,0.0006491270
2003-12-31,0.0001171270
2004-01-02,-0.0022768730
2004-01-05,0.0159441270
2004-01-06,0.0026441270
2004-01-07,0.0045061270
2004-01-08,0.0059691270
2004-01-09,-0.0095918730
2004-01-12,0.0075651270
2004-01-13,-0.0067988730
2004-01-14,0.0106241270
2004-01-15,0.0019791270
2004-01-16,0.0095601270
2004-01-20,0.0019791270
2004-01-21,0.0084961270
2004-01-22,-0.0042718730
2004-01-23,-0.0018778730
2004-01-26,0.0148801270
2004-01-27,-0.0127838730
2004-01-28,-0.0191678730
2004-01-29,0.0033091270
2004-01-30,-0.0020108730
2004-02-02,0.0035751270
2004-02-03,-0.0000158730
2004-02-04,-0.0129168730
2004-02-05,0.0030431270
2004-02-06,0.0184711270
2004-02-09,-0.0013458730
2004-02-10,0.0074321270
2004-02-11,0.0138161270
2004-02-12,-0.0061338730
2004-02-13,-0.0075968730
2004-02-17,0.0130181270
2004-02-18,-0.0053358730
2004-02-19,-0.0071978730
2004-02-20,-0.0040058730
2004-02-23,-0.0067988730
2004-02-24,-0.0018778730
2004-02-25,0.0071661270
2004-02-26,0.0038411270
2004-02-27,0.0014471270
2004-03-01,0.0135501270
2004-03-02,-0.0078628730
2004-03-03,0.0018461270
2004-03-04,0.0057031270
2004-03-05,0.0031761270
2004-03-08,-0.0111878730
2004-03-09,-0.0087938730
2004-03-10,-0.0199658730
2004-03-11,-0.0189018730
2004-03-12,0.0178061270
2004-03-15,-0.0199862305
2004-03-16,0.0051565017
2004-03-17,0.0149941018
2004-03-18,-0.0023493018
2004-03-19,-0.0122353474
2004-03-22,-0.0174206396
2004-03-23,-0.0010836065
2004-03-24,-0.0033674816
2004-03-25,0.0218444232
2004-03-26,-0.0000158730
2004-03-29,0.0158030216
2004-03-30,0.0052842865
2004-03-31,-0.0000158730
2004-04-01,0.0078475936
2004-04-02,0.0115076267
2004-04-05,0.0101174373
2004-04-06,-0.0038366846
2004-04-07,-0.0066658730
2004-04-08,-0.0018778730
2004-04-12,0.0066341270
2004-04-13,-0.0198328730
2004-04-14,-0.0026172373
2004-04-15,-0.0006808730
2004-04-16,0.0059691270
2004-04-19,0.0029101270
2004-04-20,-0.0196998730
2004-04-21,0.0079641270
2004-04-22,0.0191361270
2004-04-23,-0.0001427711
2004-04-26,-0.0044023643
2004-04-27,0.0017131270
2004-04-28,-0.0194338730
2004-04-29,-0.0112083393
2004-04-30,-0.0086978772
2004-05-03,0.0112891270
2004-05-04,0.0027723309
2004-05-05,0.0035751270
2004-05-06,-0.0106558730
2004-05-07,-0.0196998730
2004-05-10,-0.0171728730
2004-05-11,0.0124160396
2004-05-12,0.0014834884
2004-05-13,-0.0010570370
2004-05-14,-0.0022768730
2004-05-17,-0.0150448730
2004-05-18,0.0100921270
2004-05-19,-0.0025428730
2004-05-20,0.0002501270
2004-05-21,0.0058361270
2004-05-24,0.0038411270
2004-05-25,0.0220621270
2004-05-26,0.0037081270
2004-05-27,0.0067671270
2004-05-28,0.0002501270
2004-06-01,0.0018461270
2004-06-02,0.0041071270
2004-06-03,-0.0119858730
2004-06-04,0.0075651270
2004-06-07,0.0208651270
2004-06-08,0.0010481270
2004-06-09,-0.0138478730
2004-06-10,0.0047721270
2004-06-14,-0.0139808730
2004-06-15,0.0094271270
2004-06-16,0.0018461270
2004-06-17,-0.0018778730
2004-06-18,0.0025111270
2004-06-21,-0.0056018730
2004-06-22,0.0050381270
2004-06-23,0.0119541270
2004-06-24,-0.0030748730
2004-06-25,-0.0030748730
2004-06-28,-0.0033408730
2004-06-29,0.0041071270
2004-06-30,0.0062351270
2004-07-01,-0.0141138730
2004-07-02,-0.0038728730
2004-07-06,-0.0123848730
2004-07-07,0.0019791270
2004-07-08,-0.0127838730
2004-07-09,0.0041071270
2004-07-12,0.0005161270
2004-07-13,0.0011811270
2004-07-14,-0.0044048730
2004-07-15,-0.0042718730
2004-07-16,-0.0075968730
2004-07-19,-0.0016118730
2004-07-20,0.0110231270
2004-07-21,-0.0199658730
2004-07-22,0.0019791270
2004-07-23,-0.0137148730
2004-07-26,-0.0052028730
2004-07-27,0.0146141270
2004-07-28,-0.0012128730
2004-07-29,0.0088951270
2004-07-30,0.0018461270
2004-08-02,0.0047721270
2004-08-03,-0.0099908730
2004-08-04,-0.0026758730
2004-08-05,-0.0216948730
2004-08-06,-0.0211628730
2004-08-09,0.0002501270
2004-08-10,0.0184711270
2004-08-11,-0.0036415142
2004-08-12,-0.0154665457
2004-08-13,0.0012776251
2004-08-16,0.0186041270
2004-08-17,0.0036195536
2004-08-18,0.0168710041
2004-08-19,-0.0045525114
2004-08-20,0.0097656553
2004-08-23,-0.0040422676
2004-08-24,0.0003757852
2004-08-25,0.0111561270
2004-08-26,-0.0006808730
2004-08-27,0.0043731270
2004-08-30,-0.0114538730
2004-08-31,0.0063681270
2004-09-01,0.0039741270
2004-09-02,0.0144811270
2004-09-03,-0.0060008730
2004-09-07,0.0096931270
2004-09-08,-0.0063998730
2004-09-09,0.0045061270
2004-09-10,0.0070331270
2004-09-13,0.0039741270
2004-09-14,0.0025111270
2004-09-15,-0.0089268730
2004-09-16,0.0047721270
2004-09-17,0.0046391270
2004-09-20,-0.0067988730
2004-09-21,0.0087621270
2004-09-22,-0.0182368730
2004-09-23,-0.0049368730
2004-09-24,0.0018461270
2004-09-27,-0.0094588730
2004-09-28,0.0083631270
2004-09-29,0.0066341270
2004-09-30,0.0007821270
2004-10-01,0.0196681270
2004-10-04,0.0051711270
2004-10-05,-0.0014788730
2004-10-06,0.0091611270
2004-10-07,-0.0139808730
2004-10-08,-0.0106558730
2004-10-11,0.0030431270
2004-10-12,-0.0030748730
2004-10-13,-0.0099908730
2004-10-14,-0.0122518730
2004-10-15,0.0059691270
2004-10-18,0.0067671270
2004-10-19,-0.0122518730
2004-10-20,0.0014471270
2004-10-21,0.0049051270
2004-10-22,-0.0133158730
2004-10-25,-0.0004148730
2004-10-26,0.0180721270
2004-10-27,0.0183381270
2004-10-28,0.0017131270
2004-10-29,0.0023781270
2004-11-01,0.0007821270
2004-11-02,-0.0001488730
2004-11-03,0.0155451270
2004-11-04,0.0200671270
2004-11-05,0.0058361270
2004-11-08,-0.0017448730
2004-11-09,0.0006491270
2004-11-10,-0.0001488730
2004-11-11,0.0119541270
2004-11-12,0.0112891270
2004-11-15,0.0009151270
2004-11-16,-0.0087938730
2004-11-17,0.0083631270
2004-11-18,0.0007821270
2004-11-19,-0.0149118730
2004-11-22,0.0080971270
2004-11-23,0.0007821270
2004-11-24,0.0062351270
2004-11-26,0.0015801270
2004-11-29,-0.0028088730
2004-11-30,-0.0049368730
2004-12-01,0.0196681270
2004-12-02,-0.0009468730
2004-12-03,0.0005161270
2004-12-06,-0.0017448730
2004-12-07,-0.0154438730
2004-12-08,0.0061021270
2004-12-09,0.0058361270
2004-12-10,-0.0001488730
2004-12-13,0.0114221270
2004-12-14,0.0059691270
2004-12-15,0.0043731270
2004-12-16,-0.0038728730
2004-12-17,-0.0074638730
2004-12-20,-0.0016118730
2004-12-21,0.0122201270
2004-12-22,0.0051711270
2004-12-23,0.0011811270
2004-12-27,-0.0060008730
2004-12-28,0.0110231270
2004-12-29,0.0001171270
2004-12-30,0.0005161270
2004-12-31,-0.0018778730
2005-01-03,-0.0129168730
2005-01-04,-0.0173058730
2005-01-05,-0.0067988730
2005-01-06,0.0045061270
2005-01-07,-0.0029418730
2005-01-10,0.0055701270
2005-01-11,-0.0090598730
2005-01-12,0.0050381270
2005-01-13,-0.0102568730
2005-01-14,0.0087621270
2005-01-18,0.0128851270
2005-01-19,-0.0129168730
2005-01-20,-0.0102568730
2005-01-21,-0.0074638730
2005-01-24,-0.0065328730
2005-01-25,0.0045061270
2005-01-26,0.0082301270
2005-01-27,0.0010481270
2005-01-28,-0.0040058730
2005-01-31,0.0128851270
2005-02-01,0.0091611270
2005-02-02,0.0047721270
2005-02-03,-0.0036068730
2005-02-04,0.0148801270
2005-02-07,-0.0014788730
2005-02-08,0.0010481270
2005-02-09,-0.0133158730
2005-02-10,0.0046391270
2005-02-11,0.0102251270
2005-02-14,0.0011811270
2005-02-15,0.0037081270
2005-02-16,0.0009151270
2005-02-17,-0.0105228730
2005-02-18,0.0001171270
2005-02-22,-0.0195668730
2005-02-23,0.0070331270
2005-02-24,0.0110231270
2005-02-25,0.0128851270
2005-02-28,-0.0081288730
2005-03-01,0.0076981270
2005-03-02,-0.0001488730
2005-03-03,-0.0001488730
2005-03-04,0.0118211270
2005-03-07,0.0035751270
2005-03-08,-0.0071978730
2005-03-09,-0.0127838730
2005-03-10,0.0001171270
2005-03-11,-0.0073308730
2005-03-14,0.0080971270
2005-03-15,-0.0089268730
2005-03-16,-0.0111878730
2005-03-17,0.0025111270
2005-03-18,-0.0018778730
2005-03-21,-0.0050698730
2005-03-22,-0.0122518730
2005-03-23,-0.0016118730
2005-03-24,0.0001171270
2005-03-28,0.0021121270
2005-03-29,-0.0114538730
2005-03-30,0.0179391270
2005-03-31,-0.0001488730
2005-04-01,-0.0085278730
2005-04-04,0.0038411270
2005-04-05,0.0053041270
2005-04-06,0.0029101270
2005-04-07,0.0075651270
2005-04-08,-0.0117198730
2005-04-11,-0.0012128730
2005-04-12,0.0074321270
2005-04-13,-0.0162418730
2005-04-14,-0.0146458730
2005-04-15,-0.0211628730
2005-04-18,0.0038411270
2005-04-19,0.0099591270
2005-04-20,-0.0179708730
2005-04-21,0.0248551270
2005-04-22,-0.0092913581
2005-04-25,0.0106123875
2005-04-26,-0.0099025021
2005-04-27,0.0034505646
2005-04-28,-0.0144229209
2005-04-29,0.0122973259
2005-05-02,0.0059904314
2005-05-03,-0.0004919789
2005-05-04,0.0159541276
2005-05-05,-0.0022905023
2005-05-06,-0.0003907732
2005-05-09,0.0079704032
2005-05-10,-0.0137148730
2005-05-11,0.0050704280
2005-05-12,-0.0135818730
2005-05-13,-0.0066341396
2005-05-16,0.0136831270
2005-05-17,0.0087328282
2005-05-18,0.0152791270
2005-05-19,0.0061794229
2005-05-20,-0.0017448730
2005-05-23,0.0057031270
2005-05-24,0.0006491270
2005-05-25,-0.0058678730
2005-05-26,0.0098261270
2005-05-27,0.0023781270
2005-05-31,-0.0065328730
2005-06-01,0.0119541270
2005-06-02,0.0031761270
2005-06-03,-0.0089268730
2005-06-06,0.0018461270
2005-06-07,-0.0004148730
2005-06-08,-0.0037398730
2005-06-09,0.0078311270
2005-06-10,-0.0028088730
2005-06-13,0.0037081270
2005-06-14,0.0042401270
2005-06-15,0.0029101270
2005-06-16,0.0061021270
2005-06-17,0.0047721270
2005-06-20,-0.0009468730
2005-06-21,-0.0024098730
2005-06-22,0.0006491270
2005-06-23,-0.0142468730
2005-06-24,-0.0095918730
2005-06-27,-0.0009468730
2005-06-28,0.0139491270
2005-06-29,-0.0009468730
2005-06-30,-0.0083948730
2005-07-01,0.0042401270
2005-07-05,0.0122201270
2005-07-06,-0.0097248730
2005-07-07,0.0034421270
2005-07-08,0.0159441270
2005-07-11,0.0091611270
2005-07-12,0.0026441270
2005-07-13,0.0001171270
2005-07-14,0.0019791270
2005-07-15,0.0015801270
2005-07-18,-0.0073308730
2005-07-19,0.0099591270
2005-07-20,0.0071661270
2005-07-21,-0.0098578730
2005-07-22,0.0075651270
2005-07-25,-0.0062668730
2005-07-26,0.0027771270
2005-07-27,0.0055701270
2005-07-28,0.0088951270
2005-07-29,-0.0087938730
2005-08-01,0.0019791270
2005-08-02,0.0092941270
2005-08-03,-0.0002818730
2005-08-04,-0.0109218730
2005-08-05,-0.0107888730
2005-08-08,-0.0042718730
2005-08-09,0.0072991270
2005-08-10,-0.0017448730
2005-08-11,0.0094271270
2005-08-12,-0.0074638730
2005-08-15,0.0041071270
2005-08-16,-0.0162418730
2005-08-17,0.0006491270
2005-08-18,-0.0020108730
2005-08-19,0.0009151270
2005-08-22,0.0025111270
2005-08-23,-0.0041388730
2005-08-24,-0.0074638730
2005-08-25,0.0027771270
2005-08-26,-0.0087938730
2005-08-29,0.0086291270
2005-08-30,-0.0041388730
2005-08-31,0.0148801270
2005-09-01,0.0017131270
2005-09-02,-0.0048038730
2005-09-06,0.0162101270
2005-09-07,0.0039741270
2005-09-08,-0.0053358730
2005-09-09,0.0096931270
2005-09-12,-0.0000158730
2005-09-13,-0.0101238730
2005-09-14,-0.0058678730
2005-09-15,-0.0002818730
2005-09-16,0.0095601270
2005-09-19,-0.0073308730
2005-09-20,-0.0103898730
2005-09-21,-0.0137148730
2005-09-22,0.0039741270
2005-09-23,0.0019791270
2005-09-26,0.0015801270
2005-09-27,-0.0002818730
2005-09-28,0.0007821270
2005-09-29,0.0122201270
2005-09-30,0.0026441270
2005-10-03,-0.0000158730
2005-10-04,-0.0127838730
2005-10-05,-0.0215618730
2005-10-06,-0.0074638730
2005-10-07,0.0055701270
2005-10-10,-0.0097248730
2005-10-11,-0.0044048730
2005-10-12,-0.0105228730
2005-10-13,-0.0012128730
2005-10-14,0.0120871270
2005-10-17,0.0039741270
2005-10-18,-0.0137148730
2005-10-19,0.0192691270
2005-10-20,-0.0193008730
2005-10-21,0.0041126287
2005-10-24,0.0224611270
2005-10-25,-0.0036388841
2005-10-26,-0.0056178509
2005-10-27,-0.0157893147
2005-10-28,0.0189310579
2005-10-31,0.0108276111
2005-11-01,-0.0030540880
2005-11-02,0.0134664984
2005-11-03,0.0049801804
2005-11-04,0.0001054842
2005-11-07,0.0031591808
2005-11-08,-0.0049368730
2005-11-09,0.0019791270
2005-11-10,0.0106241270
2005-11-11,0.0035751270
2005-11-14,-0.0013458730
2005-11-15,-0.0065328730
2005-11-16,0.0014471270
2005-11-17,0.0140821270
2005-11-18,0.0057031270
2005-11-21,0.0079641270
2005-11-22,0.0063681270
2005-11-23,0.0041071270
2005-11-25,0.0023781270
2005-11-28,-0.0134488730
2005-11-29,0.0001171270
2005-11-30,-0.0057348730
2005-12-01,0.0168751270
2005-12-02,0.0006491270
2005-12-05,-0.0040058730
2005-12-06,0.0015801270
2005-12-07,-0.0065328730
2005-12-08,-0.0004148730
2005-12-09,0.0035751270
2005-12-12,0.0013141270
2005-12-13,0.0058361270
2005-12-14,0.0045061270
2005-12-15,-0.0030748730
2005-12-16,-0.0038728730
2005-12-19,-0.0097248730
2005-12-20,-0.0002818730
2005-12-21,0.0045061270
2005-12-22,0.0059691270
2005-12-23,0.0010481270
2005-12-27,-0.0133158730
2005-12-28,0.0025111270
2005-12-29,-0.0036068730
2005-12-30,-0.0066658730
2006-01-03,0.0199341270
2006-01-04,0.0061021270
2006-01-05,0.0003831270
2006-01-06,0.0123531270
2006-01-09,0.0059691270
2006-01-10,0.0006491270
2006-01-11,0.0037081270
2006-01-12,-0.0086608730
2006-01-13,0.0021121270
2006-01-17,-0.0053358730
2006-01-18,-0.0046708730
2006-01-19,0.0082301270
2006-01-20,-0.0240888730
2006-01-23,0.0023781270
2006-01-24,0.0059691270
2006-01-25,-0.0030748730
2006-01-26,0.0106241270
2006-01-27,0.0088951270
2006-01-30,0.0014471270
2006-01-31,-0.0028088730
2006-02-01,0.0018461270
2006-02-02,-0.0117198730
2006-02-03,-0.0067988730
2006-02-06,0.0013141270
2006-02-07,-0.0122518730
2006-02-08,0.0102251270
2006-02-09,-0.0025428730
2006-02-10,0.0019791270
2006-02-13,-0.0062668730
2006-02-14,0.0134171270
2006-02-15,0.0054371270
2006-02-16,0.0099591270
2006-02-17,-0.0021438730
2006-02-21,-0.0050698730
2006-02-22,0.0096931270
2006-02-23,-0.0038728730
2006-02-24,0.0025111270
2006-02-27,0.0053041270
2006-02-28,-0.0146458730
2006-03-01,0.0119541270
2006-03-02,-0.0021438730
2006-03-03,-0.0020108730
2006-03-06,-0.0099908730
2006-03-07,-0.0053358730
2006-03-08,0.0018461270
2006-03-09,-0.0066658730
2006-03-10,0.0091611270
2006-03-13,0.0030431270
2006-03-14,0.0132841270
2006-03-15,0.0063681270
2006-03-16,0.0014471270
2006-03-17,0.0023781270
2006-03-20,-0.0009468730
2006-03-21,-0.0091928730
2006-03-22,0.0083631270
2006-03-23,-0.0024098730
2006-03-24,0.0029101270
2006-03-27,-0.0009468730
2006-03-28,-0.0081288730
2006-03-29,0.0115551270
2006-03-30,-0.0021438730
2006-03-31,-0.0030748730
2006-04-03,0.0010481270
2006-04-04,0.0071661270
2006-04-05,0.0055701270
2006-04-06,-0.0018778730
2006-04-07,-0.0135818730
2006-04-10,-0.0002818730
2006-04-11,-0.0110548730
2006-04-12,0.0025111270
2006-04-13,0.0015801270
2006-04-17,-0.0037398730
2006-04-18,0.0228601270
2006-04-19,0.0042401270
2006-04-20,0.0001171270
2006-04-21,-0.0013458730
2006-04-24,-0.0040058730
2006-04-25,-0.0058678730
2006-04-26,0.0026441270
2006-04-27,0.0031761270
2006-04-28,0.0006491270
2006-05-01,-0.0054688730
2006-05-02,0.0071661270
2006-05-03,-0.0041388730
2006-05-04,0.0049051270
2006-05-05,0.0138161270
2006-05-08,-0.0006808730
2006-05-09,-0.0002818730
2006-05-10,-0.0026758730
2006-05-11,-0.0181038730
2006-05-12,-0.0166408730
2006-05-15,0.0005161270
2006-05-16,-0.0017448730
2006-05-17,-0.0220938730
2006-05-18,-0.0091928730
2006-05-19,0.0050381270
2006-05-22,-0.0073308730
2006-05-23,-0.0058678730
2006-05-24,0.0005161270
2006-05-25,0.0162101270
2006-05-26,0.0079641270
2006-05-30,-0.0219608730
2006-05-31,0.0124861270
2006-06-01,0.0166152407
2006-06-02,0.0019297438
2006-06-05,-0.0247197633
2006-06-06,-0.0031069915
2006-06-07,-0.0066064970
2006-06-08,0.0001043255
2006-06-09,-0.0055476691
2006-06-12,-0.0194413642
2006-06-13,-0.0144200559
2006-06-14,0.0057961668
2006-06-15,0.0296175048
2006-06-16,-0.0042618478
2006-06-19,-0.0104232125
2006-06-20,-0.0006444232
2006-06-21,0.0121651619
2006-06-22,-0.0056060044
2006-06-23,0.0003192129
2006-06-26,0.0058336584
2006-06-27,-0.0119514515
2006-06-28,0.0056563390
2006-06-29,0.0285524331
2006-06-30,-0.0002198257
2006-07-03,0.0076724686
2006-07-05,-0.0097274222
2006-07-06,0.0025203438
2006-07-07,-0.0092547309
2006-07-10,0.0004503050
2006-07-11,0.0045041438
2006-07-12,-0.0154087038
2006-07-13,-0.0175083410
2006-07-14,-0.0070268056
2006-07-17,-0.0026878685
2006-07-18,0.0021484265
2006-07-19,0.0261684631
2006-07-20,-0.0121831935
2006-07-21,-0.0097243018
2006-07-24,0.0194650950
2006-07-25,0.0069645477
2006-07-26,-0.0013712852
2006-07-27,-0.0063446500
2006-07-28,0.0147144718
2006-07-31,-0.0010011972
2006-08-01,-0.0068889483
2006-08-02,0.0074969087
2006-08-03,0.0032465687
2006-08-04,-0.0016595380
2006-08-07,-0.0046397127
2006-08-08,-0.0056018730
2006-08-09,-0.0069318730
2006-08-10,0.0065011270
2006-08-11,-0.0065328730
2006-08-14,0.0015801270
2006-08-15,0.0194021270
2006-08-16,0.0120871270
2006-08-17,0.0023781270
2006-08-18,0.0039741270
2006-08-21,-0.0063998730
2006-08-22,0.0009151270
2006-08-23,-0.0073308730
2006-08-24,0.0021121270
2006-08-25,-0.0009468730
2006-08-28,0.0076981270
2006-08-29,0.0042401270
2006-08-30,0.0017131270
2006-08-31,0.0003831270
2006-09-01,0.0065011270
2006-09-05,0.0027771270
2006-09-06,-0.0150448730
2006-09-07,-0.0066658730
2006-09-08,0.0043731270
2006-09-11,-0.0004148730
2006-09-12,0.0156781270
2006-09-13,0.0058361270
2006-09-14,-0.0021438730
2006-09-15,0.0026441270
2006-09-18,0.0005161270
2006-09-19,-0.0038728730
2006-09-20,0.0079641270
2006-09-21,-0.0079958730
2006-09-22,-0.0054688730
2006-09-25,0.0114221270
2006-09-26,0.0094271270
2006-09-27,0.0009151270
2006-09-28,0.0018461270
2006-09-29,-0.0044048730
2006-10-02,-0.0057348730
2006-10-03,0.0015801270
2006-10-04,0.0170081270
2006-10-05,0.0057031270
2006-10-06,-0.0041388730
2006-10-09,0.0026441270
2006-10-10,0.0027771270
2006-10-11,-0.0040058730
2006-10-12,0.0142151270
2006-10-13,0.0029101270
2006-10-16,0.0046391270
2006-10-17,-0.0060008730
2006-10-18,0.0010481270
2006-10-19,0.0013141270
2006-10-20,-0.0002818730
2006-10-23,0.0074321270
2006-10-24,0.0001171270
2006-10-25,0.0041071270
2006-10-26,0.0082301270
2006-10-27,-0.0117198730
2006-10-30,0.0009151270
2006-10-31,-0.0009468730
2006-11-01,-0.0117198730
2006-11-02,-0.0006808730
2006-11-03,-0.0014788730
2006-11-06,0.0154121270
2006-11-07,0.0030431270
2006-11-08,0.0038411270
2006-11-09,-0.0077298730
2006-11-10,0.0035751270
2006-11-13,0.0035751270
2006-11-14,0.0094271270
2006-11-15,0.0047721270
2006-11-16,0.0021121270
2006-11-17,0.0003831270
2006-11-20,-0.0008138730
2006-11-21,0.0018461270
2006-11-22,0.0035751270
2006-11-24,-0.0042718730
2006-11-27,-0.0203648730
2006-11-28,0.0039741270
2006-11-29,0.0126191270
2006-11-30,0.0013141270
2006-12-01,-0.0040058730
2006-12-04,0.0130181270
2006-12-05,0.0053041270
2006-12-06,-0.0013458730
2006-12-07,-0.0054688730
2006-12-08,0.0018461270
2006-12-11,0.0023781270
2006-12-12,-0.0026758730
2006-12-13,0.0011811270
2006-12-14,0.0106241270
2006-12-15,0.0009151270
2006-12-18,-0.0061338730
2006-12-19,0.0021121270
2006-12-20,-0.0016118730
2006-12-21,-0.0050698730
2006-12-22,-0.0063998730
2006-12-26,0.0058361270
2006-12-27,0.0098261270
2006-12-28,-0.0024098730
2006-12-29,-0.0067988730
2007-01-03,-0.0006808730
2007-01-04,0.0021121270
2007-01-05,-0.0097248730
2007-01-08,0.0031761270
2007-01-09,-0.0000158730
2007-01-10,0.0030431270
2007-01-11,0.0098261270
2007-01-12,0.0067671270
2007-01-16,-0.0000158730
2007-01-17,-0.0018778730
2007-01-18,-0.0063998730
2007-01-19,0.0043731270
2007-01-22,-0.0074638730
2007-01-23,0.0049051270
2007-01-24,0.0108901270
2007-01-25,-0.0153108730
2007-01-26,-0.0008138730
2007-01-29,0.0002501270
2007-01-30,0.0067671270
2007-01-31,0.0084961270
2007-02-01,0.0078311270
2007-02-02,0.0018461270
2007-02-05,-0.0016118730
2007-02-06,0.0013141270
2007-02-07,0.0027771270
2007-02-08,-0.0013458730
2007-02-09,-0.0099908730
2007-02-12,-0.0046708730
2007-02-13,0.0095601270
2007-02-14,0.0095601270
2007-02-15,0.0014471270
2007-02-16,-0.0000158730
2007-02-20,0.0055701270
2007-02-21,-0.0012128730
2007-02-22,-0.0008138730
2007-02-23,-0.0041388730
2007-02-26,-0.0025428730
2007-02-27,-0.0455018730
2007-02-28,0.0048949561
2007-03-01,-0.0026953767
2007-03-02,-0.0138337824
2007-03-05,-0.0123938301
2007-03-06,0.0181002383
2007-03-07,-0.0021751762
2007-03-08,0.0073133073
2007-03-09,0.0009692086
2007-03-12,0.0031904443
2007-03-13,-0.0242153369
2007-03-14,0.0060064014
2007-03-15,0.0048387047
2007-03-16,-0.0046896496
2007-03-19,0.0125292677
2007-03-20,0.0074883457
2007-03-21,0.0191049422
2007-03-22,-0.0002339745
2007-03-23,0.0010111730
2007-03-26,0.0007016761
2007-03-27,-0.0077845554
2007-03-28,-0.0094248287
2007-03-29,0.0037058952
2007-03-30,-0.0009468730
2007-04-02,0.0029101270
2007-04-03,0.0124861270
2007-04-04,0.0013141270
2007-04-05,0.0041071270
2007-04-09,0.0005161270
2007-04-10,0.0030431270
2007-04-11,-0.0085278730
2007-04-12,0.0080971270
2007-04-13,0.0043731270
2007-04-16,0.0140821270
2007-04-17,0.0011811270
2007-04-18,-0.0000158730
2007-04-19,-0.0030748730
2007-04-20,0.0116881270
2007-04-23,-0.0030748730
2007-04-24,-0.0012128730
2007-04-25,0.0120871270
2007-04-26,-0.0002818730
2007-04-27,-0.0017448730
2007-04-30,-0.0123848730
2007-05-01,0.0029101270
2007-05-02,0.0104911270
2007-05-03,0.0049051270
2007-05-04,0.0033091270
2007-05-07,0.0023781270
2007-05-08,-0.0017448730
2007-05-09,0.0046391270
2007-05-10,-0.0189018730
2007-05-11,0.0126191270
2007-05-14,-0.0037398730
2007-05-15,-0.0036068730
2007-05-16,0.0108901270
2007-05-17,-0.0013458730
2007-05-18,0.0087621270
2007-05-21,0.0039741270
2007-05-22,0.0009151270
2007-05-23,-0.0024098730
2007-05-24,-0.0142468730
2007-05-25,0.0072991270
2007-05-29,0.0030431270
2007-05-30,0.0102251270
2007-05-31,0.0017131270
2007-06-01,0.0058361270
2007-06-04,0.0023781270
2007-06-05,-0.0073308730
2007-06-06,-0.0123848730
2007-06-07,-0.0232908730
2007-06-08,0.0142151270
2007-06-11,0.0010481270
2007-06-12,-0.0141138730
2007-06-13,0.0182051270
2007-06-14,0.0064002342
2007-06-15,0.0091353375
2007-06-18,-0.0016118730
2007-06-19,0.0018461270
2007-06-20,-0.0171728730
2007-06-21,0.0074321270
2007-06-22,-0.0166408730
2007-06-25,-0.0050156371
2007-06-26,-0.0046708730
2007-06-27,0.0122201270
2007-06-28,0.0003831270
2007-06-29,-0.0025428730
2007-07-02,0.0140821270
2007-07-03,0.0047721270
2007-07-05,0.0009151270
2007-07-06,0.0053041270
2007-07-09,0.0013141270
2007-07-10,-0.0190348730
2007-07-11,0.0072991270
2007-07-12,0.0235251270
2007-07-13,0.0034444764
2007-07-16,-0.0041388730
2007-07-17,0.0003831270
2007-07-18,-0.0032078730
2007-07-19,0.0058361270
2007-07-20,-0.0166408730
2007-07-23,0.0047721270
2007-07-24,-0.0270148730
2007-07-25,0.0035555599
2007-07-26,-0.0291604340
2007-07-27,-0.0156571830
2007-07-30,0.0095630059
2007-07-31,-0.0120428196
2007-08-01,0.0053381728
2007-08-02,0.0057426576
2007-08-03,-0.0284044341
2007-08-06,0.0189479675
2007-08-07,0.0052905884
2007-08-08,0.0123427149
2007-08-09,-0.0227121300
2007-08-10,0.0002803870
2007-08-13,-0.0004809706
2007-08-14,-0.0147964918
2007-08-15,-0.0117344869
2007-08-16,0.0026021968
2007-08-17,0.0199398975
2007-08-20,-0.0000158730
2007-08-21,0.0011669154
2007-08-22,0.0098867501
2007-08-23,-0.0020113084
2007-08-24,0.0105113341
2007-08-27,-0.0074741793
2007-08-28,-0.0210063084
2007-08-29,0.0173846830
2007-08-30,-0.0032964440
2007-08-31,0.0089032962
2007-09-04,0.0083362984
2007-09-05,-0.0086728526
2007-09-06,0.0035217934
2007-09-07,-0.0149753687
2007-09-10,-0.0023088369
2007-09-11,0.0119895299
2007-09-12,-0.0002802767
2007-09-13,0.0063577725
2007-09-14,0.0009397792
2007-09-17,-0.0060262897
2007-09-18,0.0297071023
2007-09-19,0.0049892398
2007-09-20,-0.0057824502
2007-09-21,0.0038802756
2007-09-24,-0.0053282882
2007-09-25,-0.0003080311
2007-09-26,0.0061002638
2007-09-27,0.0045449050
2007-09-28,-0.0041203476
2007-10-01,0.0156738653
2007-10-02,0.0012227603
2007-10-03,-0.0056736559
2007-10-04,0.0021477866
2007-10-05,0.0138438282
2007-10-08,-0.0034245954
2007-10-09,0.0101296559
2007-10-10,-0.0017448730
2007-10-11,-0.0075968730
2007-10-12,0.0067671270
2007-10-15,-0.0118528730
2007-10-16,-0.0089268730
2007-10-17,0.0029101270
2007-10-18,-0.0013458730
2007-10-19,-0.0326008730
2007-10-22,0.0052526066
2007-10-23,0.0097775247
2007-10-24,-0.0038277978
2007-10-25,-0.0023072427
2007-10-26,0.0172892445
2007-10-29,0.0047316889
2007-10-30,-0.0078056406
2007-10-31,0.0154912555
2007-11-01,-0.0325137479
2007-11-02,0.0007398172
2007-11-05,-0.0058492450
2007-11-06,0.0121163501
2007-11-07,-0.0279079203
2007-11-08,-0.0004414228
2007-11-09,-0.0130225991
2007-11-12,-0.0097095956
2007-11-13,0.0260426924
2007-11-14,-0.0047766298
2007-11-15,-0.0099476618
2007-11-16,0.0031260803
2007-11-19,-0.0151412893
2007-11-20,0.0026241232
2007-11-21,-0.0131819826
2007-11-23,0.0137763264
2007-11-26,-0.0172069171
2007-11-27,0.0103820018
2007-11-28,0.0226482125
2007-11-29,0.0001208605
2007-11-30,0.0050005719
2007-12-03,-0.0044123653
2007-12-04,-0.0047348268
2007-12-05,0.0117957123
2007-12-06,0.0124154691
2007-12-07,-0.0005782497
2007-12-10,0.0059491017
2007-12-11,-0.0218988924
2007-12-12,0.0036757063
2007-12-13,0.0004655999
2007-12-14,-0.0115396741
2007-12-17,-0.0133578561
2007-12-18,0.0054766326
2007-12-19,-0.0008720902
2007-12-20,0.0057280248
2007-12-21,0.0151532227
2007-12-24,0.0071278388
2007-12-26,0.0009070164
2007-12-27,-0.0144284815
2007-12-28,0.0011026111
2007-12-31,-0.0064614900
2008-01-02,-0.0147315974
2008-01-03,-0.0013967469
2008-01-04,-0.0263792739
2008-01-07,0.0014298130
2008-01-08,-0.0170086821
2008-01-09,0.0101298856
2008-01-10,0.0080001772
2008-01-11,-0.0129633765
2008-01-14,0.0092684085
2008-01-15,-0.0216687044
2008-01-16,-0.0042073307
2008-01-17,-0.0245264140
2008-01-18,-0.0045927584
2008-01-22,-0.0082637248
2008-01-23,0.0178349245
2008-01-24,0.0079210866
2008-01-25,-0.0108773285
2008-01-28,0.0137057745
2008-01-29,0.0052447509
2008-01-30,-0.0046560251
2008-01-31,0.0135995459
2008-02-01,-0.0000158730
2008-02-04,-0.0000158730
2008-02-05,-0.0000158730
2008-02-06,-0.0000158730
2008-02-07,-0.0000158730
2008-02-08,-0.0000158730
2008-02-11,-0.0000158730
2008-02-12,-0.0000158730
2008-02-13,-0.0000158730
2008-02-14,-0.0000158730
2008-02-15,-0.0000158730
2008-02-19,-0.0000158730
2008-02-20,-0.0000158730
2008-02-21,-0.0000158730
2008-02-22,-0.0000158730
2008-02-25,-0.0000158730
2008-02-26,-0.0000158730
2008-02-27,-0.0000158730
2008-02-28,-0.0000158730
2008-02-29,-0.0000158730
2008-03-03,-0.0000158730
2008-03-04,-0.0000158730
2008-03-05,-0.0000158730
2008-03-06,-0.0000158730
2008-03-07,-0.0000158730
2008-03-10,-0.0000158730
2008-03-11,-0.0000158730
2008-03-12,-0.0000158730
2008-03-13,-0.0000158730
2008-03-14,-0.0000158730
2008-03-17,-0.0000158730
2008-03-18,-0.0000158730
2008-03-19,-0.0000158730
2008-03-20,-0.0000158730
2008-03-24,-0.0000158730
2008-03-25,-0.0000158730
2008-03-26,-0.0000158730
2008-03-27,-0.0000158730
2008-03-28,-0.0000158730
2008-03-31,-0.0000158730
2008-04-01,-0.0000158730
2008-04-02,-0.0000158730
2008-04-03,-0.0000158730
2008-04-04,-0.0000158730
2008-04-07,-0.0000158730
2008-04-08,-0.0000158730
2008-04-09,-0.0000158730
2008-04-10,-0.0000158730
2008-04-11,-0.0000158730
2008-04-14,-0.0000158730
2008-04-15,-0.0000158730
2008-04-16,-0.0000158730
2008-04-17,-0.0000158730
2008-04-18,-0.0000158730
2008-04-21,-0.0000158730
2008-04-22,-0.0000158730
2008-04-23,-0.0000158730
2008-04-24,-0.0000158730
2008-04-25,-0.0000158730
2008-04-28,-0.0000158730
2008-04-29,-0.0000158730
2008-04-30,-0.0000158730
2008-05-01,-0.0000158730
2008-05-02,-0.0000158730
2008-05-05,-0.0000158730
2008-05-06,-0.0000158730
2008-05-07,-0.0000158730
2008-05-08,-0.0000158730
2008-05-09,-0.0000158730
2008-05-12,-0.0000158730
2008-05-13,-0.0000158730
2008-05-14,-0.0000158730
2008-05-15,-0.0000158730
2008-05-16,-0.0000158730
2008-05-19,-0.0000158730
2008-05-20,-0.0000158730
2008-05-21,-0.0000158730
2008-05-22,-0.0000158730
2008-05-23,-0.0000158730
2008-05-27,-0.0000158730
2008-05-28,-0.0000158730
2008-05-29,-0.0000158730
2008-05-30,-0.0000158730
2008-06-02,-0.0000158730
2008-06-03,-0.0000158730
2008-06-04,-0.0000158730
2008-06-05,-0.0000158730
2008-06-06,-0.0000158730
2008-06-09,-0.0000158730
2008-06-10,-0.0000158730
2008-06-11,-0.0000158730
2008-06-12,-0.0000158730
2008-06-13,-0.0000158730
2008-06-16,-0.0000158730
2008-06-17,-0.0000158730
2008-06-18,-0.0000158730
2008-06-19,-0.0000158730
2008-06-20,-0.0000158730
2008-06-23,-0.0000158730
2008-06-24,-0.0000158730
2008-06-25,-0.0000158730
2008-06-26,-0.0000158730
2008-06-27,-0.0000158730
2008-06-30,-0.0000158730
2008-07-01,-0.0000158730
2008-07-02,-0.0000158730
2008-07-03,-0.0000158730
2008-07-07,-0.0000158730
2008-07-08,-0.0000158730
2008-07-09,-0.0000158730
2008-07-10,-0.0000158730
2008-07-11,-0.0000158730
2008-07-14,-0.0000158730
2008-07-15,-0.0000158730
2008-07-16,-0.0000158730
2008-07-17,-0.0000158730
2008-07-18,-0.0000158730
2008-07-21,-0.0000158730
2008-07-22,-0.0000158730
2008-07-23,-0.0000158730
2008-07-24,-0.0000158730
2008-07-25,-0.0000158730
2008-07-28,-0.0000158730
2008-07-29,-0.0000158730
2008-07-30,-0.0000158730
2008-07-31,-0.0000158730
2008-08-01,-0.0000158730
2008-08-04,-0.0000158730
2008-08-05,-0.0000158730
2008-08-06,-0.0000158730
2008-08-07,-0.0000158730
2008-08-08,-0.0000158730
2008-08-11,-0.0000158730
2008-08-12,-0.0000158730
2008-08-13,-0.0000158730
2008-08-14,-0.0000158730
2008-08-15,-0.0000158730
2008-08-18,-0.0000158730
2008-08-19,-0.0000158730
2008-08-20,-0.0000158730
2008-08-21,-0.0000158730
2008-08-22,-0.0000158730
2008-08-25,-0.0000158730
2008-08-26,-0.0000158730
2008-08-27,-0.0000158730
2008-08-28,-0.0000158730
2008-08-29,-0.0000158730
2008-09-02,-0.0000158730
2008-09-03,-0.0000158730
2008-09-04,-0.0000158730
2008-09-05,-0.0000158730
2008-09-08,-0.0000158730
2008-09-09,-0.0000158730
2008-09-10,-0.0000158730
2008-09-11,-0.0000158730
2008-09-12,-0.0000158730
2008-09-15,-0.0000158730
2008-09-16,-0.0000158730
2008-09-17,-0.0000158730
2008-09-18,-0.0000158730
2008-09-19,-0.0000158730
2008-09-22,-0.0000158730
2008-09-23,-0.0000158730
2008-09-24,-0.0000158730
2008-09-25,-0.0000158730
2008-09-26,-0.0000158730
2008-09-29,-0.0000158730
2008-09-30,-0.0000158730
2008-10-01,-0.0000158730
2008-10-02,-0.0000158730
2008-10-03,-0.0000158730
2008-10-06,-0.0000158730
2008-10-07,-0.0000158730
2008-10-08,-0.0000158730
2008-10-09,-0.0000158730
2008-10-10,-0.0000158730
2008-10-13,-0.0000158730
2008-10-14,-0.0000158730
2008-10-15,-0.0000158730
2008-10-16,-0.0000158730
2008-10-17,-0.0000158730
2008-10-20,-0.0000158730
2008-10-21,-0.0000158730
2008-10-22,-0.0000158730
2008-10-23,-0.0000158730
2008-10-24,-0.0000158730
2008-10-27,-0.0000158730
2008-10-28,-0.0000158730
2008-10-29,-0.0000158730
2008-10-30,-0.0000158730
2008-10-31,-0.0000158730
2008-11-03,-0.0000158730
2008-11-04,-0.0000158730
2008-11-05,-0.0000158730
2008-11-06,-0.0000158730
2008-11-07,-0.0000158730
2008-11-10,-0.0000158730
2008-11-11,-0.0000158730
2008-11-12,-0.0000158730
2008-11-13,-0.0000158730
2008-11-14,-0.0000158730
2008-11-17,-0.0000158730
2008-11-18,-0.0000158730
2008-11-19,-0.0000158730
2008-11-20,-0.0000158730
2008-11-21,-0.0000158730
2008-11-24,-0.0000158730
2008-11-25,-0.0000158730
2008-11-26,-0.0000158730
2008-11-28,-0.0000158730
2008-12-01,-0.0000158730
2008-12-02,-0.0000158730
2008-12-03,-0.0000158730
2008-12-04,-0.0000158730
2008-12-05,-0.0000158730
2008-12-08,-0.0000158730
2008-12-09,-0.0000158730
2008-12-10,-0.0000158730
2008-12-11,-0.0000158730
2008-12-12,-0.0000158730
2008-12-15,-0.0000158730
2008-12-16,-0.0000158730
2008-12-17,-0.0000158730
2008-12-18,-0.0000158730
2008-12-19,-0.0000158730
2008-12-22,-0.0000158730
2008-12-23,-0.0000158730
2008-12-24,-0.0000158730
2008-12-26,-0.0000158730
2008-12-29,-0.0000158730
2008-12-30,-0.0000158730
2008-12-31,-0.0000158730
2009-01-02,-0.0000158730
2009-01-05,-0.0000158730
2009-01-06,-0.0000158730
2009-01-07,-0.0000158730
2009-01-08,-0.0000158730
2009-01-09,-0.0000158730
2009-01-12,-0.0000158730
2009-01-13,-0.0000158730
2009-01-14,-0.0000158730
2009-01-15,-0.0000158730
2009-01-16,-0.0000158730
2009-01-20,-0.0000158730
2009-01-21,-0.0000158730
2009-01-22,-0.0000158730
2009-01-23,-0.0000158730
2009-01-26,-0.0000158730
2009-01-27,-0.0000158730
2009-01-28,-0.0000158730
2009-01-29,-0.0000158730
2009-01-30,-0.0000158730
2009-02-02,-0.0000158730
2009-02-03,-0.0000158730
2009-02-04,-0.0000158730
2009-02-05,-0.0000158730
2009-02-06,-0.0000158730
2009-02-09,-0.0000158730
2009-02-10,-0.0000158730
2009-02-11,-0.0000158730
2009-02-12,-0.0000158730
2009-02-13,-0.0000158730
2009-02-17,-0.0000158730
2009-02-18,-0.0000158730
2009-02-19,-0.0000158730
2009-02-20,-0.0000158730
2009-02-23,-0.0000158730
2009-02-24,-0.0000158730
2009-02-25,-0.0000158730
2009-02-26,-0.0000158730
2009-02-27,-0.0000158730
2009-03-02,-0.0000158730
2009-03-03,-0.0000158730
2009-03-04,-0.0000158730
2009-03-05,-0.0000158730
2009-03-06,-0.0000158730
2009-03-09,-0.0000158730
2009-03-10,-0.0000158730
2009-03-11,-0.0000158730
2009-03-12,-0.0000158730
2009-03-13,-0.0000158730
2009-03-16,-0.0000158730
2009-03-17,-0.0000158730
2009-03-18,-0.0000158730
2009-03-19,-0.0000158730
2009-03-20,-0.0000158730
2009-03-23,-0.0000158730
2009-03-24,-0.0000158730
2009-03-25,-0.0000158730
2009-03-26,-0.0000158730
2009-03-27,-0.0000158730
2009-03-30,-0.0000158730
2009-03-31,-0.0000158730
2009-04-01,-0.0000158730
2009-04-02,-0.0000158730
2009-04-03,-0.0000158730
2009-04-06,-0.0000158730
2009-04-07,-0.0000158730
2009-04-08,-0.0000158730
2009-04-09,-0.0000158730
2009-04-13,-0.0000158730
2009-04-14,-0.0000158730
2009-04-15,-0.0000158730
2009-04-16,-0.0000158730
2009-04-17,-0.0000158730
2009-04-20,-0.0000158730
2009-04-21,-0.0000158730
2009-04-22,-0.0000158730
2009-04-23,-0.0000158730
2009-04-24,-0.0000158730
2009-04-27,-0.0000158730
2009-04-28,-0.0000158730
2009-04-29,-0.0000158730
2009-04-30,-0.0000158730
2009-05-01,-0.0000158730
2009-05-04,-0.0000158730
2009-05-05,-0.0000158730
2009-05-06,-0.0000158730
2009-05-07,-0.0000158730
2009-05-08,-0.0000158730
2009-05-11,-0.0000158730
2009-05-12,-0.0000158730
2009-05-13,-0.0000158730
2009-05-14,-0.0000158730
2009-05-15,-0.0000158730
2009-05-18,-0.0000158730
2009-05-19,-0.0000158730
2009-05-20,-0.0000158730
2009-05-21,-0.0000158730
2009-05-22,-0.0000158730
2009-05-26,-0.0000158730
2009-05-27,-0.0000158730
2009-05-28,-0.0000158730
2009-05-29,-0.0000158730
2009-06-01,-0.0000158730
2009-06-02,-0.0000158730
2009-06-03,-0.0000158730
2009-06-04,-0.0000158730
2009-06-05,-0.0000158730
2009-06-08,-0.0000158730
2009-06-09,-0.0000158730
2009-06-10,-0.0000158730
2009-06-11,-0.0000158730
2009-06-12,-0.0000158730
2009-06-15,-0.0000158730
2009-06-16,-0.0000158730
2009-06-17,-0.0000158730
2009-06-18,-0.0000158730
2009-06-19,-0.0000158730
2009-06-22,-0.0000158730
2009-06-23,-0.0000158730
2009-06-24,-0.0000158730
2009-06-25,-0.0000158730
2009-06-26,-0.0000158730
2009-06-29,-0.0000158730
2009-06-30,-0.0000158730
2009-07-01,-0.0000158730
2009-07-02,-0.0000158730
2009-07-06,-0.0000158730
2009-07-07,-0.0000158730
2009-07-08,-0.0000158730
2009-07-09,-0.0000158730
2009-07-10,-0.0000158730
2009-07-13,-0.0000158730
2009-07-14,-0.0000158730
2009-07-15,-0.0000158730
2009-07-16,-0.0000158730
2009-07-17,-0.0000158730
2009-07-20,-0.0000158730
2009-07-21,-0.0000158730
2009-07-22,-0.0000158730
2009-07-23,-0.0000158730
2009-07-24,-0.0000158730
2009-07-27,-0.0000158730
2009-07-28,-0.0000158730
2009-07-29,-0.0000158730
2009-07-30,-0.0000158730
2009-07-31,-0.0000158730
2009-08-03,-0.0000158730
2009-08-04,-0.0000158730
2009-08-05,-0.0000158730
2009-08-06,-0.0000158730
2009-08-07,-0.0000158730
2009-08-10,-0.0000158730
2009-08-11,-0.0000158730
2009-08-12,-0.0000158730
2009-08-13,-0.0000158730
2009-08-14,-0.0000158730
2009-08-17,-0.0000158730
2009-08-18,-0.0000158730
2009-08-19,-0.0000158730
2009-08-20,-0.0000158730
2009-08-21,-0.0000158730
2009-08-24,-0.0000158730
2009-08-25,-0.0000158730
2009-08-26,-0.0000158730
2009-08-27,-0.0000158730
2009-08-28,-0.0000158730
2009-08-31,-0.0000158730
2009-09-01,-0.0244859383
2009-09-02,-0.0027483873
2009-09-03,0.0094831814
2009-09-04,0.0134897479
2009-09-08,0.0090256710
2009-09-09,0.0093639436
2009-09-10,0.0115568438
2009-09-11,-0.0011086510
2009-09-14,0.0073700726
2009-09-15,0.0051939516
2009-09-16,0.0190856286
2009-09-17,-0.0036329815
2009-09-18,0.0028089230
2009-09-21,-0.0034877853
2009-09-22,0.0086717232
2009-09-23,-0.0133158730
2009-09-24,-0.0136447326
2009-09-25,-0.0078998457
2009-09-28,0.0223003278
2009-09-29,-0.0013732121
2009-09-30,-0.0047372221
2009-10-01,-0.0314339298
2009-10-02,-0.0049870385
2009-10-05,0.0148417549
2009-10-06,0.0133512501
2009-10-07,0.0024289956
2009-10-08,0.0082582938
2009-10-09,0.0058679151
2009-10-12,0.0037907989
2009-10-13,-0.0023418842
2009-10-14,0.0195474711
2009-10-15,0.0038097810
2009-10-16,-0.0091820895
2009-10-19,0.0106359013
2009-10-20,-0.0082584297
2009-10-21,-0.0101123022
2009-10-22,0.0118581294
2009-10-23,-0.0143018089
2009-10-26,-0.0131378071
2009-10-27,-0.0056955258
2009-10-28,-0.0244000669
2009-10-29,0.0218182490
2009-10-30,-0.0241747179
2009-11-02,0.0040240097
2009-11-03,0.0036762018
2009-11-04,0.0005666878
2009-11-05,0.0177562687
2009-11-06,0.0020975470
2009-11-09,0.0184556722
2009-11-10,-0.0003376117
2009-11-11,0.0044432529
2009-11-12,-0.0096958938
2009-11-13,0.0055143502
2009-11-16,0.0142431411
2009-11-17,0.0012545683
2009-11-18,-0.0013464892
2009-11-19,-0.0136808529
2009-11-20,-0.0031555650
2009-11-23,0.0128693261
2009-11-24,-0.0007065774
2009-11-25,0.0049381536
2009-11-27,-0.0187644644
2009-11-30,0.0024483499
2009-12-01,0.0133892086
2009-12-02,0.0020228577
2009-12-03,-0.0092044893
2009-12-04,0.0075102741
2009-12-07,-0.0015672027
2009-12-08,-0.0113653954
2009-12-09,0.0037814983
2009-12-10,0.0059833024
2009-12-11,0.0054542522
2009-12-14,0.0100714814
2009-12-15,-0.0060844731
2009-12-16,0.0023781270
2009-12-17,-0.0154438730
2009-12-18,0.0088951270
2009-12-21,0.0135501270
2009-12-22,0.0057031270
2009-12-23,0.0050381270
2009-12-24,0.0066341270
2009-12-28,0.0011811270
2009-12-29,-0.0012128730
2009-12-30,-0.0001488730
2009-12-31,-0.0134488730
2010-01-04,0.0224611270
2010-01-05,0.0041071270
2010-01-06,0.0017131270
2010-01-07,0.0053041270
2010-01-08,0.0043731270
2010-01-11,0.0017131270
2010-01-12,-0.0133158730
2010-01-13,0.0112891270
2010-01-14,0.0031761270
2010-01-15,-0.0147788730
2010-01-19,0.0167421270
2010-01-20,-0.0130498730
2010-01-21,-0.0231578730
2010-01-22,-0.0251475740
2010-01-25,0.0038233465
2010-01-26,-0.0048317672
2010-01-27,0.0059167616
2010-01-28,-0.0135008287
2010-01-29,-0.0111098663
2010-02-01,0.0162642714
2010-02-02,0.0130401114
2010-02-03,-0.0051582222
2010-02-04,-0.0342879924
2010-02-05,0.0024521688
2010-02-08,-0.0069859749
2010-02-09,0.0122035756
2010-02-10,-0.0015279328
2010-02-11,0.0105197042
2010-02-12,-0.0006650867
2010-02-16,0.0169976921
2010-02-17,0.0044903737
2010-02-18,0.0059323529
2010-02-19,0.0027776321
2010-02-22,-0.0005385720
2010-02-23,-0.0135749686
2010-02-24,0.0099400091
2010-02-25,-0.0014131779
2010-02-26,0.0013327276
2010-03-01,0.0141204861
2010-03-02,0.0037126600
2010-03-03,0.0010825590
2010-03-04,0.0047142071
2010-03-05,0.0190031270
2010-03-08,0.0002408066
2010-03-09,0.0027771270
2010-03-10,0.0071661270
2010-03-11,0.0057031270
2010-03-12,-0.0002818730
2010-03-15,-0.0002818730
2010-03-16,0.0103581270
2010-03-17,0.0075651270
2010-03-18,-0.0013458730
2010-03-19,-0.0081288730
2010-03-22,0.0088951270
2010-03-23,0.0106241270
2010-03-24,-0.0079958730
2010-03-25,-0.0034738730
2010-03-26,0.0007821270
2010-03-29,0.0078311270
2010-03-30,0.0005161270
2010-03-31,-0.0048038730
2010-04-01,0.0099591270
2010-04-05,0.0126191270
2010-04-06,0.0025111270
2010-04-07,-0.0063998730
2010-04-08,0.0041071270
2010-04-09,0.0087621270
2010-04-12,0.0030431270
2010-04-13,0.0009151270
2010-04-14,0.0164761270
2010-04-15,0.0014471270
2010-04-16,-0.0203648730
2010-04-19,0.0037081270
2010-04-20,0.0116881270
2010-04-21,-0.0008138730
2010-04-22,0.0049051270
2010-04-23,0.0092941270
2010-04-26,-0.0057348730
2010-04-27,-0.0311378730
2010-04-28,0.0065897967
2010-04-29,0.0162566367
2010-04-30,-0.0200904119
2010-05-03,0.0143520289
2010-05-04,-0.0257430765
2010-05-05,-0.0065854319
2010-05-06,-0.0297389171
2010-05-07,-0.0133478591
2010-05-10,0.0345279897
2010-05-11,-0.0009655750
2010-05-12,0.0095294274
2010-05-13,-0.0066410117
2010-05-14,-0.0116690782
2010-05-17,0.0006580752
2010-05-18,-0.0090560805
2010-05-19,-0.0041631339
2010-05-20,-0.0275089493
2010-05-21,0.0085535265
2010-05-24,-0.0070948312
2010-05-25,-0.0002017898
2010-05-26,-0.0022810247
2010-05-27,0.0233132379
2010-05-28,-0.0068388180
2010-06-01,-0.0113239060
2010-06-02,0.0159228662
2010-06-03,0.0030658185
2010-06-04,-0.0215665092
2010-06-07,-0.0082569749
2010-06-08,0.0050856829
2010-06-09,-0.0026623037
2010-06-10,0.0177723844
2010-06-11,0.0033837300
2010-06-14,-0.0003646583
2010-06-15,0.0143644780
2010-06-16,-0.0006712734
2010-06-17,0.0004831323
2010-06-18,0.0008340232
2010-06-21,-0.0032367796
2010-06-22,-0.0116453219
2010-06-23,-0.0020733065
2010-06-24,-0.0122738485
2010-06-25,0.0035489290
2010-06-28,-0.0017895166
2010-06-29,-0.0261224994
2010-06-30,-0.0069217062
2010-07-01,-0.0029551190
2010-07-02,-0.0037896640
2010-07-06,0.0027290379
2010-07-07,0.0263960688
2010-07-08,0.0068018500
2010-07-09,0.0056629975
2010-07-12,-0.0008154500
2010-07-13,0.0134606623
2010-07-14,-0.0003174267
2010-07-15,0.0001419505
2010-07-16,-0.0243173934
2010-07-19,0.0038269264
2010-07-20,0.0090919290
2010-07-21,-0.0097985630
2010-07-22,0.0179955317
2010-07-23,0.0074828376
2010-07-26,0.0090636708
2010-07-27,-0.0017628795
2010-07-28,-0.0065803383
2010-07-29,-0.0029195942
2010-07-30,0.0004879134
2010-08-02,0.0183768351
2010-08-03,-0.0046173439
2010-08-04,0.0063562373
2010-08-05,-0.0019879366
2010-08-06,-0.0033746124
2010-08-09,0.0059819296
2010-08-10,-0.0078733703
2010-08-11,-0.0296752002
2010-08-12,-0.0041188742
2010-08-13,-0.0039609858
2010-08-16,0.0008812907
2010-08-17,0.0122704542
2010-08-18,0.0019164991
2010-08-19,-0.0167665851
2010-08-20,-0.0025962909
2010-08-23,-0.0048445389
2010-08-24,-0.0149486423
2010-08-25,0.0044842886
2010-08-26,-0.0078123873
2010-08-27,0.0193700252
2010-08-30,-0.0146937208
2010-08-31,0.0000779194
2010-09-01,0.0299110767
2010-09-02,0.0075357690
2010-09-03,0.0108143807
2010-09-07,-0.0100343593
2010-09-08,0.0052570389
2010-09-09,0.0037020264
2010-09-10,0.0039630129
2010-09-13,0.0120125446
2010-09-14,-0.0005779869
2010-09-15,0.0035031558
2010-09-16,-0.0007330201
2010-09-17,0.0015869085
2010-09-20,0.0178962178
2010-09-21,-0.0033846956
2010-09-22,-0.0058237247
2010-09-23,-0.0088735764
2010-09-24,0.0248733320
2010-09-27,-0.0046575969
2010-09-28,0.0058787154
2010-09-29,-0.0018517996
2010-09-30,-0.0029335461
2010-10-01,0.0049841665
2010-10-04,-0.0107141535
2010-10-05,0.0252728043
2010-10-06,-0.0011777545
2010-10-07,-0.0017754054
2010-10-08,0.0084479884
2010-10-11,0.0004577527
2010-10-12,0.0048115485
2010-10-13,0.0100939018
2010-10-14,-0.0050698730
2010-10-15,0.0023781270
2010-10-18,0.0091611270
2010-10-19,-0.0222268730
2010-10-20,0.0128955115
2010-10-21,0.0013239571
2010-10-22,0.0036855225
2010-10-25,0.0041071270
2010-10-26,0.0002501270
2010-10-27,-0.0032078730
2010-10-28,0.0010481270
2010-10-29,0.0009151270
2010-11-01,-0.0001488730
2010-11-02,0.0119541270
2010-11-03,0.0050381270
2010-11-04,0.0257861270
2010-11-05,0.0054371270
2010-11-08,-0.0016118730
2010-11-09,-0.0103898730
2010-11-10,0.0070331270
2010-11-11,-0.0046708730
2010-11-12,-0.0171728730
2010-11-15,-0.0012128730
2010-11-16,-0.0208968730
2010-11-17,0.0008804380
2010-11-18,0.0209981270
2010-11-19,0.0037141402
2010-11-22,-0.0002673581
2010-11-23,-0.0181928336
2010-11-24,0.0195827597
2010-11-26,-0.0075642692
2010-11-29,-0.0015108888
2010-11-30,-0.0072401934
2010-12-01,0.0262234741
2010-12-02,0.0129186828
2010-12-03,0.0036742975
2010-12-06,-0.0003473086
2010-12-07,0.0011378789
2010-12-08,0.0038508841
2010-12-09,0.0053014486
2010-12-10,0.0088573432
2010-12-13,-0.0010798730
2010-12-14,0.0011811270
2010-12-15,-0.0065328730
2010-12-16,0.0092941270
2010-12-17,0.0019791270
2010-12-20,0.0030431270
2010-12-21,0.0090281270
2010-12-22,0.0038411270
2010-12-23,-0.0021438730
2010-12-27,0.0010481270
2010-12-28,-0.0000158730
2010-12-29,0.0022451270
2010-12-30,-0.0014788730
2010-12-31,-0.0013458730
2011-01-03,0.0156781270
2011-01-04,-0.0034738730
2011-01-05,0.0079641270
2011-01-06,-0.0020108730
2011-01-07,-0.0028088730
2011-01-10,-0.0002818730
2011-01-11,0.0051711270
2011-01-12,0.0115551270
2011-01-13,-0.0024098730
2011-01-14,0.0091611270
2011-01-18,0.0023781270
2011-01-19,-0.0165078730
2011-01-20,-0.0038728730
2011-01-21,0.0014471270
2011-01-24,0.0087621270
2011-01-25,0.0002501270
2011-01-26,0.0079641270
2011-01-27,0.0035751270
2011-01-28,-0.0250198730
2011-01-31,0.0095601270
2011-02-01,0.0232591270
2011-02-02,-0.0033192447
2011-02-03,0.0034041481
2011-02-04,0.0038411270
2011-02-07,0.0092941270
2011-02-08,0.0063681270
2011-02-09,-0.0041388730
2011-02-10,0.0015801270
2011-02-11,0.0088951270
2011-02-14,0.0039741270
2011-02-15,-0.0050698730
2011-02-16,0.0090281270
2011-02-17,0.0049051270
2011-02-18,0.0015801270
2011-02-22,-0.0291428730
2011-02-23,-0.0099060460
2011-02-24,0.0004972398
2011-02-25,0.0162101270
2011-02-28,0.0053548259
2011-03-01,-0.0210298730
2011-03-02,0.0033281066
2011-03-03,0.0218892653
2011-03-04,-0.0075103739
2011-03-07,-0.0109522834
2011-03-08,0.0110328183
2011-03-09,-0.0020701717
2011-03-10,-0.0230417221
2011-03-11,0.0072707732
2011-03-14,-0.0063719019
2011-03-15,-0.0117370398
2011-03-16,-0.0199465604
2011-03-17,0.0119114124
2011-03-18,0.0050281370
2011-03-21,0.0167221443
2011-03-22,-0.0034027876
2011-03-23,0.0032067751
2011-03-24,0.0104011226
2011-03-25,0.0044772168
2011-03-28,-0.0040193670
2011-03-29,0.0086442916
2011-03-30,0.0096030320
2011-03-31,-0.0013888714
2011-04-01,0.0067509137
2011-04-04,0.0011811270
2011-04-05,0.0010481270
2011-04-06,0.0026441270
2011-04-07,-0.0026758730
2011-04-08,-0.0062668730
2011-04-11,-0.0052028730
2011-04-12,-0.0111878730
2011-04-13,0.0014471270
2011-04-14,-0.0000158730
2011-04-15,0.0058361270
2011-04-18,-0.0153108730
2011-04-19,0.0067671270
2011-04-20,0.0194021270
2011-04-21,0.0074321270
2011-04-25,-0.0020108730
2011-04-26,0.0118211270
2011-04-27,0.0087621270
2011-04-28,0.0042401270
2011-04-29,0.0038411270
2011-05-02,-0.0037398730
2011-05-03,-0.0066658730
2011-05-04,-0.0098578730
2011-05-05,-0.0109218730
2011-05-06,0.0059691270
2011-05-09,0.0072991270
2011-05-10,0.0114221270
2011-05-11,-0.0145128730
2011-05-12,0.0069001270
2011-05-13,-0.0117198730
2011-05-16,-0.0102568730
2011-05-17,-0.0014788730
2011-05-18,0.0135501270
2011-05-19,0.0029101270
2011-05-20,-0.0097248730
2011-05-23,-0.0171728730
2011-05-24,-0.0020108730
2011-05-25,0.0059691270
2011-05-26,0.0069001270
2011-05-27,0.0065011270
2011-05-31,0.0138161270
2011-06-01,-0.0310048730
2011-06-02,-0.0011522522
2011-06-03,-0.0131189959
2011-06-06,-0.0140638265
2011-06-07,-0.0006113261
2011-06-08,-0.0067362385
2011-06-09,0.0097289706
2011-06-10,-0.0175281183
2011-06-13,0.0001083764
2011-06-14,0.0175972331
2011-06-15,-0.0201515777
2011-06-16,0.0014179748
2011-06-17,0.0028539153
2011-06-20,0.0068850625
2011-06-21,0.0183827484
2011-06-22,-0.0069465834
2011-06-23,-0.0016259777
2011-06-24,-0.0133901506
2011-06-27,0.0106012855
2011-06-28,0.0161264539
2011-06-29,0.0087188782
2011-06-30,0.0115035846
2011-07-01,0.0170773834
2011-07-05,-0.0008214577
2011-07-06,0.0020190075
2011-07-07,0.0137747463
2011-07-08,-0.0085031913
2011-07-11,-0.0238105848
2011-07-12,-0.0047816413
2011-07-13,0.0049258128
2011-07-14,-0.0092658125
2011-07-15,0.0065739922
2011-07-18,-0.0112200397
2011-07-19,0.0203684248
2011-07-20,-0.0011025344
2011-07-21,0.0146515278
2011-07-22,0.0011022725
2011-07-25,-0.0079827171
2011-07-26,-0.0055816824
2011-07-27,-0.0262578014
2011-07-28,-0.0032236532
2011-07-29,-0.0061920150
2011-08-01,-0.0045266576
2011-08-02,-0.0316356603
2011-08-03,0.0057243199
2011-08-04,-0.0495426630
2011-08-05,-0.0023481358
2011-08-08,-0.0471617971
2011-08-09,0.0233740679
2011-08-10,-0.0166756869
2011-08-11,0.0179677355
2011-08-12,0.0018442918
2011-08-15,0.0080700217
2011-08-16,-0.0039198145
2011-08-17,-0.0000539795
2011-08-18,-0.0185443480
2011-08-19,-0.0058534974
2011-08-22,-0.0001345959
2011-08-23,0.0148783093
2011-08-24,0.0052810801
2011-08-25,-0.0067872368
2011-08-26,0.0072787767
2011-08-29,0.0133185786
2011-08-30,0.0013347503
2011-08-31,0.0018422285
2011-09-01,-0.0061820628
2011-09-02,-0.0126114962
2011-09-06,-0.0034160743
2011-09-07,0.0150941877
2011-09-08,-0.0056236295
2011-09-09,-0.0130487075
2011-09-12,0.0032977879
2011-09-13,0.0056624312
2011-09-14,0.0075733122
2011-09-15,0.0087868723
2011-09-16,0.0025642458
2011-09-19,-0.0057090078
2011-09-20,-0.0026809276
2011-09-21,-0.0180673549
2011-09-22,-0.0191093540
2011-09-23,0.0040405762
2011-09-26,0.0128812173
2011-09-27,0.0066983020
2011-09-28,-0.0129742895
2011-09-29,0.0042994866
2011-09-30,-0.0145460334
2011-10-03,-0.0000158730
2011-10-04,-0.0000158730
2011-10-05,-0.0000158730
2011-10-06,-0.0000158730
2011-10-07,-0.0000158730
2011-10-10,-0.0000158730
2011-10-11,-0.0000158730
2011-10-12,-0.0000158730
2011-10-13,-0.0000158730
2011-10-14,-0.0000158730
2011-10-17,-0.0000158730
2011-10-18,-0.0000158730
2011-10-19,-0.0000158730
2011-10-20,-0.0000158730
2011-10-21,-0.0000158730
2011-10-24,-0.0000158730
2011-10-25,-0.0000158730
2011-10-26,-0.0000158730
2011-10-27,-0.0000158730
2011-10-28,-0.0000158730
2011-10-31,-0.0000158730
2011-11-01,-0.0163430814
2011-11-02,0.0093090698
2011-11-03,0.0107855728
2011-11-04,-0.0029601006
2011-11-07,0.0027568036
2011-11-08,0.0073667714
2011-11-09,-0.0237139328
2011-11-10,0.0044626999
2011-11-11,0.0111000964
2011-11-14,-0.0052169622
2011-11-15,0.0032533153
2011-11-16,-0.0100291172
2011-11-17,-0.0101421632
2011-11-18,-0.0005124811
2011-11-21,-0.0121185203
2011-11-22,-0.0027596556
2011-11-23,-0.0155575164
2011-11-25,-0.0023113335
2011-11-28,0.0219864010
2011-11-29,0.0010876638
2011-11-30,0.0284770933
2011-12-01,-0.0000158730
2011-12-02,-0.0000158730
2011-12-05,-0.0000158730
2011-12-06,-0.0000158730
2011-12-07,-0.0000158730
2011-12-08,-0.0000158730
2011-12-09,-0.0000158730
2011-12-12,-0.0000158730
2011-12-13,-0.0000158730
2011-12-14,-0.0000158730
2011-12-15,-0.0000158730
2011-12-16,-0.0000158730
2011-12-19,-0.0000158730
2011-12-20,-0.0000158730
2011-12-21,-0.0000158730
2011-12-22,-0.0000158730
2011-12-23,-0.0000158730
2011-12-27,-0.0000158730
2011-12-28,-0.0000158730
2011-12-29,-0.0000158730
2011-12-30,-0.0000158730
2012-01-03,-0.0000158730
2012-01-04,-0.0000158730
2012-01-05,-0.0000158730
2012-01-06,-0.0000158730
2012-01-09,-0.0000158730
2012-01-10,-0.0000158730
2012-01-11,-0.0000158730
2012-01-12,-0.0000158730
2012-01-13,-0.0000158730
2012-01-17,-0.0000158730
2012-01-18,-0.0000158730
2012-01-19,-0.0000158730
2012-01-20,-0.0000158730
2012-01-23,-0.0000158730
2012-01-24,-0.0000158730
2012-01-25,-0.0000158730
2012-01-26,-0.0000158730
2012-01-27,-0.0000158730
2012-01-30,-0.0000158730
2012-01-31,-0.0000158730
2012-02-01,0.0146141270
2012-02-02,0.0022451270
2012-02-03,0.0209981270
2012-02-06,-0.0006808730
2012-02-07,0.0021121270
2012-02-08,0.0033091270
2012-02-09,0.0019791270
2012-02-10,-0.0099908730
2012-02-13,0.0099591270
2012-02-14,-0.0012128730
2012-02-15,-0.0066658730
2012-02-16,0.0168751270
2012-02-17,0.0021121270
2012-02-21,-0.0006808730
2012-02-22,-0.0052028730
2012-02-23,0.0074321270
2012-02-24,0.0019791270
2012-02-27,0.0018461270
2012-02-28,0.0037081270
2012-02-29,-0.0073308730
2012-03-01,0.0084961270
2012-03-02,-0.0061338730
2012-03-05,-0.0053358730
2012-03-06,-0.0215618730
2012-03-07,0.0106241270
2012-03-08,0.0142151270
2012-03-09,0.0065011270
2012-03-12,-0.0009468730
2012-03-13,0.0247221270
2012-03-14,-0.0030680496
2012-03-15,0.0088951270
2012-03-16,0.0007821270
2012-03-19,0.0054371270
2012-03-20,-0.0052028730
2012-03-21,-0.0013458730
2012-03-22,-0.0098578730
2012-03-23,0.0051711270
2012-03-26,0.0192691270
2012-03-27,-0.0040058730
2012-03-28,-0.0069318730
2012-03-29,-0.0022768730
2012-03-30,0.0037081270
2012-04-02,0.0103581270
2012-04-03,-0.0045378730
2012-04-04,-0.0147788730
2012-04-05,-0.0004148730
2012-04-09,-0.0161088730
2012-04-10,-0.0246208730
2012-04-11,0.0108743325
2012-04-12,0.0179134990
2012-04-13,-0.0144844654
2012-04-16,-0.0010343754
2012-04-17,0.0183704157
2012-04-18,-0.0046192799
2012-04-19,-0.0065075900
2012-04-20,0.0012783801
2012-04-23,-0.0117154503
2012-04-24,0.0035691873
2012-04-25,0.0184649372
2012-04-26,0.0088957152
2012-04-27,0.0042370460
2012-04-30,-0.0061113843
2012-05-01,0.0062362631
2012-05-02,-0.0020108730
2012-05-03,-0.0122518730
2012-05-04,-0.0215618730
2012-05-07,0.0006029963
2012-05-08,-0.0053238121
2012-05-09,-0.0083948730
2012-05-10,0.0039741270
2012-05-11,-0.0038728730
2012-05-14,-0.0151778730
2012-05-15,-0.0069318730
2012-05-16,-0.0060008730
2012-05-17,-0.0218278730
2012-05-18,-0.0106558730
2012-05-21,0.0227271270
2012-05-22,0.0001023403
2012-05-23,0.0031945189
2012-05-24,0.0020278329
2012-05-25,-0.0020100908
2012-05-29,0.0154121270
2012-05-30,-0.0191261778
2012-05-31,-0.0028334964
2012-06-01,-0.0333964611
2012-06-04,-0.0005304904
2012-06-05,0.0072879462
2012-06-06,0.0249930260
2012-06-07,-0.0008288558
2012-06-08,0.0080320018
2012-06-11,-0.0136654763
2012-06-12,0.0109892999
2012-06-13,-0.0073112280
2012-06-14,0.0101061513
2012-06-15,0.0103841057
2012-06-18,0.0020710148
2012-06-19,0.0113370182
2012-06-20,-0.0014936867
2012-06-21,-0.0248814976
2012-06-22,0.0073419549
2012-06-25,-0.0156087495
2012-06-26,0.0047684391
2012-06-27,0.0088489503
2012-06-28,-0.0023420624
2012-06-29,0.0258217512
2012-07-02,0.0028670692
2012-07-03,0.0069427574
2012-07-05,-0.0034446680
2012-07-06,-0.0097605785
2012-07-09,-0.0022716488
2012-07-10,-0.0086131959
2012-07-11,-0.0009507064
2012-07-12,-0.0054578217
2012-07-13,0.0182688139
2012-07-16,-0.0032874176
2012-07-17,0.0073441597
2012-07-18,0.0080333796
2012-07-19,0.0031424378
2012-07-20,-0.0130079915
2012-07-23,-0.0120109195
2012-07-24,-0.0116580282
2012-07-25,-0.0001337368
2012-07-26,0.0190007711
2012-07-27,0.0222284113
2012-07-30,-0.0012473208
2012-07-31,-0.0050495992
2012-08-01,-0.0056405054
2012-08-02,-0.0078523429
2012-08-03,0.0230556664
2012-08-06,0.0034922964
2012-08-07,0.0068997582
2012-08-08,0.0009951472
2012-08-09,0.0013958036
2012-08-10,0.0020793749
2012-08-13,-0.0018244434
2012-08-14,-0.0004148730
2012-08-15,0.0035751270
2012-08-16,0.0098261270
2012-08-17,0.0035751270
2012-08-20,-0.0008138730
2012-08-21,-0.0041388730
2012-08-22,-0.0000158730
2012-08-23,-0.0103898730
2012-08-24,0.0080971270
2012-08-27,-0.0008138730
2012-08-28,0.0001171270
2012-08-29,0.0019791270
2012-08-30,-0.0106558730
2012-08-31,0.0069001270
2012-09-04,0.0010481270
2012-09-05,-0.0006808730
2012-09-06,0.0275151270
2012-09-07,0.0059691270
2012-09-10,-0.0075968730
2012-09-11,0.0037081270
2012-09-12,0.0035751270
2012-09-13,0.0207321270
2012-09-14,0.0071661270
2012-09-17,-0.0056018730
2012-09-18,-0.0020108730
2012-09-19,0.0023781270
2012-09-20,-0.0017448730
2012-09-21,0.0005161270
2012-09-24,-0.0034738730
2012-09-25,-0.0147788730
2012-09-26,-0.0075968730
2012-09-27,0.0131511270
2012-09-28,-0.0061338730
2012-10-01,0.0033091270
2012-10-02,0.0013141270
2012-10-03,0.0047721270
2012-10-04,0.0100921270
2012-10-05,-0.0004148730
2012-10-08,-0.0048038730
2012-10-09,-0.0139808730
2012-10-10,-0.0077298730
2012-10-11,0.0014471270
2012-10-12,-0.0046708730
2012-10-15,0.0104911270
2012-10-16,0.0132841270
2012-10-17,0.0065011270
2012-10-18,-0.0041388730
2012-10-19,-0.0223598730
2012-10-22,-0.0000158730
2012-10-23,-0.0171728730
2012-10-24,-0.0037398730
2012-10-25,0.0035751270
2012-10-26,-0.0009468730
2012-10-31,0.0017131270
2012-11-01,0.0158111270
2012-11-02,-0.0138478730
2012-11-05,0.0037081270
2012-11-06,0.0106241270
2012-11-07,-0.0307388730
2012-11-08,-0.0141259024
2012-11-09,0.0016872583
2012-11-12,-0.0000158730
2012-11-13,-0.0048234547
2012-11-14,-0.0180794686
2012-11-15,-0.0030249181
2012-11-16,0.0074706597
2012-11-19,0.0259332577
2012-11-20,0.0011693685
2012-11-21,0.0034817219
2012-11-23,0.0150392043
2012-11-26,-0.0016139887
2012-11-27,-0.0051457464
2012-11-28,0.0102213031
2012-11-29,0.0067366704
2012-11-30,0.0002436070
2012-12-03,-0.0061338730
2012-12-04,-0.0021438730
2012-12-05,0.0022451270
2012-12-06,0.0041071270
2012-12-07,0.0037081270
2012-12-10,0.0014471270
2012-12-11,0.0090281270
2012-12-12,-0.0002818730
2012-12-13,-0.0075968730
2012-12-14,-0.0045378730
2012-12-17,0.0154121270
2012-12-18,0.0160771270
2012-12-19,-0.0079958730
2012-12-20,0.0070331270
2012-12-21,-0.0117198730
2012-12-24,-0.0032078730
2012-12-26,-0.0071978730
2012-12-27,-0.0014788730
2012-12-28,-0.0133158730
2012-12-31,0.0227271270
2013-01-02,0.0348301270
2013-01-03,-0.0013542083
2013-01-04,0.0058764300
2013-01-07,-0.0034856184
2013-01-08,-0.0030170576
2013-01-09,0.0041690406
2013-01-10,0.0082457754
2013-01-11,0.0001138259
2013-01-14,-0.0009468730
2013-01-15,0.0023781270
2013-01-16,-0.0008138730
2013-01-17,0.0080971270
2013-01-18,0.0037081270
2013-01-22,0.0065011270
2013-01-23,0.0011811270
2013-01-24,0.0011811270
2013-01-25,0.0076981270
2013-01-28,-0.0018778730
2013-01-29,0.0047721270
2013-01-30,-0.0050698730
2013-01-31,-0.0009468730
2013-02-01,0.0131511270
2013-02-04,-0.0158428730
2013-02-05,0.0142151270
2013-02-06,0.0019791270
2013-02-07,-0.0021438730
2013-02-08,0.0076981270
2013-02-11,-0.0010798730
2013-02-12,0.0021121270
2013-02-13,0.0018461270
2013-02-14,0.0014471270
2013-02-15,-0.0014788730
2013-02-19,0.0098261270
2013-02-20,-0.0181038730
2013-02-21,-0.0087938730
2013-02-22,0.0124861270
2013-02-25,-0.0242218730
2013-02-26,0.0075537390
2013-02-27,0.0171411270
2013-02-28,-0.0007706441
2013-03-01,0.0028817977
2013-03-04,0.0062351270
2013-03-05,0.0132841270
2013-03-06,0.0023781270
2013-03-07,0.0035751270
2013-03-08,0.0069001270
2013-03-11,0.0039741270
2013-03-12,-0.0029418730
2013-03-13,0.0026441270
2013-03-14,0.0076981270
2013-03-15,-0.0025428730
2013-03-18,-0.0066658730
2013-03-19,-0.0030748730
2013-03-20,0.0100921270
2013-03-21,-0.0113208730
2013-03-22,0.0082301270
2013-03-25,-0.0038728730
2013-03-26,0.0100921270
2013-03-27,-0.0002818730
2013-03-28,0.0051711270
2013-04-01,-0.0075968730
2013-04-02,0.0043731270
2013-04-03,-0.0154438730
2013-04-04,0.0055701270
2013-04-05,-0.0054688730
2013-04-08,0.0092941270
2013-04-09,0.0041071270
2013-04-10,0.0170081270
2013-04-11,0.0046391270
2013-04-12,-0.0037398730
2013-04-15,-0.0329998730
2013-04-16,0.0170150692
2013-04-17,-0.0159678757
2013-04-18,-0.0073320410
2013-04-19,0.0104517624
2013-04-22,0.0048298262
2013-04-23,0.0123911973
2013-04-24,0.0006513095
2013-04-25,0.0056950698
2013-04-26,-0.0024415967
2013-04-29,0.0084499402
2013-04-30,0.0037566062
2013-05-01,-0.0143798730
2013-05-02,0.0134685134
2013-05-03,0.0143772887
2013-05-06,0.0029193535
2013-05-07,0.0071661270
2013-05-08,0.0058361270
2013-05-09,-0.0041388730
2013-05-10,0.0071661270
2013-05-13,-0.0002818730
2013-05-14,0.0146141270
2013-05-15,0.0067671270
2013-05-16,-0.0067988730
2013-05-17,0.0138161270
2013-05-20,-0.0008138730
2013-05-21,0.0021121270
2013-05-22,-0.0122518730
2013-05-23,-0.0025428730
2013-05-24,-0.0008138730
2013-05-28,0.0102251270
2013-05-29,-0.0093258730
2013-05-30,0.0066341270
2013-05-31,-0.0175718730
2013-06-03,0.0065011270
2013-06-04,-0.0073308730
2013-06-05,-0.0183698730
2013-06-06,0.0118211270
2013-06-07,0.0172741270
2013-06-10,0.0008908868
2013-06-11,-0.0138478730
2013-06-12,-0.0108086922
2013-06-13,0.0194921203
2013-06-14,-0.0071734632
2013-06-17,0.0090705241
2013-06-18,0.0101131870
2013-06-19,-0.0164807127
2013-06-20,-0.0296976011
2013-06-21,0.0012730931
2013-06-24,-0.0123288039
2013-06-25,0.0100151813
2013-06-26,0.0094936579
2013-06-27,0.0079663234
2013-06-28,-0.0036123061
2013-07-01,0.0078187748
2013-07-02,-0.0011457249
2013-07-03,0.0014040641
2013-07-05,0.0137463576
2013-07-08,0.0064654810
2013-07-09,0.0093899144
2013-07-10,0.0007686340
2013-07-11,0.0176731270
2013-07-12,0.0044873158
2013-07-15,0.0026441270
2013-07-16,-0.0054688730
2013-07-17,0.0039741270
2013-07-18,0.0072991270
2013-07-19,0.0011811270
2013-07-22,0.0030431270
2013-07-23,-0.0020108730
2013-07-24,-0.0052028730
2013-07-25,0.0055701270
2013-07-26,0.0002501270
2013-07-29,-0.0049368730
2013-07-30,0.0014471270
2013-07-31,0.0013141270
2013-08-01,0.0186041270
2013-08-02,0.0026441270
2013-08-05,-0.0009468730
2013-08-06,-0.0090598730
2013-08-07,-0.0056018730
2013-08-08,0.0062351270
2013-08-09,-0.0038728730
2013-08-12,-0.0002818730
2013-08-13,0.0026441270
2013-08-14,-0.0066658730
2013-08-15,-0.0195668730
2013-08-16,-0.0034738730
2013-08-19,-0.0082618730
2013-08-20,0.0069001270
2013-08-21,-0.0078628730
2013-08-22,0.0122201270
2013-08-23,0.0049051270
2013-08-26,-0.0038728730
2013-08-27,-0.0232908730
2013-08-28,0.0039741270
2013-08-29,0.0045061270
2013-08-30,-0.0062668730
2013-09-03,0.0061021270
2013-09-04,0.0110231270
2013-09-05,0.0025111270
2013-09-06,-0.0000158730
2013-09-09,0.0144811270
2013-09-10,0.0106241270
2013-09-11,0.0037081270
2013-09-12,-0.0042718730
2013-09-13,0.0038411270
2013-09-16,0.0065011270
2013-09-17,0.0071661270
2013-09-18,0.0146141270
2013-09-19,-0.0017448730
2013-09-20,-0.0083948730
2013-09-23,-0.0060008730
2013-09-24,-0.0017448730
2013-09-25,-0.0030748730
2013-09-26,0.0054371270
2013-09-27,-0.0052028730
2013-09-30,-0.0065328730
2013-10-01,0.0119541270
2013-10-02,-0.0013458730
2013-10-03,-0.0118528730
2013-10-04,0.0099591270
2013-10-07,-0.0126508730
2013-10-08,-0.0179708730
2013-10-09,-0.0006808730
2013-10-10,0.0295101270
2013-10-11,0.0083010746
2013-10-14,0.0051580232
2013-10-15,-0.0091783617
2013-10-16,0.0172509096
2013-10-17,0.0084428088
2013-10-18,0.0089805872
2013-10-21,-0.0002744108
2013-10-22,0.0067671270
2013-10-23,-0.0067988730
2013-10-24,0.0055701270
2013-10-25,0.0043731270
2013-10-28,0.0011811270
2013-10-29,0.0071661270
2013-10-30,-0.0078628730
2013-10-31,-0.0044048730
2013-11-01,0.0026441270
2013-11-04,0.0062351270
2013-11-05,-0.0030748730
2013-11-06,0.0035751270
2013-11-07,-0.0193008730
2013-11-08,0.0194021270
2013-11-11,0.0014471270
2013-11-12,-0.0024098730
2013-11-13,0.0119541270
2013-11-14,0.0055701270
2013-11-15,0.0058361270
2013-11-18,-0.0065328730
2013-11-19,-0.0036068730
2013-11-20,-0.0044048730
2013-11-21,0.0127521270
2013-11-22,0.0065011270
2013-11-25,-0.0014788730
2013-11-26,0.0022451270
2013-11-27,0.0039741270
2013-11-29,-0.0002818730
2013-12-02,-0.0042718730
2013-12-03,-0.0045378730
2013-12-04,-0.0010798730
2013-12-05,-0.0045378730
2013-12-06,0.0135501270
2013-12-09,0.0022451270
2013-12-10,-0.0045378730
2013-12-11,-0.0154438730
2013-12-12,-0.0032078730
2013-12-13,0.0011811270
2013-12-16,0.0088951270
2013-12-17,-0.0033408730
2013-12-18,0.0205991270
2013-12-19,-0.0013458730
2013-12-20,0.0091611270
2013-12-23,0.0082301270
2013-12-24,0.0045061270
2013-12-26,0.0058361270
2013-12-27,-0.0006808730
2013-12-30,-0.0000158730
2013-12-31,0.0057031270
2014-01-02,-0.0117198730
2014-01-03,0.0003831270
2014-01-06,-0.0045378730
2014-01-07,0.0090281270
2014-01-08,0.0005161270
2014-01-09,0.0002501270
2014-01-10,0.0035751270
2014-01-13,-0.0175718730
2014-01-14,0.0152791270
2014-01-15,0.0070331270
2014-01-16,-0.0009468730
2014-01-17,-0.0052028730
2014-01-21,0.0039741270
2014-01-22,0.0019791270
2014-01-23,-0.0114538730
2014-01-24,-0.0290098730
2014-01-27,-0.0084518657
2014-01-28,0.0096931270
2014-01-29,-0.0142374489
2014-01-30,0.0161103814
2014-01-31,-0.0081379658
2014-02-03,-0.0314592158
2014-02-04,0.0079803716
2014-02-05,-0.0024029637
2014-02-06,0.0132566714
2014-02-07,0.0139035915
2014-02-10,0.0016085557
2014-02-11,0.0115749449
2014-02-12,0.0011567496
2014-02-13,0.0080297729
2014-02-14,0.0048253667
2014-02-18,0.0032370864
2014-02-19,-0.0092327096
2014-02-20,0.0089368277
2014-02-21,-0.0011820508
2014-02-24,0.0086291270
2014-02-25,-0.0013458730
2014-02-26,0.0017131270
2014-02-27,0.0071661270
2014-02-28,0.0019791270
2014-03-03,-0.0093258730
2014-03-04,0.0221951270
2014-03-05,0.0001171270
2014-03-06,0.0021121270
2014-03-07,0.0005161270
2014-03-10,-0.0012128730
2014-03-11,-0.0082618730
2014-03-12,0.0017131270
2014-03-13,-0.0161088730
2014-03-14,-0.0021438730
2014-03-17,0.0119541270
2014-03-18,0.0108901270
2014-03-19,-0.0078628730
2014-03-20,0.0069001270
2014-03-21,-0.0049368730
2014-03-24,-0.0085278730
2014-03-25,0.0038411270
2014-03-26,-0.0118528730
2014-03-27,-0.0024098730
2014-03-28,0.0054371270
2014-03-31,0.0127521270
2014-04-01,0.0115551270
2014-04-02,0.0039741270
2014-04-03,-0.0041388730
2014-04-04,-0.0195668730
2014-04-07,-0.0166408730
2014-04-08,0.0065011270
2014-04-09,0.0160771270
2014-04-10,-0.0298078730
2014-04-11,-0.0115833962
2014-04-14,0.0077690705
2014-04-15,0.0066144060
2014-04-16,0.0126295604
2014-04-17,0.0025358280
2014-04-21,0.0043940062
2014-04-22,0.0068771689
2014-04-23,-0.0038928310
2014-04-24,0.0010225065
2014-04-25,-0.0138478730
2014-04-28,0.0015680113
2014-04-29,0.0075651270
2014-04-30,0.0046391270
2014-05-01,0.0005161270
2014-05-02,-0.0010798730
2014-05-05,0.0017131270
2014-05-06,-0.0137148730
2014-05-07,0.0059691270
2014-05-08,-0.0034738730
2014-05-09,0.0033091270
2014-05-12,0.0159441270
2014-05-13,-0.0006808730
2014-05-14,-0.0079958730
2014-05-15,-0.0119858730
2014-05-16,0.0047721270
2014-05-19,0.0066341270
2014-05-20,-0.0103898730
2014-05-21,0.0107571270
2014-05-22,0.0047721270
2014-05-23,0.0065011270
2014-05-27,0.0091611270
2014-05-28,-0.0016118730
2014-05-29,0.0071661270
2014-05-30,0.0007821270
2014-06-02,0.0007821270
2014-06-03,-0.0006808730
2014-06-04,0.0037081270
2014-06-05,0.0102251270
2014-06-06,0.0071661270
2014-06-09,0.0029101270
2014-06-10,-0.0004148730
2014-06-11,-0.0045378730
2014-06-12,-0.0091928730
2014-06-13,0.0041071270
2014-06-16,0.0017131270
2014-06-17,0.0045061270
2014-06-18,0.0098261270
2014-06-19,0.0015801270
2014-06-20,0.0023781270
2014-06-23,-0.0002818730
2014-06-24,-0.0095918730
2014-06-25,0.0070331270
2014-06-26,-0.0014788730
2014-06-27,0.0033091270
2014-06-30,0.0009151270
2014-07-01,0.0098261270
2014-07-02,-0.0004148730
2014-07-03,0.0078311270
2014-07-07,-0.0082618730
2014-07-08,-0.0109218730
2014-07-09,0.0061021270
2014-07-10,-0.0065328730
2014-07-11,0.0015801270
2014-07-14,0.0061021270
2014-07-15,-0.0042718730
2014-07-16,0.0043731270
2014-07-17,-0.0161088730
2014-07-18,0.0148801270
2014-07-21,-0.0033408730
2014-07-22,0.0070331270
2014-07-23,0.0025111270
2014-07-24,0.0006491270
2014-07-25,-0.0070648730
2014-07-28,-0.0010798730
2014-07-29,-0.0044048730
2014-07-30,0.0015801270
2014-07-31,-0.0270148730
2014-08-01,-0.0042718730
2014-08-04,0.0098261270
2014-08-05,-0.0111878730
2014-08-06,0.0002501270
2014-08-07,-0.0069318730
2014-08-08,0.0150131270
2014-08-11,0.0053041270
2014-08-12,-0.0030748730
2014-08-13,0.0092941270
2014-08-14,0.0058361270
2014-08-15,-0.0000158730
2014-08-18,0.0123531270
2014-08-19,0.0065011270
2014-08-20,0.0025111270
2014-08-21,0.0037081270
2014-08-22,-0.0013458730
2014-08-25,0.0065011270
2014-08-26,0.0025111270
2014-08-27,-0.0000158730
2014-08-28,-0.0025428730
2014-08-29,0.0051711270
2014-09-02,0.0006491270
2014-09-03,-0.0018778730
2014-09-04,-0.0024098730
2014-09-05,0.0059691270
2014-09-08,-0.0029418730
2014-09-09,-0.0095918730
2014-09-10,0.0059691270
2014-09-11,0.0025111270
2014-09-12,-0.0073308730
2014-09-15,-0.0037398730
2014-09-16,0.0092941270
2014-09-17,0.0022451270
2014-09-18,0.0066341270
2014-09-19,-0.0024098730
2014-09-22,-0.0129168730
2014-09-23,-0.0082618730
2014-09-24,0.0107571270
2014-09-25,-0.0216948730
2014-09-26,0.0112891270
2014-09-29,-0.0029418730
2014-09-30,-0.0053358730
2014-10-01,-0.0185028730
2014-10-02,0.0021121270
2014-10-03,0.0143481270
2014-10-06,-0.0034738730
2014-10-07,-0.0207638730
2014-10-08,0.0225941270
2014-10-09,-0.0251455807
2014-10-10,-0.0130574354
2014-10-13,-0.0162111643
2014-10-14,0.0027089346
2014-10-15,-0.0056227271
2014-10-16,0.0023762601
2014-10-17,0.0126583309
2014-10-20,0.0100811531
2014-10-21,0.0211410238
2014-10-22,-0.0081798387
2014-10-23,0.0126057321
2014-10-24,0.0062963753
2014-10-27,-0.0017299407
2014-10-28,0.0144034273
2014-10-29,-0.0017860400
2014-10-30,0.0064883465
2014-10-31,0.0138712882
2014-11-03,-0.0001292340
2014-11-04,-0.0040336848
2014-11-05,0.0058081000
2014-11-06,0.0061979480
2014-11-07,0.0010444770
2014-11-10,0.0043731270
2014-11-11,0.0013141270
2014-11-12,0.0009151270
2014-11-13,-0.0004148730
2014-11-14,0.0007821270
2014-11-17,-0.0006808730
2014-11-18,0.0067671270
2014-11-19,-0.0028088730
2014-11-20,0.0041071270
2014-11-21,0.0063681270
2014-11-24,0.0053041270
2014-11-25,-0.0010798730
2014-11-26,0.0038411270
2014-11-28,-0.0045378730
2014-12-01,-0.0119858730
2014-12-02,0.0086291270
2014-12-03,0.0061021270
2014-12-04,-0.0022768730
2014-12-05,0.0033091270
2014-12-08,-0.0109218730
2014-12-09,0.0017131270
2014-12-10,-0.0228918730
2014-12-11,0.0066341270
2014-12-12,-0.0206308730
2014-12-15,-0.0090598730
2014-12-16,-0.0106558730
2014-12-17,0.0285791270
2014-12-18,0.0261323101
2014-12-19,0.0040284125
2014-12-22,0.0036232219
2014-12-23,0.0021464926
2014-12-24,0.0006317512
2014-12-26,0.0042801186
2014-12-29,0.0015220335
2014-12-30,-0.0059666041
2014-12-31,-0.0118018560
2015-01-02,-0.0015133192
2015-01-05,-0.0240500332
2015-01-06,-0.0117964988
2015-01-07,0.0137465380
2015-01-08,0.0200533564
2015-01-09,-0.0085972054
2015-01-12,-0.0080196878
2015-01-13,-0.0020144300
2015-01-14,-0.0066282690
2015-01-15,-0.0123501961
2015-01-16,0.0156147525
2015-01-20,0.0011739694
2015-01-21,0.0047392785
2015-01-22,0.0185369216
2015-01-23,-0.0051774929
2015-01-26,0.0047447252
2015-01-27,-0.0144310042
2015-01-28,-0.0158711431
2015-01-29,0.0107740552
2015-01-30,-0.0143614959
2015-02-02,0.0133077894
2015-02-03,0.0155443698
2015-02-04,-0.0035391702
2015-02-05,0.0115017343
2015-02-06,-0.0021234616
2015-02-09,-0.0050703748
2015-02-10,0.0118972327
2015-02-11,0.0003260304
2015-02-12,0.0119205190
2015-02-13,0.0056567895
2015-02-17,0.0020022183
2015-02-18,0.0003805831
2015-02-19,-0.0001488730
2015-02-20,0.0080971270
2015-02-23,-0.0010798730
2015-02-24,0.0042401270
2015-02-25,0.0001171270
2015-02-26,-0.0010798730
2015-02-27,-0.0048038730
2015-03-02,0.0082301270
2015-03-03,-0.0057348730
2015-03-04,-0.0054688730
2015-03-05,0.0019791270
2015-03-06,-0.0171728730
2015-03-09,0.0049051270
2015-03-10,-0.0216948730
2015-03-11,-0.0004148730
2015-03-12,0.0170081270
2015-03-13,-0.0077298730
2015-03-16,0.0164761270
2015-03-17,-0.0025078758
2015-03-18,0.0144811270
2015-03-19,-0.0048038730
2015-03-20,0.0107571270
2015-03-23,-0.0025428730
2015-03-24,-0.0067988730
2015-03-25,-0.0207638730
2015-03-26,-0.0028747511
2015-03-27,0.0042401270
2015-03-30,0.0164761270
2015-03-31,-0.0099432092
2015-04-01,-0.0050698730
2015-04-02,0.0046391270
2015-04-06,0.0080971270
2015-04-07,-0.0029418730
2015-04-08,0.0049051270
2015-04-09,0.0054371270
2015-04-10,0.0065011270
2015-04-13,-0.0050698730
2015-04-14,0.0013141270
2015-04-15,0.0075651270
2015-04-16,-0.0010798730
2015-04-17,-0.0163748730
2015-04-20,0.0126191270
2015-04-21,-0.0013458730
2015-04-22,0.0061021270
2015-04-23,0.0038411270
2015-04-24,0.0022451270
2015-04-27,-0.0070648730
2015-04-28,0.0035751270
2015-04-29,-0.0052028730
2015-04-30,-0.0147788730
2015-05-01,0.0134171270
2015-05-04,0.0042401270
2015-05-05,-0.0158428730
2015-05-06,-0.0041388730
2015-05-07,0.0051711270
2015-05-08,0.0160771270
2015-05-11,-0.0052028730
2015-05-12,-0.0034738730
2015-05-13,0.0001171270
2015-05-14,0.0134171270
2015-05-15,0.0006491270
2015-05-18,0.0058361270
2015-05-19,-0.0012128730
2015-05-20,-0.0006808730
2015-05-21,0.0030431270
2015-05-22,-0.0029418730
2015-05-26,-0.0134488730
2015-05-27,0.0123531270
2015-05-28,-0.0014788730
2015-05-29,-0.0077298730
2015-06-01,0.0022451270
2015-06-02,-0.0002818730
2015-06-03,0.0051711270
2015-06-04,-0.0117198730
2015-06-05,0.0007821270
2015-06-08,-0.0087938730
2015-06-09,0.0002501270
2015-06-10,0.0158111270
2015-06-11,0.0027771270
2015-06-12,-0.0083948730
2015-06-15,-0.0060008730
2015-06-16,0.0075651270
2015-06-17,0.0021121270
2015-06-18,0.0131511270
2015-06-19,-0.0057348730
2015-06-22,0.0083631270
2015-06-23,0.0015801270
2015-06-24,-0.0105228730
2015-06-25,-0.0033408730
2015-06-26,-0.0008138730
2015-06-29,-0.0284778730
2015-06-30,0.0043731270
2015-07-01,0.0080971270
2015-07-02,-0.0014788730
2015-07-06,-0.0049368730
2015-07-07,0.0070331270
2015-07-08,-0.0223598730
2015-07-09,0.0038411270
2015-07-10,0.0163431270
2015-07-13,0.0147703158
2015-07-14,0.0060230179
2015-07-15,-0.0023678125
2015-07-16,0.0102251270
2015-07-17,0.0006491270
2015-07-20,-0.0001488730
2015-07-21,-0.0061338730
2015-07-22,-0.0022768730
2015-07-23,-0.0077298730
2015-07-24,-0.0145128730
2015-07-27,-0.0098578730
2015-07-28,0.0163431270
2015-07-29,0.0099591270
2015-07-30,0.0013141270
2015-07-31,-0.0020108730
2015-08-03,-0.0045378730
2015-08-04,-0.0018778730
2015-08-05,0.0047721270
2015-08-06,-0.0117198730
2015-08-07,-0.0048038730
2015-08-10,0.0174071270
2015-08-11,-0.0130498730
2015-08-12,0.0009151270
2015-08-13,-0.0018778730
2015-08-14,0.0057031270
2015-08-17,0.0079641270
2015-08-18,-0.0046708730
2015-08-19,-0.0113208730
2015-08-20,-0.0298078730
2015-08-21,-0.0369832279
2015-08-24,-0.0380506435
2015-08-25,-0.0088518621
2015-08-26,0.0292969659
2015-08-27,0.0143761893
2015-08-28,0.0012994596
2015-08-31,-0.0044432505
2015-09-01,-0.0181833040
2015-09-02,0.0108291491
2015-09-03,0.0009826966
2015-09-04,-0.0085569757
2015-09-08,0.0159130487
2015-09-09,-0.0080215481
2015-09-10,0.0029895369
2015-09-11,0.0027965910
2015-09-14,-0.0027509189
2015-09-15,0.0084984716
2015-09-16,0.0060227578
2015-09-17,-0.0012665720
2015-09-18,-0.0124912382
2015-09-21,0.0027257406
2015-09-22,-0.0102731182
2015-09-23,-0.0021895970
2015-09-24,-0.0030529983
2015-09-25,-0.0019594715
2015-09-28,-0.0243706232
2015-09-29,-0.0005130899
2015-09-30,0.0162669545
2015-10-01,-0.0000158730
2015-10-02,-0.0000158730
2015-10-05,-0.0000158730
2015-10-06,-0.0000158730
2015-10-07,-0.0000158730
2015-10-08,-0.0000158730
2015-10-09,-0.0000158730
2015-10-12,-0.0000158730
2015-10-13,-0.0000158730
2015-10-14,-0.0000158730
2015-10-15,-0.0000158730
2015-10-16,-0.0000158730
2015-10-19,-0.0000158730
2015-10-20,-0.0000158730
2015-10-21,-0.0000158730
2015-10-22,-0.0000158730
2015-10-23,-0.0000158730
2015-10-26,-0.0000158730
2015-10-27,-0.0000158730
2015-10-28,-0.0000158730
2015-10-29,-0.0000158730
2015-10-30,-0.0000158730
2015-11-02,0.0152701585
2015-11-03,0.0039786408
2015-11-04,-0.0031877643
2015-11-05,-0.0009310065
2015-11-06,0.0018461270
2015-11-09,-0.0126508730
2015-11-10,0.0017131270
2015-11-11,-0.0057348730
2015-11-12,-0.0193008730
2015-11-13,-0.0140137284
2015-11-16,0.0181435621
2015-11-17,-0.0013355915
2015-11-18,0.0202245600
2015-11-19,-0.0015115316
2015-11-20,0.0041929802
2015-11-23,-0.0001414897
2015-11-24,0.0027468096
2015-11-25,0.0009151270
2015-11-27,0.0011811270
2015-11-30,-0.0063998730
2015-12-01,0.0128851270
2015-12-02,-0.0134488730
2015-12-03,-0.0199658730
2015-12-04,0.0241288464
2015-12-07,-0.0092654645
2015-12-08,-0.0065537856
2015-12-09,-0.0096779768
2015-12-10,0.0035421780
2015-12-11,-0.0248939188
2015-12-14,0.0031352279
2015-12-15,0.0123496082
2015-12-16,0.0160709562
2015-12-17,-0.0152169750
2015-12-18,-0.0170036127
2015-12-21,0.0071384291
2015-12-22,0.0087253271
2015-12-23,0.0127908033
2015-12-24,-0.0010931106
2015-12-28,-0.0028870235
2015-12-29,0.0112228968
2015-12-30,-0.0079754874
2015-12-31,-0.0100829407
2016-01-04,-0.0000158730
2016-01-05,-0.0000158730
2016-01-06,-0.0000158730
2016-01-07,-0.0000158730
2016-01-08,-0.0000158730
2016-01-11,-0.0000158730
2016-01-12,-0.0000158730
2016-01-13,-0.0000158730
2016-01-14,-0.0000158730
2016-01-15,-0.0000158730
2016-01-19,-0.0000158730
2016-01-20,-0.0000158730
2016-01-21,-0.0000158730
2016-01-22,-0.0000158730
2016-01-25,-0.0000158730
2016-01-26,-0.0000158730
2016-01-27,-0.0000158730
2016-01-28,-0.0000158730
2016-01-29,-0.0000158730
2016-02-01,-0.0000158730
2016-02-02,-0.0000158730
2016-02-03,-0.0000158730
2016-02-04,-0.0000158730
2016-02-05,-0.0000158730
2016-02-08,-0.0000158730
2016-02-09,-0.0000158730
2016-02-10,-0.0000158730
2016-02-11,-0.0000158730
2016-02-12,-0.0000158730
2016-02-16,-0.0000158730
2016-02-17,-0.0000158730
2016-02-18,-0.0000158730
2016-02-19,-0.0000158730
2016-02-22,-0.0000158730
2016-02-23,-0.0000158730
2016-02-24,-0.0000158730
2016-02-25,-0.0000158730
2016-02-26,-0.0000158730
2016-02-29,-0.0000158730
2016-03-01,-0.0000158730
2016-03-02,-0.0000158730
2016-03-03,-0.0000158730
2016-03-04,-0.0000158730
2016-03-07,-0.0000158730
2016-03-08,-0.0000158730
2016-03-09,-0.0000158730
2016-03-10,-0.0000158730
2016-03-11,-0.0000158730
2016-03-14,-0.0000158730
2016-03-15,-0.0000158730
2016-03-16,-0.0000158730
2016-03-17,-0.0000158730
2016-03-18,-0.0000158730
2016-03-21,-0.0000158730
2016-03-22,-0.0000158730
2016-03-23,-0.0000158730
2016-03-24,-0.0000158730
2016-03-28,-0.0000158730
2016-03-29,-0.0000158730
2016-03-30,-0.0000158730
2016-03-31,-0.0000158730
2016-04-01,-0.0000158730
2016-04-04,-0.0000158730
2016-04-05,-0.0000158730
2016-04-06,-0.0000158730
2016-04-07,-0.0000158730
2016-04-08,-0.0000158730
2016-04-11,-0.0000158730
2016-04-12,-0.0000158730
2016-04-13,-0.0000158730
2016-04-14,-0.0000158730
2016-04-15,-0.0000158730
2016-04-18,-0.0000158730
2016-04-19,-0.0000158730
2016-04-20,-0.0000158730
2016-04-21,-0.0000158730
2016-04-22,-0.0000158730
2016-04-25,-0.0000158730
2016-04-26,-0.0000158730
2016-04-27,-0.0000158730
2016-04-28,-0.0000158730
2016-04-29,-0.0000158730
2016-05-02,0.0103581270
2016-05-03,-0.0139808730
2016-05-04,-0.0087938730
2016-05-05,-0.0010798730
2016-05-06,0.0050381270
2016-05-09,0.0006491270
2016-05-10,0.0167421270
2016-05-11,-0.0118528730
2016-05-12,-0.0014788730
2016-05-13,-0.0109218730
2016-05-16,0.0131511270
2016-05-17,-0.0126508730
2016-05-18,0.0013141270
2016-05-19,-0.0042718730
2016-05-20,0.0099591270
2016-05-23,-0.0025428730
2016-05-24,0.0190031270
2016-05-25,0.0094271270
2016-05-26,-0.0005478730
2016-05-27,0.0063681270
2016-05-31,-0.0001488730
2016-06-01,0.0026441270
2016-06-02,0.0046391270
2016-06-03,-0.0050698730
2016-06-06,0.0079641270
2016-06-07,0.0015801270
2016-06-08,0.0049051270
2016-06-09,-0.0036068730
2016-06-10,-0.0139808730
2016-06-13,-0.0111878730
2016-06-14,-0.0025428730
2016-06-15,-0.0014788730
2016-06-16,0.0031761270
2016-06-17,-0.0040058730
2016-06-20,0.0094271270
2016-06-21,0.0027771270
2016-06-22,-0.0026758730
2016-06-23,0.0192691270
2016-06-24,-0.0490928730
2016-06-27,-0.0182363589
2016-06-28,0.0149165282
2016-06-29,0.0142915624
2016-06-30,0.0109374205
2016-07-01,0.0018452663
2016-07-05,-0.0068422069
2016-07-06,0.0051493899
2016-07-07,0.0001573649
2016-07-08,0.0144185418
2016-07-11,0.0037371883
2016-07-12,0.0070019004
2016-07-13,-0.0004050780
2016-07-14,0.0051663302
2016-07-15,-0.0005472119
2016-07-18,0.0026454130
2016-07-19,-0.0025730576
2016-07-20,0.0057692927
2016-07-21,-0.0047982190
2016-07-22,0.0061825384
2016-07-25,-0.0036068730
2016-07-26,0.0017131270
2016-07-27,-0.0018778730
2016-07-28,0.0025111270
2016-07-29,0.0022451270
2016-08-01,-0.0021438730
2016-08-02,-0.0093258730
2016-08-03,0.0059691270
2016-08-04,0.0006491270
2016-08-05,0.0122201270
2016-08-08,-0.0008138730
2016-08-09,0.0006491270
2016-08-10,-0.0038728730
2016-08-11,0.0071661270
2016-08-12,-0.0008138730
2016-08-15,0.0050381270
2016-08-16,-0.0075968730
2016-08-17,0.0015801270
2016-08-18,0.0042401270
2016-08-19,-0.0014788730
2016-08-22,-0.0002818730
2016-08-23,0.0034421270
2016-08-24,-0.0073308730
2016-08-25,-0.0010798730
2016-08-26,-0.0020108730
2016-08-29,0.0070331270
2016-08-30,-0.0018778730
2016-08-31,-0.0032078730
2016-09-01,0.0003831270
2016-09-02,0.0070331270
2016-09-06,0.0035751270
2016-09-07,0.0011811270
2016-09-08,-0.0024098730
2016-09-09,-0.0327338730
2016-09-12,0.0191361270
2016-09-13,-0.0184788110
2016-09-14,-0.0009553409
2016-09-15,0.0131515723
2016-09-16,-0.0043182839
2016-09-19,0.0006072051
2016-09-20,-0.0001463943
2016-09-21,0.0148801270
2016-09-22,0.0091900978
2016-09-23,-0.0078628730
2016-09-26,-0.0117198730
2016-09-27,0.0084961270
2016-09-28,0.0074321270
2016-09-29,-0.0130498730
2016-09-30,0.0116881270
2016-10-03,-0.0034738730
2016-10-04,-0.0060008730
2016-10-05,0.0076981270
2016-10-06,-0.0008138730
2016-10-07,-0.0050698730
2016-10-10,0.0069001270
2016-10-11,-0.0173058730
2016-10-12,0.0007821270
2016-10-13,-0.0054688730
2016-10-14,0.0001171270
2016-10-17,-0.0038728730
2016-10-18,0.0079641270
2016-10-19,0.0031761270
2016-10-20,-0.0021438730
2016-10-21,0.0002501270
2016-10-24,0.0071661270
2016-10-25,-0.0061338730
2016-10-26,-0.0030748730
2016-10-27,-0.0042718730
2016-10-28,-0.0038728730
2016-10-31,0.0002501270
2016-11-01,-0.0090598730
2016-11-02,-0.0097248730
2016-11-03,-0.0053358730
2016-11-04,-0.0016118730
2016-11-07,0.0297761270
2016-11-08,0.0053041270
2016-11-09,0.0192691270
2016-11-10,0.0041490797
2016-11-11,0.0023781270
2016-11-14,0.0026441270
2016-11-15,0.0106241270
2016-11-16,-0.0016118730
2016-11-17,0.0074321270
2016-11-18,-0.0021438730
2016-11-21,0.0102251270
2016-11-22,0.0041071270
2016-11-23,0.0019791270
2016-11-25,0.0053041270
2016-11-28,-0.0085278730
2016-11-29,0.0015801270
2016-11-30,-0.0033408730
2016-12-01,-0.0048038730
2016-12-02,-0.0000158730
2016-12-05,0.0099591270
2016-12-06,0.0062351270
2016-12-07,0.0167421270
2016-12-08,0.0047721270
2016-12-09,0.0061021270
2016-12-12,-0.0040058730
2016-12-13,0.0079641270
2016-12-14,-0.0109218730
2016-12-15,0.0061021270
2016-12-16,-0.0029418730
2016-12-19,0.0029101270
2016-12-20,0.0058361270
2016-12-21,-0.0032078730
2016-12-22,-0.0040058730
2016-12-23,0.0025111270
2016-12-27,0.0035751270
2016-12-28,-0.0115868730
2016-12-29,-0.0005478730
2016-12-30,-0.0069318730
2017-01-03,0.0110231270
2017-01-04,0.0104911270
2017-01-05,-0.0028088730
2017-01-06,0.0038411270
2017-01-09,-0.0049368730
2017-01-10,0.0021121270
2017-01-11,0.0041071270
2017-01-12,-0.0040058730
2017-01-13,0.0038411270
2017-01-17,-0.0065328730
2017-01-18,0.0031761270
2017-01-19,-0.0050698730
2017-01-20,0.0043731270
2017-01-23,-0.0038728730
2017-01-24,0.0108901270
2017-01-25,0.0111561270
2017-01-26,-0.0013458730
2017-01-27,-0.0016118730
2017-01-30,-0.0090598730
2017-01-31,-0.0000158730
2017-02-01,0.0003831270
2017-02-02,-0.0002818730
2017-02-03,0.0108901270
2017-02-06,-0.0036068730
2017-02-07,-0.0000158730
2017-02-08,0.0009151270
2017-02-09,0.0094271270
2017-02-10,0.0049051270
2017-02-13,0.0065011270
2017-02-14,0.0059691270
2017-02-15,0.0070331270
2017-02-16,-0.0021438730
2017-02-17,0.0026441270
2017-02-21,0.0079641270
2017-02-22,-0.0020108730
2017-02-23,-0.0016118730
2017-02-24,0.0019791270
2017-02-27,0.0027771270
2017-02-28,-0.0056018730
2017-03-01,0.0195351270
2017-03-02,-0.0091928730
2017-03-03,0.0010481270
2017-03-06,-0.0049368730
2017-03-07,-0.0046708730
2017-03-08,-0.0025428730
2017-03-09,0.0006491270
2017-03-10,0.0045061270
2017-03-13,0.0017131270
2017-03-14,-0.0048038730
2017-03-15,0.0114221270
2017-03-16,-0.0009468730
2017-03-17,-0.0010798730
2017-03-20,-0.0033408730
2017-03-21,-0.0198328730
2017-03-22,0.0021121270
2017-03-23,-0.0004148730
2017-03-24,-0.0006808730
2017-03-27,-0.0006808730
2017-03-28,0.0096931270
2017-03-29,0.0023781270
2017-03-30,0.0047721270
2017-03-31,-0.0021438730
2017-04-03,-0.0037398730
2017-04-04,0.0006491270
2017-04-05,-0.0058678730
2017-04-06,0.0041071270
2017-04-07,-0.0010798730
2017-04-10,0.0010481270
2017-04-11,-0.0006808730
2017-04-12,-0.0065328730
2017-04-13,-0.0099908730
2017-04-17,0.0118211270
2017-04-18,-0.0033408730
2017-04-19,-0.0010798730
2017-04-20,0.0110231270
2017-04-21,-0.0037398730
2017-04-24,0.0156781270
2017-04-25,0.0087621270
2017-04-26,0.0005161270
2017-04-27,0.0006491270
2017-04-28,-0.0040058730
2017-05-01,0.0027771270
2017-05-02,0.0003831270
2017-05-03,-0.0025428730
2017-05-04,0.0002501270
2017-05-05,0.0061021270
2017-05-08,-0.0005478730
2017-05-09,-0.0006808730
2017-05-10,0.0026441270
2017-05-11,-0.0033408730
2017-05-12,-0.0024098730
2017-05-15,0.0070331270
2017-05-16,-0.0004148730
2017-05-17,-0.0262168730
2017-05-18,0.0053041270
2017-05-19,0.0092941270
2017-05-22,0.0074321270
2017-05-23,0.0023781270
2017-05-24,0.0031761270
2017-05-25,0.0055701270
2017-05-26,0.0007821270
2017-05-30,-0.0025428730
2017-05-31,-0.0002818730
2017-06-01,0.0124861270
2017-06-02,0.0046391270
2017-06-05,-0.0022768730
2017-06-06,-0.0037398730
2017-06-07,0.0019791270
2017-06-08,0.0023781270
2017-06-09,-0.0016118730
2017-06-12,-0.0016118730
2017-06-13,0.0072991270
2017-06-14,-0.0022768730
2017-06-15,-0.0040058730
2017-06-16,-0.0005478730
2017-06-19,0.0114221270
2017-06-20,-0.0097248730
2017-06-21,-0.0009468730
2017-06-22,0.0002501270
2017-06-23,0.0031761270
2017-06-26,0.0005161270
2017-06-27,-0.0113208730
2017-06-28,0.0134171270
2017-06-29,-0.0110548730
2017-06-30,0.0018461270
2017-07-03,0.0030431270
2017-07-05,0.0015801270
2017-07-06,-0.0126508730
2017-07-07,0.0091611270
2017-07-10,0.0006491270
2017-07-11,-0.0000158730
2017-07-12,0.0095601270
2017-07-13,0.0022451270
2017-07-14,0.0055701270
2017-07-17,-0.0000158730
2017-07-18,0.0005161270
2017-07-19,0.0078311270
2017-07-20,-0.0001488730
2017-07-21,-0.0010798730
2017-07-24,-0.0004148730
2017-07-25,0.0050381270
2017-07-26,-0.0008138730
2017-07-27,-0.0018778730
2017-07-28,-0.0022768730
2017-07-31,-0.0014788730
2017-08-01,0.0031761270
2017-08-02,-0.0010798730
2017-08-03,-0.0028088730
2017-08-04,0.0033091270
2017-08-07,0.0021121270
2017-08-08,-0.0030748730
2017-08-09,-0.0018778730
2017-08-10,-0.0198328730
2017-08-11,0.0025111270
2017-08-14,0.0136831270
2017-08-15,-0.0014788730
2017-08-16,0.0023781270
2017-08-17,-0.0212958730
2017-08-18,-0.0020108730
2017-08-21,0.0007821270
2017-08-22,0.0142151270
2017-08-23,-0.0042718730
2017-08-24,-0.0020108730
2017-08-25,0.0023781270
2017-08-28,0.0010481270
2017-08-29,0.0013141270
2017-08-30,0.0070331270
2017-08-31,0.0082301270
2017-09-01,0.0037081270
2017-09-05,-0.0106558730
2017-09-06,0.0037081270
2017-09-07,-0.0009468730
2017-09-08,-0.0022768730
2017-09-11,0.0142151270
2017-09-12,0.0055701270
2017-09-13,0.0013141270
2017-09-14,-0.0017448730
2017-09-15,0.0025111270
2017-09-18,0.0031761270
2017-09-19,0.0019791270
2017-09-20,0.0019791270
2017-09-21,-0.0037398730
2017-09-22,0.0017131270
2017-09-25,-0.0034738730
2017-09-26,0.0007821270
2017-09-27,0.0083631270
2017-09-28,0.0017131270
2017-09-29,0.0046391270
2017-10-02,0.0066341270
2017-10-03,0.0034421270
2017-10-04,0.0006491270
2017-10-05,0.0072991270
2017-10-06,-0.0010798730
2017-10-09,-0.0030748730
2017-10-10,0.0031761270
2017-10-11,0.0021121270
2017-10-12,-0.0024098730
2017-10-13,0.0005161270
2017-10-16,0.0022451270
2017-10-17,0.0001171270
2017-10-18,0.0018461270
2017-10-19,0.0002501270
2017-10-20,0.0075651270
2017-10-23,-0.0060008730
2017-10-24,0.0026441270
2017-10-25,-0.0066658730
2017-10-26,0.0026441270
2017-10-27,0.0108901270
2017-10-30,-0.0061338730
2017-10-31,0.0030431270
2017-11-01,0.0006491270
2017-11-02,0.0007821270
2017-11-03,0.0039741270
2017-11-06,0.0007821270
2017-11-07,-0.0026758730
2017-11-08,0.0015801270
2017-11-09,-0.0054688730
2017-11-10,0.0001171270
2017-11-13,0.0011811270
2017-11-14,-0.0029418730
2017-11-15,-0.0069318730
2017-11-16,0.0134171270
2017-11-17,-0.0018778730
2017-11-20,0.0027771270
2017-11-21,0.0088951270
2017-11-22,-0.0006808730
2017-11-24,0.0027771270
2017-11-27,-0.0008138730
2017-11-28,0.0140821270
2017-11-29,0.0002501270
2017-11-30,0.0108901270
2017-12-01,-0.0029418730
2017-12-04,-0.0014788730
2017-12-05,-0.0056018730
2017-12-06,-0.0012128730
2017-12-07,0.0055701270
2017-12-08,0.0067671270
2017-12-11,0.0035751270
2017-12-12,0.0009151270
2017-12-13,0.0002501270
2017-12-14,-0.0062668730
2017-12-15,0.0122201270
2017-12-18,0.0087621270
2017-12-19,-0.0040058730
2017-12-20,0.0001171270
2017-12-21,0.0031761270
2017-12-22,-0.0009468730
2017-12-26,-0.0009468730
2017-12-27,0.0006491270
2017-12-28,0.0029101270
2017-12-29,-0.0075968730
2018-01-02,0.0112891270
2018-01-03,0.0078311270
2018-01-04,0.0055701270
2018-01-05,0.0087621270
2018-01-08,0.0025111270
2018-01-09,0.0019791270
2018-01-10,-0.0009468730
2018-01-11,0.0114221270
2018-01-12,0.0087621270
2018-01-16,-0.0065328730
2018-01-17,0.0126191270
2018-01-18,-0.0024098730
2018-01-19,0.0075651270
2018-01-22,0.0102251270
2018-01-23,0.0029101270
2018-01-24,-0.0017448730
2018-01-25,0.0009151270
2018-01-26,0.0147471270
2018-01-29,-0.0082618730
2018-01-30,-0.0141138730
2018-01-31,-0.0009468730
2018-02-01,0.0003831270
2018-02-02,-0.0283448730
2018-02-05,-0.0530435726
2018-02-06,0.0134178031
2018-02-07,-0.0029262323
2018-02-08,-0.0294717282
2018-02-09,0.0092861486
2018-02-12,0.0091023537
2018-02-13,0.0020603722
2018-02-14,0.0106025394
2018-02-15,0.0084883119
2018-02-16,0.0001974815
2018-02-20,-0.0046377572
2018-02-21,-0.0034217233
2018-02-22,0.0000649169
2018-02-23,0.0130254299
2018-02-26,0.0093459262
2018-02-27,-0.0106980975
2018-02-28,-0.0094453696
2018-03-01,-0.0102452701
2018-03-02,0.0060777780
2018-03-05,0.0095642898
2018-03-06,0.0032433564
2018-03-07,0.0004571936
2018-03-08,0.0036536558
2018-03-09,0.0177033658
2018-03-12,-0.0009068995
2018-03-13,-0.0069420044
2018-03-14,-0.0055931270
2018-03-15,-0.0018589090
2018-03-16,0.0028181779
2018-03-19,-0.0162649826
2018-03-20,0.0015652020
2018-03-21,-0.0008429586
2018-03-22,-0.0314739833
2018-03-23,-0.0209605813
2018-03-26,0.0250422129
2018-03-27,-0.0144843670
2018-03-28,-0.0026899025
2018-03-29,0.0112760168
2018-04-02,-0.0181140227
2018-04-03,0.0093766184
2018-04-04,0.0087513536
2018-04-05,0.0056607611
2018-04-06,-0.0171471810
2018-04-09,0.0022198644
2018-04-10,0.0137410182
2018-04-11,-0.0037185074
2018-04-12,0.0066028708
2018-04-13,-0.0030212646
2018-04-16,0.0069369687
2018-04-17,0.0095111376
2018-04-18,0.0011431866
2018-04-19,-0.0045951163
2018-04-20,-0.0078429146
2018-04-23,-0.0005083457
2018-04-24,-0.0134349934
2018-04-25,0.0011012629
2018-04-26,0.0100809548
2018-04-27,0.0000909709
2018-04-30,-0.0090877153
2018-05-01,0.0028322782
2018-05-02,-0.0073861910
2018-05-03,-0.0030772869
2018-05-04,0.0166471230
2018-05-07,0.0049396084
2018-05-08,0.0008640966
2018-05-09,0.0118437428
2018-05-10,0.0112336998
2018-05-11,0.0025111270
2018-05-14,0.0006491270
2018-05-15,-0.0073308730
2018-05-16,0.0066341270
2018-05-17,0.0001171270
2018-05-18,-0.0030748730
2018-05-21,0.0095601270
2018-05-22,-0.0056018730
2018-05-23,0.0038411270
2018-05-24,-0.0021438730
2018-05-25,-0.0029418730
2018-05-29,-0.0137148730
2018-05-30,0.0174071270
2018-05-31,-0.0093258730
2018-06-01,0.0140821270
2018-06-04,0.0063681270
2018-06-05,0.0021121270
2018-06-06,0.0114221270
2018-06-07,-0.0018778730
2018-06-08,0.0041071270
2018-06-11,0.0015801270
2018-06-12,0.0030431270
2018-06-13,-0.0044048730
2018-06-14,0.0037081270
2018-06-15,-0.0009468730
2018-06-18,-0.0012128730
2018-06-19,-0.0050698730
2018-06-20,0.0030431270
2018-06-21,-0.0097248730
2018-06-22,0.0014471270
2018-06-25,-0.0196998730
2018-06-26,0.0035751270
2018-06-27,-0.0135818730
2018-06-28,0.0076981270
2018-06-29,0.0007821270
2018-07-02,0.0047721270
2018-07-03,-0.0058678730
2018-07-05,0.0115551270
2018-07-06,0.0116881270
2018-07-09,0.0123531270
2018-07-10,0.0027771270
2018-07-11,-0.0093258730
2018-07-12,0.0112891270
2018-07-13,0.0010481270
2018-07-16,-0.0021438730
2018-07-17,0.0063681270
2018-07-18,0.0034421270
2018-07-19,-0.0045378730
2018-07-20,-0.0013458730
2018-07-23,0.0021121270
2018-07-24,0.0029101270
2018-07-25,0.0110231270
2018-07-26,-0.0028088730
2018-07-27,-0.0109218730
2018-07-30,-0.0093258730
2018-07-31,0.0067671270
2018-08-01,-0.0017448730
2018-08-02,0.0088951270
2018-08-03,0.0041071270
2018-08-06,0.0061021270
2018-08-07,0.0038411270
2018-08-08,-0.0005478730
2018-08-09,-0.0006808730
2018-08-10,-0.0079958730
2018-08-13,-0.0061338730
2018-08-14,0.0091611270
2018-08-15,-0.0121188730
2018-08-16,0.0114221270
2018-08-17,0.0039741270
2018-08-20,0.0033091270
2018-08-21,0.0043731270
2018-08-22,0.0006491270
2018-08-23,-0.0025428730
2018-08-24,0.0082301270
2018-08-27,0.0098261270
2018-08-28,-0.0001488730
2018-08-29,0.0074321270
2018-08-30,-0.0054688730
2018-08-31,0.0010481270
2018-09-04,-0.0014788730
2018-09-05,-0.0054688730
2018-09-06,-0.0058678730
2018-09-07,-0.0024098730
2018-09-10,0.0030431270
2018-09-11,0.0049051270
2018-09-12,0.0003831270
2018-09-13,0.0059691270
2018-09-14,0.0015801270
2018-09-17,-0.0095918730
2018-09-18,0.0075651270
2018-09-19,0.0006491270
2018-09-20,0.0102251270
2018-09-21,-0.0017448730
2018-09-24,-0.0041388730
2018-09-25,-0.0006808730
2018-09-26,-0.0053358730
2018-09-27,0.0035751270
2018-09-28,-0.0004148730
2018-10-01,0.0021121270
2018-10-02,-0.0028088730
2018-10-03,0.0026441270
2018-10-04,-0.0123848730
2018-10-05,-0.0085278730
2018-10-08,-0.0024098730
2018-10-09,-0.0024098730
2018-10-10,-0.0443048730
2018-10-11,-0.0217618884
2018-10-12,0.0146461290
2018-10-15,-0.0046630255
2018-10-16,0.0228096306
2018-10-17,-0.0007927406
2018-10-18,-0.0139491009
2018-10-19,-0.0021699978
2018-10-22,-0.0035910268
2018-10-23,-0.0061277520
2018-10-24,-0.0342818480
2018-10-25,0.0159399523
2018-10-26,-0.0125021421
2018-10-29,-0.0058450373
2018-10-30,0.0133067316
2018-10-31,0.0092133540
2018-11-01,0.0098365759
2018-11-02,-0.0040819584
2018-11-05,0.0031840237
2018-11-06,0.0047390131
2018-11-07,0.0183544133
2018-11-08,-0.0023004422
2018-11-09,-0.0088592664
2018-11-12,-0.0177143259
2018-11-13,-0.0010674268
2018-11-14,-0.0066295552
2018-11-15,0.0103600552
2018-11-16,0.0012990318
2018-11-19,-0.0172681463
2018-11-20,-0.0162287291
2018-11-21,0.0043553739
2018-11-23,-0.0048599928
2018-11-26,0.0149108986
2018-11-27,0.0009425474
2018-11-28,0.0220507063
2018-11-29,-0.0018022276
2018-11-30,0.0066898268
2018-12-03,0.0099117996
2018-12-04,-0.0310607129
2018-12-06,-0.0011384675
2018-12-07,-0.0173716612
2018-12-10,0.0006881355
2018-12-11,-0.0006045128
2018-12-12,0.0052252547
2018-12-13,-0.0020783656
2018-12-14,-0.0157288175
2018-12-17,-0.0173487731
2018-12-18,-0.0002540029
2018-12-19,-0.0130980016
2018-12-20,-0.0136530986
2018-12-21,-0.0185448941
2018-12-24,-0.0216714333
2018-12-26,0.0418563644
2018-12-27,0.0040360956
2018-12-28,-0.0001770738
2018-12-31,0.0050497967
2019-01-02,-0.0000158730
2019-01-03,-0.0000158730
2019-01-04,-0.0000158730
2019-01-07,-0.0000158730
2019-01-08,-0.0000158730
2019-01-09,-0.0000158730
2019-01-10,-0.0000158730
2019-01-11,-0.0000158730
2019-01-14,-0.0000158730
2019-01-15,-0.0000158730
2019-01-16,-0.0000158730
2019-01-17,-0.0000158730
2019-01-18,-0.0000158730
2019-01-22,-0.0000158730
2019-01-23,-0.0000158730
2019-01-24,-0.0000158730
2019-01-25,-0.0000158730
2019-01-28,-0.0000158730
2019-01-29,-0.0000158730
2019-01-30,-0.0000158730
2019-01-31,-0.0000158730
2019-02-01,0.0012229951
2019-02-04,0.0072681235
2019-02-05,0.0044517535
2019-02-06,-0.0023022325
2019-02-07,-0.0104903939
2019-02-08,0.0010903956
2019-02-11,0.0016070956
2019-02-12,0.0165095260
2019-02-13,0.0033073685
2019-02-14,-0.0025041213
2019-02-15,0.0145315516
2019-02-19,0.0024327124
2019-02-20,0.0025111270
2019-02-21,-0.0049368730
2019-02-22,0.0086291270
2019-02-25,0.0019791270
2019-02-26,-0.0021438730
2019-02-27,0.0013141270
2019-02-28,-0.0041388730
2019-03-01,0.0095601270
2019-03-04,-0.0069318730
2019-03-05,-0.0022768730
2019-03-06,-0.0111878730
2019-03-07,-0.0109218730
2019-03-08,-0.0029418730
2019-03-11,0.0198011270
2019-03-12,0.0033091270
2019-03-13,0.0088951270
2019-03-14,-0.0013458730
2019-03-15,0.0063681270
2019-03-18,0.0061021270
2019-03-19,-0.0012128730
2019-03-20,-0.0049368730
2019-03-21,0.0146141270
2019-03-22,-0.0288768730
2019-03-25,-0.0006235033
2019-03-26,0.0096649472
2019-03-27,-0.0064650059
2019-03-28,0.0052942790
2019-03-29,0.0087621270
2019-04-01,0.0158111270
2019-04-02,-0.0006808730
2019-04-03,0.0035751270
2019-04-04,0.0025111270
2019-04-05,0.0070331270
2019-04-08,0.0010481270
2019-04-09,-0.0086608730
2019-04-10,0.0063681270
2019-04-11,-0.0000158730
2019-04-12,0.0084961270
2019-04-15,-0.0012128730
2019-04-16,0.0017131270
2019-04-17,-0.0042718730
2019-04-18,0.0014471270
2019-04-22,0.0014471270
2019-04-23,0.0128851270
2019-04-24,-0.0029418730
2019-04-25,-0.0018778730
2019-04-26,0.0070331270
2019-04-29,0.0023781270
2019-04-30,-0.0005478730
2019-05-01,-0.0110548730
2019-05-02,-0.0021438730
2019-05-03,0.0150131270
2019-05-06,-0.0052028730
2019-05-07,-0.0224928730
2019-05-08,-0.0028088730
2019-05-09,-0.0037398730
2019-05-10,0.0046391270
2019-05-13,-0.0352608730
2019-05-14,0.0103564036
2019-05-15,0.0064806913
2019-05-16,0.0103925463
2019-05-17,-0.0081300609
2019-05-20,-0.0076336880
2019-05-21,0.0108685703
2019-05-22,-0.0048183892
2019-05-23,-0.0171434464
2019-05-24,0.0027457437
2019-05-28,-0.0097418640
2019-05-29,-0.0090965732
2019-05-30,0.0018337772
2019-05-31,-0.0182368730
2019-06-03,-0.0045113907
2019-06-04,0.0308401270
2019-06-05,0.0072087895
2019-06-06,0.0057969444
2019-06-07,0.0113593709
2019-06-10,0.0059205822
2019-06-11,-0.0013884967
2019-06-12,-0.0024046608
2019-06-13,0.0064558352
2019-06-14,-0.0035050111
2019-06-17,0.0019791270
2019-06-18,0.0138161270
2019-06-19,0.0042401270
2019-06-20,0.0119541270
2019-06-21,-0.0028088730
2019-06-24,-0.0046708730
2019-06-25,-0.0130498730
2019-06-26,-0.0009468730
2019-06-27,0.0078311270
2019-06-28,0.0090281270
2019-07-01,0.0099591270
2019-07-02,0.0018461270
2019-07-03,0.0104911270
2019-07-05,-0.0013458730
2019-07-08,-0.0077298730
2019-07-09,0.0025111270
2019-07-10,0.0053041270
2019-07-11,0.0025111270
2019-07-12,0.0070331270
2019-07-15,-0.0006808730
2019-07-16,-0.0042718730
2019-07-17,-0.0085278730
2019-07-18,0.0046391270
2019-07-19,-0.0075968730
2019-07-22,0.0033091270
2019-07-23,0.0084961270
2019-07-24,0.0087621270
2019-07-25,-0.0083948730
2019-07-26,0.0108901270
2019-07-29,-0.0042718730
2019-07-30,-0.0022768730
2019-07-31,-0.0146458730
2019-08-01,-0.0138478730
2019-08-02,-0.0115868730
2019-08-05,-0.0408468730
2019-08-06,0.0137642409
2019-08-07,0.0006851350
2019-08-08,0.0205678207
2019-08-09,-0.0072542514
2019-08-12,-0.0125540004
2019-08-13,0.0140829667
2019-08-14,-0.0271758063
2019-08-15,0.0013202738
2019-08-16,0.0126821764
2019-08-19,0.0090573791
2019-08-20,-0.0060566385
2019-08-21,0.0070694303
2019-08-22,-0.0008714403
2019-08-23,-0.0238642010
2019-08-26,0.0085273856
2019-08-27,-0.0036877308
2019-08-28,0.0056590194
2019-08-29,0.0115926497
2019-08-30,0.0002408979
2019-09-03,-0.0077316002
2019-09-04,0.0099038595
2019-09-05,0.0131659920
2019-09-06,-0.0002002519
2019-09-09,0.0006596487
2019-09-10,0.0016020818
2019-09-11,0.0092061183
2019-09-12,0.0023801033
2019-09-13,-0.0002441951
2019-09-16,-0.0027603152
2019-09-17,0.0020899509
2019-09-18,-0.0005352601
2019-09-19,-0.0006808730
2019-09-20,-0.0063998730
2019-09-23,-0.0002818730
2019-09-24,-0.0133158730
2019-09-25,0.0091611270
2019-09-26,-0.0053358730
2019-09-27,-0.0082618730
2019-09-30,0.0066341270
2019-10-01,-0.0174388730
2019-10-02,-0.0230248730
2019-10-03,0.0102465252
2019-10-04,0.0174992070
2019-10-07,-0.0047942657
2019-10-08,-0.0195486591
2019-10-09,0.0104273721
2019-10-10,0.0067313909
2019-10-11,0.0141612511
2019-10-14,-0.0020380536
2019-10-15,0.0120778356
2019-10-16,-0.0028368714
2019-10-17,0.0045101456
2019-10-18,-0.0062749808
2019-10-21,0.0092805893
2019-10-22,-0.0045378730
2019-10-23,0.0033091270
2019-10-24,0.0033091270
2019-10-25,0.0066341270
2019-10-28,0.0082301270
2019-10-29,-0.0017448730
2019-10-30,0.0037081270
2019-10-31,-0.0050698730
2019-11-01,0.0142151270
2019-11-04,0.0051711270
2019-11-05,-0.0004148730
2019-11-06,-0.0006808730
2019-11-07,0.0050381270
2019-11-08,0.0041071270
2019-11-11,-0.0025428730
2019-11-12,0.0021121270
2019-11-13,0.0001171270
2019-11-14,0.0009151270
2019-11-15,0.0098261270
2019-11-18,0.0003831270
2019-11-19,0.0002501270
2019-11-20,-0.0044048730
2019-11-21,-0.0020108730
2019-11-22,0.0031761270
2019-11-25,0.0122201270
2019-11-26,0.0025111270
2019-11-27,0.0058361270
2019-11-29,-0.0056018730
2019-12-02,-0.0115868730
2019-12-03,-0.0087938730
2019-12-04,0.0079641270
2019-12-05,0.0017131270
2019-12-06,0.0120871270
2019-12-09,-0.0044048730
2019-12-10,-0.0010798730
2019-12-11,0.0037081270
2019-12-12,0.0119541270
2019-12-13,-0.0004148730
2019-12-16,0.0098261270
2019-12-17,0.0013141270
2019-12-18,-0.0006808730
2019-12-19,0.0057031270
2019-12-20,0.0063681270
2019-12-23,0.0013141270
2019-12-24,0.0001171270
2019-12-26,0.0065011270
2019-12-27,-0.0012128730
2019-12-30,-0.0075968730
2019-12-31,0.0037081270
2020-01-02,0.0114221270
2020-01-03,-0.0089268730
2020-01-06,0.0047721270
2020-01-07,-0.0025428730
2020-01-08,0.0062351270
2020-01-09,0.0086291270
2020-01-10,-0.0045378730
2020-01-13,0.0096931270
2020-01-14,-0.0008138730
2020-01-15,0.0021121270
2020-01-16,0.0116881270
2020-01-17,0.0037081270
2020-01-21,-0.0042718730
2020-01-22,0.0010481270
2020-01-23,0.0010481270
2020-01-24,-0.0129168730
2020-01-27,-0.0207638730
2020-01-28,0.0135501270
2020-01-29,-0.0013458730
2020-01-30,0.0045061270
2020-01-31,-0.0231578730
2020-02-03,0.0111561270
2020-02-04,0.0208651270
2020-02-05,0.0118247664
2020-02-06,0.0033079090
2020-02-07,-0.0071105129
2020-02-10,0.0095368626
2020-02-11,0.0035751270
2020-02-12,0.0087621270
2020-02-13,-0.0012128730
2020-02-14,0.0018461270
2020-02-18,-0.0025428730
2020-02-19,0.0079641270
2020-02-20,-0.0046708730
2020-02-21,-0.0149118730
2020-02-24,-0.0451028730
2020-02-25,-0.0286950472
2020-02-26,-0.0041544253
2020-02-27,-0.0352218144
2020-02-28,-0.0052721590
2020-03-02,0.0304259354
2020-03-03,-0.0148353847
2020-03-04,0.0211416791
2020-03-05,-0.0156049519
2020-03-06,-0.0080234474
2020-03-09,-0.0363077851
2020-03-10,0.0172365753
2020-03-11,-0.0167113703
2020-03-12,-0.0311239450
2020-03-13,0.0245119800
2020-03-16,-0.0270379503
2020-03-17,0.0115423719
2020-03-18,-0.0106350327
2020-03-19,0.0025451580
2020-03-20,-0.0084263839
2020-03-23,-0.0053929728
2020-03-24,0.0205186301
2020-03-25,0.0022537501
2020-03-26,0.0121915539
2020-03-27,-0.0069855310
2020-03-30,0.0065230158
2020-03-31,-0.0030770363
2020-04-01,-0.0000158730
2020-04-02,-0.0000158730
2020-04-03,-0.0000158730
2020-04-06,-0.0000158730
2020-04-07,-0.0000158730
2020-04-08,-0.0000158730
2020-04-09,-0.0000158730
2020-04-13,-0.0000158730
2020-04-14,-0.0000158730
2020-04-15,-0.0000158730
2020-04-16,-0.0000158730
2020-04-17,-0.0000158730
2020-04-20,-0.0000158730
2020-04-21,-0.0000158730
2020-04-22,-0.0000158730
2020-04-23,-0.0000158730
2020-04-24,-0.0000158730
2020-04-27,-0.0000158730
2020-04-28,-0.0000158730
2020-04-29,-0.0000158730
2020-04-30,-0.0000158730
2020-05-01,-0.0118851348
2020-05-04,0.0021471772
2020-05-05,0.0039706003
2020-05-06,-0.0022959726
2020-05-07,0.0060691915
2020-05-08,0.0090147468
2020-05-11,0.0002772652
2020-05-12,-0.0106019376
2020-05-13,-0.0096009904
2020-05-14,0.0058645700
2020-05-15,0.0030032069
2020-05-18,0.0179364646
2020-05-19,-0.0053511412
2020-05-20,0.0097482806
2020-05-21,-0.0039614364
2020-05-22,0.0015342672
2020-05-26,0.0073862157
2020-05-27,0.0095985633
2020-05-28,-0.0026525741
2020-05-29,0.0039116241
2020-06-01,0.0035414726
2020-06-02,0.0059062160
2020-06-03,0.0107637240
2020-06-04,-0.0026926309
2020-06-05,0.0202440825
2020-06-08,0.0104853629
2020-06-09,-0.0069582689
2020-06-10,-0.0044148517
2020-06-11,-0.0481476498
2020-06-12,0.0063970041
2020-06-15,0.0055185648
2020-06-16,0.0099795122
2020-06-17,-0.0022326613
2020-06-18,0.0009992065
2020-06-19,-0.0026759738
2020-06-22,0.0043593305
2020-06-23,0.0026215302
2020-06-24,-0.0176718337
2020-06-25,0.0070822442
2020-06-26,-0.0157173987
2020-06-29,0.0093051153
2020-06-30,0.0099052665
2020-07-01,0.0025915038
2020-07-02,0.0033803207
2020-07-06,0.0115496547
2020-07-07,-0.0071299054
2020-07-08,0.0063543123
2020-07-09,-0.0040328899
2020-07-10,0.0085286829
2020-07-13,-0.0094506293
2020-07-14,0.0107705086
2020-07-15,0.0091587368
2020-07-16,-0.0031644077
2020-07-17,0.0025571647
2020-07-20,0.0092442426
2020-07-21,0.0013746063
2020-07-22,0.0048370902
2020-07-23,-0.0122121053
2020-07-24,-0.0072788738
2020-07-27,0.0087698392
2020-07-28,-0.0083186419
2020-07-29,0.0140740442
2020-07-30,-0.0029850142
2020-07-31,0.0065758186
2020-08-03,0.0107030828
2020-08-04,0.0041627114
2020-08-05,0.0092141474
2020-08-06,0.0064770822
2020-08-07,0.0002403961
2020-08-10,0.0030431270
2020-08-11,-0.0110548730
2020-08-12,0.0186041270
2020-08-13,-0.0002746591
2020-08-14,-0.0005478730
2020-08-17,0.0059691270
2020-08-18,0.0030431270
2020-08-19,-0.0050698730
2020-08-20,0.0041071270
2020-08-21,0.0034421270
2020-08-24,0.0122201270
2020-08-25,0.0046391270
2020-08-26,0.0132841270
2020-08-27,0.0023781270
2020-08-28,0.0092941270
2020-08-31,-0.0005478730
2020-09-01,0.0122201270
2020-09-02,0.0168751270
2020-09-03,-0.0492258730
2020-09-04,-0.0073254333
2020-09-08,-0.0252339573
2020-09-09,0.0154363727
2020-09-10,-0.0116383232
2020-09-11,-0.0003714239
2020-09-14,0.0117570190
2020-09-15,0.0041822924
2020-09-16,-0.0030830489
2020-09-17,-0.0068212549
2020-09-18,-0.0073654485
2020-09-21,-0.0091333156
2020-09-22,0.0088143222
2020-09-23,-0.0217307582
2020-09-24,0.0020797708
2020-09-25,0.0143112054
2020-09-28,0.0132000909
2020-09-29,-0.0033146141
2020-09-30,0.0064557150
2020-10-01,0.0065857371
2020-10-02,-0.0085151201
2020-10-05,0.0172152187
2020-10-06,-0.0108707564
2020-10-07,0.0154623141
2020-10-08,0.0065380694
2020-10-09,0.0079106860
2020-10-12,0.0135978585
2020-10-13,-0.0037604310
2020-10-14,-0.0059599638
2020-10-15,-0.0007592742
2020-10-16,-0.0005979017
2020-10-19,-0.0155222711
2020-10-20,0.0033375809
2020-10-21,-0.0035215510
2020-10-22,0.0068653658
2020-10-23,0.0040773328
2020-10-26,-0.0208384058
2020-10-27,-0.0023413418
2020-10-28,-0.0362191136
2020-10-29,0.0090465829
2020-10-30,-0.0116129871
2020-11-02,0.0094742094
2020-11-03,0.0155647454
2020-11-04,0.0172557652
2020-11-05,0.0154413312
2020-11-06,0.0000556304
2020-11-09,0.0061905977
2020-11-10,-0.0012638725
2020-11-11,0.0071335101
2020-11-12,-0.0079641782
2020-11-13,0.0111037528
2020-11-16,0.0105404612
2020-11-17,-0.0017942727
2020-11-18,-0.0086780527
2020-11-19,0.0053092928
2020-11-20,-0.0049087018
2020-11-23,0.0080609030
2020-11-24,0.0158865639
2020-11-25,0.0001855384
2020-11-27,0.0043959932
2020-11-30,-0.0057406921
2020-12-01,0.0110377967
2020-12-02,0.0012430066
2020-12-03,0.0020182116
2020-12-04,0.0126365741
2020-12-07,0.0002396525
2020-12-08,0.0062324590
2020-12-09,-0.0137148730
2020-12-10,0.0030905002
2020-12-11,-0.0024098730
2020-12-14,-0.0034738730
2020-12-15,0.0171411270
2020-12-16,0.0021121270
2020-12-17,0.0103581270
2020-12-18,-0.0018778730
2020-12-21,-0.0032078730
2020-12-22,0.0006491270
2020-12-23,0.0014471270
2020-12-24,0.0030431270
2020-12-28,0.0065011270
2020-12-29,-0.0052028730
2020-12-30,0.0035751270
2020-12-31,0.0053041270
2021-01-04,-0.0187688730
2021-01-05,0.0114221270
2021-01-06,0.0104911270
2021-01-07,0.0233921270
2021-01-08,0.0067671270
2021-01-11,-0.0069318730
2021-01-12,0.0049051270
2021-01-13,0.0007821270
2021-01-14,-0.0016118730
2021-01-15,-0.0114538730
2021-01-19,0.0122201270
2021-01-20,0.0168751270
2021-01-21,-0.0005478730
2021-01-22,-0.0009468730
2021-01-25,0.0038411270
2021-01-26,-0.0044048730
2021-01-27,-0.0336648730
2021-01-28,0.0103047453
2021-01-29,-0.0205345698
2021-02-01,0.0175091504
2021-02-02,0.0140589342
2021-02-03,0.0012921658
2021-02-04,0.0119325227
2021-02-05,0.0056187001
2021-02-08,0.0098968380
2021-02-09,0.0005159595
2021-02-10,-0.0009046761
2021-02-11,0.0022968919
2021-02-12,0.0059218156
2021-02-16,-0.0017897863
2021-02-17,-0.0026433827
2021-02-18,-0.0083948730
2021-02-19,0.0021121270
2021-02-22,-0.0147788730
2021-02-23,-0.0014788730
2021-02-24,0.0152791270
2021-02-25,-0.0361918730
2021-02-26,-0.0027766922
2021-03-01,0.0270454774
2021-03-02,-0.0090147372
2021-03-03,-0.0134766404
2021-03-04,-0.0143158047
2021-03-05,0.0158214362
2021-03-08,-0.0053549923
2021-03-09,0.0146561835
2021-03-10,0.0053394640
2021-03-11,0.0116883682
2021-03-12,0.0009021951
2021-03-15,0.0060192367
2021-03-16,-0.0037502519
2021-03-17,0.0031891687
2021-03-18,-0.0183811184
2021-03-19,0.0020717347
2021-03-22,0.0053046976
2021-03-23,-0.0114646701
2021-03-24,-0.0095458173
2021-03-25,0.0066808482
2021-03-26,0.0159722778
2021-03-29,-0.0047291909
2021-03-30,-0.0003210909
2021-03-31,0.0067014194
2021-04-01,0.0139784429
2021-04-05,0.0139396937
2021-04-06,-0.0000158730
2021-04-07,-0.0012670403
2021-04-08,0.0073260801
2021-04-09,0.0079927375
2021-04-12,-0.0005284350
2021-04-13,0.0054371270
2021-04-14,-0.0045378730
2021-04-15,0.0140821270
2021-04-16,0.0035751270
2021-04-19,-0.0095918730
2021-04-20,-0.0123848730
2021-04-21,0.0146141270
2021-04-22,-0.0103898730
2021-04-23,0.0167421270
2021-04-26,0.0052996446
2021-04-27,-0.0004148730
2021-04-28,-0.0009468730
2021-04-29,0.0053041270
2021-04-30,-0.0109218730
2021-05-03,0.0023781270
2021-05-04,-0.0118528730
2021-05-05,-0.0006808730
2021-05-06,0.0065011270
2021-05-07,0.0111561270
2021-05-10,-0.0179708730
2021-05-11,-0.0083948730
2021-05-12,-0.0311378730
2021-05-13,0.0117322165
2021-05-14,0.0196714866
2021-05-17,-0.0024142430
2021-05-18,-0.0073296499
2021-05-19,-0.0036686280
2021-05-20,0.0127806321
2021-05-21,-0.0004570546
2021-05-24,0.0114279952
2021-05-25,-0.0034947366
2021-05-26,0.0055307142
2021-05-27,0.0033696174
2021-05-28,0.0005090650
2021-06-01,0.0003831270
2021-06-02,0.0014471270
2021-06-03,-0.0070648730
2021-06-04,0.0119541270
2021-06-07,0.0018461270
2021-06-08,0.0023781270
2021-06-09,-0.0038728730
2021-06-10,0.0054371270
2021-06-11,0.0049051270
2021-06-14,0.0019791270
2021-06-15,-0.0040058730
2021-06-16,-0.0061338730
2021-06-17,0.0001171270
2021-06-18,-0.0163748730
2021-06-21,0.0180721270
2021-06-22,0.0076981270
2021-06-23,-0.0000158730
2021-06-24,0.0091611270
2021-06-25,0.0041071270
2021-06-28,0.0027771270
2021-06-29,0.0001171270
2021-06-30,0.0009151270
2021-07-01,0.0058361270
2021-07-02,0.0074321270
2021-07-06,-0.0036068730
2021-07-07,0.0013141270
2021-07-08,-0.0114538730
2021-07-09,0.0167421270
2021-07-12,0.0030431270
2021-07-13,-0.0073308730
2021-07-14,-0.0033408730
2021-07-15,-0.0050698730
2021-07-16,-0.0101238730
2021-07-19,-0.0189018730
2021-07-20,0.0225941270
2021-07-21,0.0123474576
2021-07-22,0.0012792510
2021-07-23,0.0131511270
2021-07-26,0.0023781270
2021-07-27,-0.0086608730
2021-07-28,0.0035751270
2021-07-29,0.0054371270
2021-07-30,-0.0086608730
2021-08-02,-0.0016118730
2021-08-03,0.0096931270
2021-08-04,-0.0052028730
2021-08-05,0.0098261270
2021-08-06,0.0011811270
2021-08-09,-0.0000158730
2021-08-10,0.0007821270
2021-08-11,0.0026441270
2021-08-12,0.0031761270
2021-08-13,0.0002501270
2021-08-16,-0.0004148730
2021-08-17,-0.0105228730
2021-08-18,-0.0127838730
2021-08-19,-0.0017448730
2021-08-20,0.0122201270
2021-08-23,0.0142151270
2021-08-24,0.0053041270
2021-08-25,0.0035751270
2021-08-26,-0.0086608730
2021-08-27,0.0142151270
2021-08-30,0.0046391270
2021-08-31,-0.0017448730
2021-09-01,0.0014471270
2021-09-02,0.0046391270
2021-09-03,-0.0002818730
2021-09-07,-0.0048038730
2021-09-08,-0.0044048730
2021-09-09,-0.0037398730
2021-09-10,-0.0101238730
2021-09-13,0.0018461270
2021-09-14,-0.0087938730
2021-09-15,0.0116881270
2021-09-16,-0.0006808730
2021-09-17,-0.0098578730
2021-09-20,-0.0247538730
2021-09-21,0.0003831270
2021-09-22,0.0132841270
2021-09-23,0.0170081270
2021-09-24,0.0011811270
2021-09-27,-0.0014788730
2021-09-28,-0.0288768730
2021-09-29,0.0004492927
2021-09-30,-0.0125426661
2021-10-01,0.0137090718
2021-10-04,-0.0166552568
2021-10-05,0.0120160388
2021-10-06,0.0037454888
2021-10-07,0.0115901132
2021-10-08,-0.0030986271
2021-10-11,-0.0085976342
2021-10-12,-0.0008679522
2021-10-13,0.0054708305
2021-10-14,0.0217355971
2021-10-15,0.0075817655
2021-10-18,0.0048964243
2021-10-19,0.0089706207
2021-10-20,0.0044912614
2021-10-21,0.0047721270
2021-10-22,-0.0033408730
2021-10-25,0.0074321270
2021-10-26,0.0006491270
2021-10-27,-0.0101238730
2021-10-28,0.0147471270
2021-10-29,0.0027771270
2021-11-01,0.0066341270
2021-11-02,0.0033091270
2021-11-03,0.0104911270
2021-11-04,0.0051711270
2021-11-05,0.0049051270
2021-11-08,0.0021121270
2021-11-09,-0.0045378730
2021-11-10,-0.0138478730
2021-11-11,0.0022451270
2021-11-12,0.0098261270
2021-11-15,-0.0008138730
2021-11-16,0.0058361270
2021-11-17,-0.0054688730
2021-11-18,0.0018461270
2021-11-19,-0.0033408730
2021-11-22,-0.0075968730
2021-11-23,-0.0002818730
2021-11-24,0.0039741270
2021-11-26,-0.0296748730
2021-11-29,0.0146141270
2021-11-30,-0.0254084181
2021-12-01,-0.0180209752
2021-12-02,0.0167194541
2021-12-03,-0.0118671574
2021-12-06,0.0121672720
2021-12-07,0.0219253398
2021-12-08,0.0040259857
2021-12-09,-0.0095577555
2021-12-10,0.0065477057
2021-12-13,-0.0099464253
2021-12-14,-0.0073260858
2021-12-15,0.0160279434
2021-12-16,-0.0112542296
2021-12-17,-0.0062397514
2021-12-20,-0.0123234180
2021-12-21,0.0201631549
2021-12-22,0.0085291918
2021-12-23,0.0064624978
2021-12-27,0.0114504163
2021-12-28,-0.0024668740
2021-12-29,0.0006702904
2021-12-30,-0.0017616878
2021-12-31,-0.0033369920
2022-01-03,0.0079984480
2022-01-04,-0.0031146599
2022-01-05,-0.0269602459
2022-01-06,-0.0000158730
2022-01-07,-0.0051060262
2022-01-10,-0.0015305105
2022-01-11,0.0122319167
2022-01-12,0.0014345115
2022-01-13,-0.0181265528
2022-01-14,0.0008642704
2022-01-18,-0.0237222281
2022-01-19,-0.0105552643
2022-01-20,-0.0122259360
2022-01-21,-0.0227061500
2022-01-24,0.0054109617
2022-01-25,-0.0145828289
2022-01-26,-0.0030345519
2022-01-27,-0.0082833111
2022-01-28,0.0279786841
2022-01-31,0.0202772008
2022-02-01,0.0067829002
2022-02-02,0.0040857912
2022-02-03,-0.0208129167
2022-02-04,0.0067620011
2022-02-07,-0.0018893024
2022-02-08,0.0083244376
2022-02-09,0.0133152020
2022-02-10,-0.0139315764
2022-02-11,-0.0152639132
2022-02-14,-0.0027264575
2022-02-15,0.0149928850
2022-02-16,-0.0001712366
2022-02-17,-0.0186631494
2022-02-18,-0.0065059360
2022-02-22,-0.0093016988
2022-02-23,-0.0159493036
2022-02-24,0.0150984684
2022-02-25,0.0168570164
2022-02-28,0.0001950796
2022-03-01,-0.0114394681
2022-03-02,0.0134603719
2022-03-03,-0.0062165773
2022-03-04,-0.0081424132
2022-03-07,-0.0240675081
2022-03-08,-0.0036474305
2022-03-09,0.0200208377
2022-03-10,-0.0030169818
2022-03-11,-0.0099077039
2022-03-14,-0.0071127587
2022-03-15,0.0152244292
2022-03-16,0.0174054783
2022-03-17,0.0089315041
2022-03-18,0.0084963451
2022-03-21,-0.0011450742
2022-03-22,0.0090003441
2022-03-23,-0.0089446639
2022-03-24,0.0101345903
2022-03-25,0.0020292386
2022-03-28,0.0055729304
2022-03-29,0.0114216669
2022-03-30,-0.0067178477
2022-03-31,-0.0127136236
2022-04-01,0.0030935900
2022-04-04,0.0077485083
2022-04-05,-0.0132267912
2022-04-06,-0.0102934500
2022-04-07,0.0028374932
2022-04-08,-0.0033476648
2022-04-11,-0.0141098838
2022-04-12,-0.0026220851
2022-04-13,0.0130723737
2022-04-14,-0.0117593299
2022-04-18,-0.0017619433
2022-04-19,0.0169375053
2022-04-20,-0.0024586914
2022-04-21,-0.0163810820
2022-04-22,-0.0248826174
2022-04-25,0.0056177178
2022-04-26,-0.0245610666
2022-04-27,0.0009455302
2022-04-28,0.0188109555
2022-04-29,-0.0244172096
2022-05-02,-0.0000158730
2022-05-03,-0.0000158730
2022-05-04,-0.0000158730
2022-05-05,-0.0000158730
2022-05-06,-0.0000158730
2022-05-09,-0.0000158730
2022-05-10,-0.0000158730
2022-05-11,-0.0000158730
2022-05-12,-0.0000158730
2022-05-13,-0.0000158730
2022-05-16,-0.0000158730
2022-05-17,-0.0000158730
2022-05-18,-0.0000158730
2022-05-19,-0.0000158730
2022-05-20,-0.0000158730
2022-05-23,-0.0000158730
2022-05-24,-0.0000158730
2022-05-25,-0.0000158730
2022-05-26,-0.0000158730
2022-05-27,-0.0000158730
2022-05-31,-0.0000158730
2022-06-01,-0.0000158730
2022-06-02,-0.0000158730
2022-06-03,-0.0000158730
2022-06-06,-0.0000158730
2022-06-07,-0.0000158730
2022-06-08,-0.0000158730
2022-06-09,-0.0000158730
2022-06-10,-0.0000158730
2022-06-13,-0.0000158730
2022-06-14,-0.0000158730
2022-06-15,-0.0000158730
2022-06-16,-0.0000158730
2022-06-17,-0.0000158730
2022-06-21,-0.0000158730
2022-06-22,-0.0000158730
2022-06-23,-0.0000158730
2022-06-24,-0.0000158730
2022-06-27,-0.0000158730
2022-06-28,-0.0000158730
2022-06-29,-0.0000158730
2022-06-30,-0.0000158730
2022-07-01,-0.0000158730
2022-07-05,-0.0000158730
2022-07-06,-0.0000158730
2022-07-07,-0.0000158730
2022-07-08,-0.0000158730
2022-07-11,-0.0000158730
2022-07-12,-0.0000158730
2022-07-13,-0.0000158730
2022-07-14,-0.0000158730
2022-07-15,-0.0000158730
2022-07-18,-0.0000158730
2022-07-19,-0.0000158730
2022-07-20,-0.0000158730
2022-07-21,-0.0000158730
2022-07-22,-0.0000158730
2022-07-25,-0.0000158730
2022-07-26,-0.0000158730
2022-07-27,-0.0000158730
2022-07-28,-0.0000158730
2022-07-29,-0.0000158730
2022-08-01,-0.0000158730
2022-08-02,-0.0000158730
2022-08-03,-0.0000158730
2022-08-04,-0.0000158730
2022-08-05,-0.0000158730
2022-08-08,-0.0000158730
2022-08-09,-0.0000158730
2022-08-10,-0.0000158730
2022-08-11,-0.0000158730
2022-08-12,-0.0000158730
2022-08-15,-0.0000158730
2022-08-16,-0.0000158730
2022-08-17,-0.0000158730
2022-08-18,-0.0000158730
2022-08-19,-0.0000158730
2022-08-22,-0.0000158730
2022-08-23,-0.0000158730
2022-08-24,-0.0000158730
2022-08-25,-0.0000158730
2022-08-26,-0.0000158730
2022-08-29,-0.0000158730
2022-08-30,-0.0000158730
2022-08-31,-0.0000158730
2022-09-01,-0.0000158730
2022-09-02,-0.0000158730
2022-09-06,-0.0000158730
2022-09-07,-0.0000158730
2022-09-08,-0.0000158730
2022-09-09,-0.0000158730
2022-09-12,-0.0000158730
2022-09-13,-0.0000158730
2022-09-14,-0.0000158730
2022-09-15,-0.0000158730
2022-09-16,-0.0000158730
2022-09-19,-0.0000158730
2022-09-20,-0.0000158730
2022-09-21,-0.0000158730
2022-09-22,-0.0000158730
2022-09-23,-0.0000158730
2022-09-26,-0.0000158730
2022-09-27,-0.0000158730
2022-09-28,-0.0000158730
2022-09-29,-0.0000158730
2022-09-30,-0.0000158730
2022-10-03,-0.0000158730
2022-10-04,-0.0000158730
2022-10-05,-0.0000158730
2022-10-06,-0.0000158730
2022-10-07,-0.0000158730
2022-10-10,-0.0000158730
2022-10-11,-0.0000158730
2022-10-12,-0.0000158730
2022-10-13,-0.0000158730
2022-10-14,-0.0000158730
2022-10-17,-0.0000158730
2022-10-18,-0.0000158730
2022-10-19,-0.0000158730
2022-10-20,-0.0000158730
2022-10-21,-0.0000158730
2022-10-24,-0.0000158730
2022-10-25,-0.0000158730
2022-10-26,-0.0000158730
2022-10-27,-0.0000158730
2022-10-28,-0.0000158730
2022-10-31,-0.0000158730
2022-11-01,-0.0000158730
2022-11-02,-0.0000158730
2022-11-03,-0.0000158730
2022-11-04,-0.0000158730
2022-11-07,-0.0000158730
2022-11-08,-0.0000158730
2022-11-09,-0.0000158730
2022-11-10,-0.0000158730
2022-11-11,-0.0000158730
2022-11-14,-0.0000158730
2022-11-15,-0.0000158730
2022-11-16,-0.0000158730
2022-11-17,-0.0000158730
2022-11-18,-0.0000158730
2022-11-21,-0.0000158730
2022-11-22,-0.0000158730
2022-11-23,-0.0000158730
2022-11-25,-0.0000158730
2022-11-28,-0.0000158730
2022-11-29,-0.0000158730
2022-11-30,-0.0000158730
2022-12-01,-0.0000158730
2022-12-02,-0.0000158730
2022-12-05,-0.0000158730
2022-12-06,-0.0000158730
2022-12-07,-0.0000158730
2022-12-08,-0.0000158730
2022-12-09,-0.0000158730
2022-12-12,-0.0000158730
2022-12-13,-0.0000158730
2022-12-14,-0.0000158730
2022-12-15,-0.0000158730
2022-12-16,-0.0000158730
2022-12-19,-0.0000158730
2022-12-20,-0.0000158730
2022-12-21,-0.0000158730
2022-12-22,-0.0000158730
2022-12-23,-0.0000158730
2022-12-27,-0.0000158730
2022-12-28,-0.0000158730
2022-12-29,-0.0000158730
2022-12-30,-0.0000158730
2023-01-03,-0.0000158730
2023-01-04,-0.0000158730
2023-01-05,-0.0000158730
2023-01-06,-0.0000158730
2023-01-09,-0.0000158730
2023-01-10,-0.0000158730
2023-01-11,-0.0000158730
2023-01-12,-0.0000158730
2023-01-13,-0.0000158730
2023-01-17,-0.0000158730
2023-01-18,-0.0000158730
2023-01-19,-0.0000158730
2023-01-20,-0.0000158730
2023-01-23,-0.0000158730
2023-01-24,-0.0000158730
2023-01-25,-0.0000158730
2023-01-26,-0.0000158730
2023-01-27,-0.0000158730
2023-01-30,-0.0000158730
2023-01-31,-0.0000158730
2023-02-01,-0.0000158730
2023-02-02,-0.0000158730
2023-02-03,-0.0000158730
2023-02-06,-0.0000158730
2023-02-07,-0.0000158730
2023-02-08,-0.0000158730
2023-02-09,-0.0000158730
2023-02-10,-0.0000158730
2023-02-13,-0.0000158730
2023-02-14,-0.0000158730
2023-02-15,-0.0000158730
2023-02-16,-0.0000158730
2023-02-17,-0.0000158730
2023-02-21,-0.0000158730
2023-02-22,-0.0000158730
2023-02-23,-0.0000158730
2023-02-24,-0.0000158730
2023-02-27,-0.0000158730
2023-02-28,-0.0000158730
2023-03-01,-0.0000158730
2023-03-02,-0.0000158730
2023-03-03,-0.0000158730
2023-03-06,-0.0000158730
2023-03-07,-0.0000158730
2023-03-08,-0.0000158730
2023-03-09,-0.0000158730
2023-03-10,-0.0000158730
2023-03-13,-0.0000158730
2023-03-14,-0.0000158730
2023-03-15,-0.0000158730
2023-03-16,-0.0000158730
2023-03-17,-0.0000158730
2023-03-20,-0.0000158730
2023-03-21,-0.0000158730
2023-03-22,-0.0000158730
2023-03-23,-0.0000158730
2023-03-24,-0.0000158730
2023-03-27,-0.0000158730
2023-03-28,-0.0000158730
2023-03-29,-0.0000158730
2023-03-30,-0.0000158730
2023-03-31,-0.0000158730
2023-04-03,0.0028735455
2023-04-04,-0.0078042891
2023-04-05,-0.0042615165
2023-04-06,0.0038093536
2023-04-10,0.0023382547
2023-04-11,0.0007243589
2023-04-12,-0.0066079152
2023-04-13,0.0183368538
2023-04-14,-0.0029028133
2023-04-17,0.0042790603
2023-04-18,0.0005161270
2023-04-19,-0.0005478730
2023-04-20,-0.0081288730
2023-04-21,0.0010481270
2023-04-24,-0.0000158730
2023-04-25,-0.0234238730
2023-04-26,-0.0054688730
2023-04-27,0.0245891270
2023-04-28,0.0091061334
2023-05-01,-0.0002549042
2023-05-02,-0.0159096945
2023-05-03,-0.0067915152
2023-05-04,-0.0095844324
2023-05-05,0.0238840004
2023-05-08,0.0007399341
2023-05-09,-0.0048826468
2023-05-10,0.0050302702
2023-05-11,-0.0024548200
2023-05-12,-0.0028186506
2023-05-15,0.0061021270
2023-05-16,-0.0095918730
2023-05-17,0.0174071270
2023-05-18,0.0128593580
2023-05-19,-0.0033977145
2023-05-22,0.0022451270
2023-05-23,-0.0146458730
2023-05-24,-0.0095918730
2023-05-25,0.0086291270
2023-05-26,0.0175401270
2023-05-30,-0.0001457220
2023-05-31,-0.0079958730
2023-06-01,0.0135501270
2023-06-02,0.0215301270
2023-06-05,-0.0032732302
2023-06-06,0.0059257285
2023-06-07,-0.0048038730
2023-06-08,0.0078311270
2023-06-09,0.0003831270
2023-06-12,0.0124861270
2023-06-13,0.0098261270
2023-06-14,-0.0004148730
2023-06-15,0.0162101270
2023-06-16,-0.0060008730
2023-06-20,-0.0063998730
2023-06-21,-0.0074638730
2023-06-22,0.0042401270
2023-06-23,-0.0111878730
2023-06-26,-0.0063998730
2023-06-27,0.0160771270
2023-06-28,0.0003831270
2023-06-29,0.0058361270
2023-06-30,0.0151461270
2023-07-03,0.0019791270
2023-07-05,-0.0038728730
2023-07-06,-0.0125178730
2023-07-07,-0.0017448730
2023-07-10,0.0047721270
2023-07-11,0.0100921270
2023-07-12,0.0098261270
2023-07-13,0.0119541270
2023-07-14,-0.0033408730
2023-07-17,0.0063681270
2023-07-18,0.0103581270
2023-07-19,0.0033091270
2023-07-20,-0.0107888730
2023-07-21,-0.0006808730
2023-07-24,0.0041071270
2023-07-25,0.0033091270
2023-07-26,0.0001171270
2023-07-27,-0.0098578730
2023-07-28,0.0150131270
2023-07-31,0.0033091270
2023-08-01,-0.0045378730
2023-08-02,-0.0198328730
2023-08-03,-0.0025428730
2023-08-04,-0.0063998730
2023-08-07,0.0102251270
2023-08-08,-0.0062668730
2023-08-09,-0.0103898730
2023-08-10,0.0001171270
2023-08-11,-0.0014788730
2023-08-14,0.0067671270
2023-08-15,-0.0157098730
2023-08-16,-0.0107888730
2023-08-17,-0.0115868730
2023-08-18,0.0005161270
2023-08-21,0.0084961270
2023-08-22,-0.0042718730
2023-08-23,0.0143481270
2023-08-24,-0.0189018730
2023-08-25,0.0086291270
2023-08-28,0.0083631270
2023-08-29,0.0199341270
2023-08-30,0.0052899648
2023-08-31,-0.0010798730
2023-09-01,0.0034421270
2023-09-05,-0.0071978730
2023-09-06,-0.0094588730
2023-09-07,-0.0053358730
2023-09-08,0.0015801270
2023-09-11,0.0087621270
2023-09-12,-0.0078628730
2023-09-13,0.0003831270
2023-09-14,0.0110231270
2023-09-15,-0.0161088730
2023-09-18,-0.0005478730
2023-09-19,-0.0034738730
2023-09-20,-0.0126508730
2023-09-21,-0.0223598730
2023-09-22,-0.0033408730
2023-09-25,0.0051711270
2023-09-26,-0.0194338730
2023-09-27,0.0017131270
2023-09-28,0.0086291270
2023-09-29,-0.0036068730
2023-10-02,-0.0018778730
2023-10-03,-0.0198328730
2023-10-04,0.0102251270
2023-10-05,-0.0020108730
2023-10-06,0.0160771270
2023-10-09,0.0078271189
2023-10-10,0.0079641270
2023-10-11,0.0043731270
2023-10-12,-0.0107888730
2023-10-13,-0.0078628730
2023-10-16,0.0150131270
2023-10-17,0.0011811270
2023-10-18,-0.0194338730
2023-10-19,-0.0120768476
2023-10-20,-0.0174264343
2023-10-23,-0.0029580480
2023-10-24,0.0098261270
2023-10-25,-0.0207327027
2023-10-26,-0.0141399777
2023-10-27,-0.0065198975
2023-10-30,0.0150454182
2023-10-31,0.0075731805
2023-11-01,0.0112699308
2023-11-02,0.0231902777
2023-11-03,0.0115479586
2023-11-06,0.0000902209
2023-11-07,0.0038708147
2023-11-08,-0.0003646526
2023-11-09,-0.0108344978
2023-11-10,0.0179006611
2023-11-13,-0.0005888732
2023-11-14,0.0260888534
2023-11-15,0.0018827731
2023-11-16,-0.0012304299
2023-11-17,0.0028508978
2023-11-20,0.0087575714
2023-11-21,-0.0040089679
2023-11-22,0.0059844189
2023-11-24,0.0014471270
2023-11-27,-0.0030748730
2023-11-28,0.0006491270
2023-11-29,0.0001171270
2023-11-30,0.0046391270
2023-12-01,0.0107571270
2023-12-04,-0.0058678730
2023-12-05,-0.0028088730
2023-12-06,-0.0053358730
2023-12-07,0.0107571270
2023-12-08,0.0058361270
2023-12-11,0.0047721270
2023-12-12,0.0045061270
2023-12-13,0.0204661270
2023-12-14,0.0066341270
2023-12-15,-0.0008138730
2023-12-18,0.0055701270
2023-12-19,0.0095601270
2023-12-20,-0.0206308730
2023-12-21,0.0144811270
2023-12-22,0.0026441270
2023-12-26,0.0063681270
2023-12-27,0.0021121270
2023-12-28,-0.0001488730
2023-12-29,-0.0057348730
2024-01-02,-0.0093258730
2024-01-03,-0.0134488730
2024-01-04,-0.0044048730
2024-01-05,0.0019791270
2024-01-08,0.0198011270
2024-01-09,-0.0028088730
2024-01-10,0.0067671270
2024-01-11,-0.0018778730
2024-01-12,-0.0001488730
2024-01-16,-0.0062668730
2024-01-17,-0.0078628730
2024-01-18,0.0115551270
2024-01-19,0.0158111270
2024-01-22,0.0050381270
2024-01-23,0.0029101270
2024-01-24,-0.0001488730
2024-01-25,0.0061021270
2024-01-26,-0.0002818730
2024-01-29,0.0112891270
2024-01-30,-0.0016118730
2024-01-31,-0.0231578730
2024-02-01,0.0162101270
2024-02-02,0.0131511270
2024-02-05,-0.0056018730
2024-02-06,0.0035751270
2024-02-07,0.0102251270
2024-02-08,0.0027771270
2024-02-09,0.0086291270
2024-02-12,0.0005161270
2024-02-13,-0.0212958730
2024-02-14,0.0151461270
2024-02-15,0.0088076510
2024-02-16,-0.0070648730
2024-02-20,-0.0097248730
2024-02-21,-0.0002818730
2024-02-22,0.0268501270
2024-02-23,0.0002235071
2024-02-26,-0.0032698340
2024-02-27,0.0033511953
2024-02-28,-0.0034738730
2024-02-29,0.0070331270
2024-03-01,0.0100921270
2024-03-04,-0.0024098730
2024-03-05,-0.0142468730
2024-03-06,0.0070331270
2024-03-07,0.0135501270
2024-03-08,-0.0087938730
2024-03-11,-0.0026758730
2024-03-12,0.0138161270
2024-03-13,-0.0018778730
2024-03-14,-0.0056018730
2024-03-15,-0.0077298730
2024-03-18,0.0070331270
2024-03-19,0.0071661270
2024-03-20,0.0135501270
2024-03-21,0.0055701270
2024-03-22,-0.0030748730
2024-03-25,-0.0036068730
2024-03-26,-0.0034738730
2024-03-27,0.0116881270
2024-03-28,0.0014471270
2024-04-01,-0.0034738730
2024-04-02,-0.0113208730
2024-04-03,0.0022451270
2024-04-04,-0.0162418730
2024-04-05,0.0140821270
2024-04-08,0.0001171270
2024-04-09,0.0017131270
2024-04-10,-0.0133158730
2024-04-11,0.0096931270
2024-04-12,-0.0203648730
2024-04-15,-0.0171728730
2024-04-16,-0.0030741580
2024-04-17,-0.0085278730
2024-04-18,-0.0036068730
2024-04-19,-0.0109218730
2024-04-22,0.0115551270
2024-04-23,0.0168751270
2024-04-24,-0.0001475071
2024-04-25,-0.0062668730
2024-04-26,0.0136831270
2024-04-29,0.0043731270
2024-04-30,-0.0222268730
2024-05-01,-0.0033945343
2024-05-02,0.0132167062
2024-05-03,0.0149946154
2024-05-06,0.0132735367
2024-05-07,0.0005958751
2024-05-08,-0.0011692716
2024-05-09,0.0069001270
2024-05-10,0.0011811270
2024-05-13,-0.0005478730
2024-05-14,0.0074321270
2024-05-15,0.0152791270
2024-05-16,-0.0033408730
2024-05-17,0.0014471270
2024-05-20,0.0018461270
2024-05-21,0.0021121270
2024-05-22,-0.0046708730
2024-05-23,-0.0111878730
2024-05-24,0.0094271270
2024-05-28,-0.0005478730
2024-05-29,-0.0102568730
2024-05-30,-0.0070648730
2024-05-31,0.0090281270
2024-06-03,0.0006491270
2024-06-04,-0.0008138730
2024-06-05,0.0163431270
2024-06-06,-0.0008138730
2024-06-07,-0.0030748730
2024-06-10,0.0035751270
2024-06-11,0.0026441270
2024-06-12,0.0124861270
2024-06-13,0.0006491270
2024-06-14,-0.0021438730
2024-06-17,0.0103581270
2024-06-18,0.0026441270
2024-06-20,-0.0040058730
2024-06-21,-0.0017448730
2024-06-24,-0.0034738730
2024-06-25,0.0041071270
2024-06-26,0.0021121270
2024-06-27,0.0018461270
2024-06-28,-0.0046708730
2024-07-01,0.0030431270
2024-07-02,0.0075651270
2024-07-03,0.0063681270
2024-07-05,0.0063681270
2024-07-08,0.0013141270
2024-07-09,-0.0000158730
2024-07-10,0.0128851270
2024-07-11,-0.0079958730
2024-07-12,0.0076981270
2024-07-15,0.0050381270
2024-07-16,0.0108901270
2024-07-17,-0.0198328730
2024-07-18,-0.0126508730
2024-07-19,-0.0090598730
2024-07-22,0.0143481270
2024-07-23,-0.0009468730
2024-07-24,-0.0319358730
2024-07-25,-0.0034270687
2024-07-26,0.0130860030
2024-07-29,-0.0002465369
2024-07-30,-0.0059390150
2024-07-31,0.0190628745
2024-08-01,-0.0185670583
2024-08-02,-0.0226817573
2024-08-05,-0.0294307647
2024-08-06,0.0082848330
2024-08-07,-0.0068460693
2024-08-08,0.0204211788
2024-08-09,0.0032282093
2024-08-12,-0.0006437341
2024-08-13,0.0138869702
2024-08-14,0.0023853489
2024-08-15,0.0148121831
2024-08-16,0.0017876609
2024-08-19,0.0084056590
2024-08-20,-0.0027662833
2024-08-21,0.0046792482
2024-08-22,-0.0092587474
2024-08-23,0.0123956364
2024-08-26,-0.0033041401
2024-08-27,0.0004850663
2024-08-28,-0.0069416471
2024-08-29,0.0007329415
2024-08-30,0.0109726028
2024-09-03,-0.0256939523
2024-09-04,-0.0021126936
2024-09-05,-0.0031096260
2024-09-06,-0.0190104340
2024-09-09,0.0106901152
2024-09-10,0.0038699993
2024-09-11,0.0104796882
2024-09-12,0.0080864886
2024-09-13,0.0072575207
2024-09-16,0.0017028477
2024-09-17,0.0008849462
2024-09-18,-0.0029659373
2024-09-19,0.0217023763
2024-09-20,-0.0029471849
2024-09-23,0.0024349328
2024-09-24,0.0029201693
2024-09-25,-0.0037346275
2024-09-26,0.0056764499
2024-09-27,-0.0012128730
2024-09-30,0.0047721270
2024-10-01,-0.0129168730
2024-10-02,-0.0000158730
2024-10-03,-0.0030748730
2024-10-04,0.0136831270
2024-10-07,-0.0129168730
2024-10-08,0.0115551270
2024-10-09,0.0091611270
2024-10-10,-0.0026758730
2024-10-11,0.0099591270
2024-10-14,0.0092941270
2024-10-15,-0.0095918730
2024-10-16,0.0069001270
2024-10-17,-0.0006808730
2024-10-18,0.0047721270
2024-10-21,-0.0038728730
2024-10-22,-0.0014788730
2024-10-23,-0.0129168730
2024-10-24,0.0038411270
2024-10-25,-0.0010798730
2024-10-28,0.0050381270
2024-10-29,0.0019791270
2024-10-30,-0.0042718730
2024-10-31,-0.0239558730
2024-11-01,0.0062351270
2024-11-04,-0.0036068730
2024-11-05,0.0172741270
2024-11-06,0.0386871270
2024-11-07,0.0066111269
2024-11-08,0.0044878049
2024-11-11,0.0034958830
2024-11-12,-0.0043872205
2024-11-13,-0.0014285176
2024-11-14,-0.0087108123
2024-11-15,-0.0169250639
2024-11-18,0.0046831590
2024-11-19,0.0058261623
2024-11-20,0.0004789879
2024-11-21,0.0084125609
2024-11-22,0.0070331270
2024-11-25,0.0054371270
2024-11-26,0.0055701270
2024-11-27,-0.0052028730
2024-11-29,0.0071661270
2024-12-02,0.0030431270
2024-12-03,0.0005161270
2024-12-04,0.0092941270
2024-12-05,-0.0037398730
2024-12-06,0.0046391270
2024-12-09,-0.0097248730
2024-12-10,-0.0048038730
2024-12-11,0.0115551270
2024-12-12,-0.0082618730
2024-12-13,-0.0006808730
2024-12-16,0.0061021270
2024-12-17,-0.0065328730
2024-12-18,-0.0421768730
2024-12-19,-0.0012515136
2024-12-20,0.0115262335
2024-12-23,0.0064316454
2024-12-24,0.0120263030
2024-12-26,0.0000917984
2024-12-27,-0.0132200529
2024-12-30,-0.0121017880
2024-12-31,-0.0051252233
2025-01-02,-0.0018709733
2025-01-03,0.0162697157
2025-01-06,0.0062537481
2025-01-07,-0.0138876645
2025-01-08,0.0011365983
2025-01-10,-0.0187060754
2025-01-13,0.0013518869
2025-01-14,0.0020047222
2025-01-15,0.0236306213
2025-01-16,-0.0020465489
2025-01-17,0.0107163111
2025-01-21,0.0108039068
2025-01-22,0.0061570327
2025-01-23,0.0057007104
2025-01-24,-0.0033742004
2025-01-27,-0.0191661972
2025-01-28,0.0106874554
2025-01-29,-0.0049519186
2025-01-30,0.0070271657
2025-01-31,-0.0066694826
2025-02-03,-0.0105563244
2025-02-04,0.0099081713
2025-02-05,0.0050628472
2025-02-06,0.0038411270
2025-02-07,-0.0130498730
2025-02-10,0.0087621270
2025-02-11,-0.0018778730
2025-02-12,-0.0041388730
2025-02-13,0.0146141270
2025-02-14,0.0002501270
2025-02-18,0.0033091270
2025-02-19,0.0011811270
2025-02-20,-0.0081288730
2025-02-21,-0.0252858730
2025-02-24,-0.0074803139
2025-02-25,-0.0077298730
2025-02-26,0.0002501270
2025-02-27,-0.0219608730
2025-02-28,0.0211311270
2025-03-03,-0.0220891223
2025-03-04,-0.0134230515
2025-03-05,0.0123636613
2025-03-06,-0.0196201484
2025-03-07,0.0045562662
2025-03-10,-0.0288388326
2025-03-11,-0.0054198921
2025-03-12,0.0045692484
2025-03-13,-0.0136042906
2025-03-14,0.0204750558
2025-03-17,0.0057396737
2025-03-18,-0.0092610221
2025-03-19,0.0100731874
2025-03-20,-0.0020190091
2025-03-21,0.0006839454
2025-03-24,0.0176512574
2025-03-25,0.0010091034
2025-03-26,-0.0109374341
2025-03-27,-0.0037846618
2025-03-28,-0.0194159164
2025-03-31,0.0034141866
2025-04-01,0.0036265896
2025-04-02,0.0076288708
2025-04-03,-0.0492881429
2025-04-04,-0.0362634716
2025-04-07,-0.0011222735
2025-04-08,-0.0083935035
2025-04-09,0.0504941850
2025-04-10,-0.0108441873
2025-04-11,0.0054121686
2025-04-14,0.0025001996
2025-04-15,-0.0004817333
2025-04-16,-0.0077594756
2025-04-17,0.0007731938
2025-04-21,-0.0090288739
2025-04-22,0.0098332233
2025-04-23,0.0067305335
2025-04-24,0.0084696746
2025-04-25,0.0025793426
2025-04-28,0.0003238080
2025-04-29,0.0025651935
2025-04-30,0.0001239515
2025-05-01,0.0028654915
2025-05-02,0.0079619690
2025-05-05,-0.0035002886
2025-05-06,-0.0044499593
2025-05-07,0.0022499245
2025-05-08,0.0043759536
2025-05-09,-0.0005738248
2025-05-12,0.0217823037
2025-05-13,0.0047017340
2025-05-14,0.0004844189
2025-05-15,0.0019449438
2025-05-16,0.0050511444
2025-05-19,0.0000558213
2025-05-20,-0.0027841004
2025-05-21,-0.0133993713
2025-05-22,-0.0000901168
2025-05-23,-0.0052260233
2025-05-27,0.0166018455
2025-05-28,-0.0048154796
2025-05-29,0.0026166699
2025-05-30,-0.0001830472
2025-06-02,0.0033093717
2025-06-03,0.0060318462
2025-06-04,-0.0002067690
2025-06-05,-0.0051067543
2025-06-06,0.0109696789
2025-06-09,0.0011316381
2025-06-10,0.0054481980
2025-06-11,-0.0036696614
2025-06-12,0.0035204019
2025-06-13,-0.0142182088
2025-06-16,0.0114212559
2025-06-17,-0.0104840221
2025-06-18,0.0003387373
2025-06-20,-0.0027415780
2025-06-23,0.0120070302
2025-06-24,0.0151240344
2025-06-25,-0.0009072511
2025-06-26,0.0116737777
2025-06-27,0.0061021270
2025-06-30,0.0065011270
2025-07-01,-0.0013458730
2025-07-02,0.0074321270
2025-07-03,0.0116881270
2025-07-07,-0.0111878730
2025-07-08,-0.0010798730
2025-07-09,0.0083631270
2025-07-10,0.0033091270
2025-07-11,-0.0058678730
2025-07-14,0.0027771270
2025-07-15,-0.0069318730
2025-07-16,0.0050381270
2025-07-17,0.0078311270
2025-07-18,-0.0002818730
2025-07-21,0.0006491270
2025-07-22,0.0010481270
2025-07-23,0.0102251270
2025-07-24,-0.0004148730
2025-07-25,0.0053041270
2025-07-28,0.0005161270
2025-07-29,-0.0049368730
2025-07-30,-0.0014788730
2025-07-31,-0.0045378730
2025-08-01,-0.0231578730
2025-08-04,0.0203331270
2025-08-05,-0.0056018730
2025-08-06,0.0094271270
2025-08-07,-0.0018778730
2025-08-08,0.0091611270
2025-08-11,-0.0032078730
2025-08-12,0.0166091270
2025-08-13,0.0051711270
2025-08-14,-0.0012128730
2025-08-15,-0.0037398730
2025-08-18,0.0003831270
2025-08-19,-0.0093258730
2025-08-20,-0.0037398730
2025-08-21,-0.0050698730
2025-08-22,0.0225941270
2025-08-25,-0.0063998730
2025-08-26,0.0057031270
2025-08-27,0.0031761270
2025-08-28,0.0046391270
2025-08-29,-0.0090598730
2025-09-02,-0.0081288730
2025-09-03,0.0058361270
2025-09-04,0.0115551270
2025-09-05,-0.0029418730
2025-09-08,0.0034421270
2025-09-09,0.0027771270
2025-09-10,0.0047721270
2025-09-11,0.0115551270
2025-09-12,-0.0021438730
2025-09-15,0.0067671270
2025-09-16,-0.0012128730
2025-09-17,-0.0013458730
2025-09-18,0.0080971270
2025-09-19,0.0050381270
2025-09-22,0.0057031270
2025-09-23,-0.0081288730
2025-09-24,-0.0045378730
2025-09-25,-0.0077298730
2025-09-26,0.0079641270
2025-09-29,0.0033091270
2025-09-30,0.0038411270
2025-10-01,0.0045061270
2025-10-02,0.0013141270
2025-10-03,0.0003831270
2025-10-06,0.0051711270
2025-10-07,-0.0067988730
2025-10-08,0.0087621270
2025-10-09,-0.0038728730
2025-10-10,-0.0369898730
2025-10-13,0.0195610240
2025-10-14,-0.0006656302
2025-10-15,0.0047509137
2025-10-16,-0.0086299974
2025-10-17,0.0045491766
2025-10-20,0.0137147238
2025-10-21,-0.0001386320
2025-10-22,-0.0086310956
2025-10-23,0.0085807131
2025-10-24,0.0104911270
2025-10-27,0.0156781270
2025-10-28,0.0023731048
2025-10-29,-0.0012128730
2025-10-30,-0.0146458730
2025-10-31,0.0053041270
2025-11-03,0.0015801270
2025-11-04,-0.0167738730
2025-11-05,0.0055701270
2025-11-06,-0.0161088730
2025-11-07,0.0017131270
2025-11-10,0.0200671270
2025-11-11,0.0022418543
2025-11-12,0.0003783394
2025-11-13,-0.0238228730
2025-11-14,-0.0006078309
2025-11-17,-0.0127975735
2025-11-18,-0.0094383612
2025-11-19,0.0043186915
2025-11-20,-0.0207434317
2025-11-21,0.0126556330
2025-11-24,0.0189732906
2025-11-25,0.0111561017
2025-11-26,0.0074132582
2025-11-28,0.0059850155
2025-12-01,-0.0061446828
2025-12-02,0.0024705965
2025-12-03,0.0054422891
2025-12-04,0.0017940261
2025-12-05,0.0023781270
2025-12-08,-0.0049368730
2025-12-09,-0.0009468730
2025-12-10,0.0090281270
2025-12-11,0.0029101270
2025-12-12,-0.0147788730
2025-12-15,-0.0034738730
2025-12-16,-0.0033408730
2025-12-17,-0.0154438730
2025-12-18,0.0106241270
2025-12-19,0.0119541270
2025-12-22,0.0091611270
2025-12-23,0.0042401270
2025-12-24,0.0038411270
2025-12-26,-0.0008138730
2025-12-29,-0.0054688730
2025-12-30,-0.0026758730
2025-12-31,-0.0101238730
2026-01-02,0.0033091270
2026-01-05,0.0099591270
2026-01-06,0.0083631270
2026-01-07,-0.0041388730
2026-01-08,0.0003831270
2026-01-09,0.0088951270
2026-01-12,0.0023781270
2026-01-13,-0.0028088730
2026-01-14,-0.0067988730
2026-01-15,0.0034421270
2026-01-16,-0.0016118730
2026-01-20,-0.0272808730
2026-01-21,0.0158111270
2026-01-22,0.0079641270
2026-01-23,-0.0017448730
2026-01-26,0.0053041270
2026-01-27,0.0045061270
2026-01-28,-0.0013458730
2026-01-29,-0.0034738730
2026-01-30,-0.0073308730
2026-02-02,0.0071661270
2026-02-03,-0.0102568730
2026-02-04,-0.0074638730
2026-02-05,-0.0177048730
2026-02-06,0.0277811270
2026-02-09,0.0061169489
2026-02-10,-0.0044097511
2026-02-11,-0.0015366109
2026-02-12,-0.0220414892
2026-02-13,0.0017741228
2026-02-17,0.0001086628
2026-02-18,0.0078096671
2026-02-19,-0.0032001660
2026-02-20,0.0076981270
2026-02-23,-0.0157098730
2026-02-24,0.0108901270
2026-02-25,0.0104911270
2026-02-26,-0.0062668730
2026-02-27,-0.0069318730
2026-03-02,0.0017131270
2026-03-03,-0.0130498730
2026-03-04,0.0108901270
2026-03-05,-0.0086608730
2026-03-06,-0.0181038730
2026-03-09,0.0110231270
2026-03-10,-0.0033408730
2026-03-11,-0.0009468730
2026-03-12,-0.0214288730
2026-03-13,-0.0079696888
2026-03-16,0.0130181270
2026-03-17,0.0036447334
2026-03-18,-0.0186358730
2026-03-19,-0.0033598977
2026-03-20,-0.0208968730
2026-03-23,0.0158907153
2026-03-24,-0.0045632794
2026-03-25,0.0076731176
2026-03-26,-0.0213002510
2026-03-27,-0.0198986476
2026-03-30,-0.0048317335
2026-03-31,0.0341738611
2026-04-01,0.0056939295
2026-04-02,0.0007523892
2026-04-06,0.0038298750
2026-04-07,0.0002636327
2026-04-08,0.0241065008
2026-04-09,0.0045390874
2026-04-10,-0.0016336589
2026-04-13,0.0101954472
2026-04-14,0.0113981493
2026-04-15,0.0080183973
2026-04-16,0.0026366283
2026-04-17,0.0135523829
2026-04-20,-0.0016458780
2026-04-21,-0.0071830358
2026-04-22,0.0105977900
2026-04-23,-0.0063471114
2026-04-24,0.0080942899
2026-04-27,0.0011892457
2026-04-28,-0.0071950016
2026-04-29,-0.0016590944
2026-04-30,0.0148412209
2026-05-01,0.0039104357
2026-05-04,-0.0053358730
2026-05-05,0.0110231270
2026-05-06,0.0184711270
2026-05-07,-0.0054688730
2026-05-08,0.0100921270
2026-05-11,0.0009151270
2026-05-12,-0.0029418730
2026-05-13,0.0078311270
2026-05-14,0.0100921270
2026-05-15,-0.0175718730
2026-05-18,-0.0013458730
2026-05-19,-0.0094588730
2026-05-20,0.0155451270
2026-05-21,0.0015801270
2026-05-22,0.0058361270
2026-05-26,0.0086291270
2026-05-27,0.0002501270
2026-05-28,0.0088951270
2026-05-29,0.0025111270
